Order Date,Region,Category,Sub-Category,Sales,Profit
2014-01-03,Central,Office Supplies,Paper,16.448,5.5512
2014-01-04,Central,Office Supplies,Binders,3.54,-5.487
2014-01-04,Central,Office Supplies,Labels,11.784,4.2717
2014-01-04,Central,Office Supplies,Storage,272.736,-64.7748
2014-01-05,East,Office Supplies,Art,19.536,4.884
2014-01-06,South,Furniture,Chairs,2573.82,746.4078
2014-01-06,South,Office Supplies,Art,18.259999999999998,6.7194
2014-01-06,South,Office Supplies,Binders,609.98,274.491
2014-01-06,South,Office Supplies,Fasteners,31.12,0.3112
2014-01-06,South,Office Supplies,Paper,6.54,3.0084
2014-01-06,South,Technology,Phones,1147.94,317.7834
2014-01-06,West,Office Supplies,Paper,19.44,9.3312
2014-01-07,Central,Furniture,Furnishings,76.728,-53.7096
2014-01-07,Central,Office Supplies,Binders,10.43,-18.2525
2014-01-09,Central,Office Supplies,Art,9.344,1.168
2014-01-09,Central,Technology,Accessories,31.2,9.75
2014-01-10,South,Furniture,Furnishings,51.94,21.2954
2014-01-10,South,Office Supplies,Labels,2.89,1.3583
2014-01-11,East,Furniture,Furnishings,9.94,3.0814
2014-01-13,East,Office Supplies,Binders,3.438,-2.5212
2014-01-13,East,Office Supplies,Paper,37.408,13.0928
2014-01-13,South,Furniture,Chairs,545.94,87.3504
2014-01-13,South,Office Supplies,Binders,5.64,2.7072
2014-01-13,South,Office Supplies,Envelopes,62.3,30.809199999999997
2014-01-13,South,Office Supplies,Storage,572.58,34.3548
2014-01-13,South,Technology,Accessories,646.74,258.696
2014-01-13,West,Furniture,Bookcases,333.999,3.9294
2014-01-13,West,Office Supplies,Art,19.9,6.567
2014-01-13,West,Office Supplies,Storage,1325.85,238.653
2014-01-14,East,Furniture,Bookcases,61.96,-53.2856
2014-01-15,South,Technology,Accessories,149.95,65.978
2014-01-16,East,Furniture,Furnishings,127.104,28.5984
2014-01-16,East,Office Supplies,Binders,18.588,-13.6312
2014-01-16,East,Office Supplies,Labels,30.072,10.1493
2014-01-16,East,Technology,Phones,124.2,-31.05
2014-01-18,West,Office Supplies,Appliances,64.864,6.4864
2014-01-19,West,Furniture,Bookcases,181.47,-320.597
2014-01-19,West,Office Supplies,Binders,32.34,-23.716
2014-01-19,West,Office Supplies,Envelopes,108.72,36.693
2014-01-19,West,Office Supplies,Paper,56.064,19.6224
2014-01-20,Central,Furniture,Furnishings,287.67,34.884299999999996
2014-01-20,Central,Office Supplies,Appliances,247.716,93.5816
2014-01-20,Central,Office Supplies,Art,43.92,12.7368
2014-01-20,Central,Office Supplies,Binders,48.75,22.3185
2014-01-20,Central,Office Supplies,Storage,80.56,20.0334
2014-01-20,South,Furniture,Chairs,1067.94,224.2674
2014-01-20,South,Furniture,Furnishings,38.6,11.58
2014-01-20,South,Office Supplies,Art,29.59,8.448500000000001
2014-01-20,South,Office Supplies,Binders,67.194,-51.5154
2014-01-20,South,Office Supplies,Envelopes,23.34,10.9698
2014-01-20,South,Technology,Phones,699.93,181.9818
2014-01-20,West,Furniture,Furnishings,19.3,5.79
2014-01-20,West,Office Supplies,Paper,19.36,9.2928
2014-01-21,South,Furniture,Furnishings,25.248,4.1028
2014-01-23,Central,Office Supplies,Fasteners,5.94,0.0
2014-01-23,West,Office Supplies,Paper,40.08,19.2384
2014-01-26,Central,Furniture,Bookcases,141.96,39.7488
2014-01-26,Central,Office Supplies,Binders,10.68,5.0196
2014-01-26,South,Furniture,Furnishings,75.24,35.253
2014-01-26,South,Office Supplies,Paper,36.120000000000005,17.6712
2014-01-26,South,Office Supplies,Storage,489.92,0.0
2014-01-26,South,Technology,Phones,343.33,52.6344
2014-01-27,West,Furniture,Tables,333.0,-16.65
2014-01-27,West,Office Supplies,Art,36.44,12.0252
2014-01-27,West,Office Supplies,Storage,57.23,14.3075
2014-01-28,East,Office Supplies,Binders,3.928,1.3257
2014-01-30,Central,Office Supplies,Paper,10.56,4.752
2014-01-30,Central,Office Supplies,Storage,229.94,6.8982
2014-01-31,West,Furniture,Bookcases,290.666,3.4196
2014-02-01,Central,Technology,Accessories,468.9,206.316
2014-02-02,South,Office Supplies,Binders,18.336,-12.224
2014-02-02,South,Technology,Phones,180.96,13.572
2014-02-02,West,Office Supplies,Fasteners,12.35,5.8045
2014-02-03,West,Office Supplies,Binders,97.11200000000001,31.5614
2014-02-04,West,Office Supplies,Binders,100.144,35.0504
2014-02-04,West,Office Supplies,Paper,34.24,16.0928
2014-02-06,Central,Office Supplies,Binders,8.952,-14.7708
2014-02-06,South,Office Supplies,Labels,15.0,7.2
2014-02-06,South,Technology,Phones,306.56,84.0541
2014-02-07,East,Office Supplies,Storage,64.96,9.744
2014-02-07,East,Technology,Accessories,115.36,49.6048
2014-02-08,West,Furniture,Furnishings,14.56,5.5328
2014-02-11,Central,Furniture,Chairs,60.89,15.2225
2014-02-11,Central,Furniture,Furnishings,332.94,53.2704
2014-02-11,Central,Office Supplies,Binders,61.54,28.8274
2014-02-11,Central,Office Supplies,Labels,14.94,6.8724
2014-02-11,Central,Office Supplies,Storage,64.96,2.5984
2014-02-11,South,Furniture,Tables,1256.22,75.3732
2014-02-11,South,Office Supplies,Binders,17.46,8.2062
2014-02-11,South,Technology,Accessories,234.45,103.158
2014-02-12,West,Furniture,Chairs,129.568,-24.294
2014-02-14,Central,Office Supplies,Paper,16.176,6.066
2014-02-14,West,Office Supplies,Appliances,81.96,22.9488
2014-02-14,West,Office Supplies,Supplies,238.62,4.7724
2014-02-14,West,Technology,Accessories,239.97,86.3892
2014-02-15,West,Office Supplies,Binders,21.36,7.209
2014-02-16,Central,Office Supplies,Appliances,7.96,-13.93
2014-02-16,Central,Office Supplies,Binders,1.08,-1.728
2014-02-17,Central,Office Supplies,Art,54.208,8.8088
2014-02-18,Central,Furniture,Furnishings,25.16,-11.322
2014-02-18,Central,Office Supplies,Storage,12.624,-2.5248
2014-02-20,Central,Furniture,Furnishings,20.32,6.9088
2014-02-20,Central,Technology,Accessories,62.31,22.4316
2014-02-20,West,Office Supplies,Paper,12.96,6.2208
2014-02-21,Central,Office Supplies,Binders,8.85,-13.7175
2014-02-22,West,Office Supplies,Paper,19.44,9.3312
2014-02-23,Central,Office Supplies,Binders,4.428,-6.8634
2014-02-23,Central,Office Supplies,Labels,6.936,2.3409
2014-02-24,West,Office Supplies,Paper,55.672,18.789299999999997
2014-02-27,East,Office Supplies,Art,19.456,3.4048
2014-03-01,Central,Furniture,Chairs,996.366,-172.1172
2014-03-01,Central,Furniture,Furnishings,63.552,-34.9536
2014-03-01,Central,Furniture,Tables,376.509,-43.0296
2014-03-01,Central,Office Supplies,Fasteners,18.84,-3.5325
2014-03-01,Central,Office Supplies,Paper,17.472,5.6784
2014-03-01,Central,Office Supplies,Storage,266.904,-14.087100000000001
2014-03-01,East,Technology,Phones,5.94,1.6038
2014-03-01,West,Furniture,Chairs,457.568,51.4764
2014-03-02,East,Office Supplies,Envelopes,11.36,5.3392
2014-03-02,East,Office Supplies,Paper,39.824,18.542
2014-03-02,East,Technology,Accessories,151.2,32.13
2014-03-03,Central,Office Supplies,Appliances,176.772,-459.6072
2014-03-03,East,Furniture,Bookcases,302.45,-199.617
2014-03-03,East,Office Supplies,Binders,151.08,50.0505
2014-03-03,East,Office Supplies,Labels,15.12,4.914
2014-03-03,East,Office Supplies,Storage,44.672,-10.0512
2014-03-03,East,Technology,Phones,9.99,4.5954
2014-03-03,South,Office Supplies,Art,19.456,3.4048
2014-03-03,West,Furniture,Tables,626.352,-23.4882
2014-03-04,South,Office Supplies,Art,15.552,2.3328
2014-03-04,South,Office Supplies,Storage,354.9,17.745
2014-03-05,East,Office Supplies,Art,59.52,15.4752
2014-03-05,East,Office Supplies,Binders,49.632,16.7508
2014-03-05,East,Office Supplies,Paper,97.82,45.9754
2014-03-05,East,Office Supplies,Supplies,18.62,5.3998
2014-03-05,East,Technology,Accessories,479.97,177.5889
2014-03-07,West,Furniture,Chairs,966.9839999999999,81.49170000000001
2014-03-07,West,Office Supplies,Art,38.59,14.1634
2014-03-07,West,Office Supplies,Binders,107.648,33.64
2014-03-07,West,Office Supplies,Storage,447.84000000000003,4.8588
2014-03-10,Central,Office Supplies,Paper,22.38,10.7424
2014-03-10,West,Office Supplies,Art,83.168,9.3564
2014-03-10,West,Office Supplies,Storage,636.408,-15.9102
2014-03-11,East,Furniture,Furnishings,8.32,2.288
2014-03-11,East,Office Supplies,Fasteners,10.464,1.7004
2014-03-11,East,Office Supplies,Paper,108.92,49.014
2014-03-11,South,Office Supplies,Appliances,146.76,38.1576
2014-03-11,South,Office Supplies,Paper,14.94,7.0218
2014-03-11,South,Technology,Accessories,32.96,14.1728
2014-03-11,South,Technology,Phones,587.97,164.6316
2014-03-11,West,Office Supplies,Art,7.98,2.0748
2014-03-14,Central,Office Supplies,Paper,8.448,2.64
2014-03-14,Central,Technology,Machines,574.91,156.047
2014-03-14,South,Furniture,Chairs,1139.92,284.98
2014-03-14,South,Office Supplies,Paper,91.056,31.8696
2014-03-14,West,Office Supplies,Art,3.38,1.2506
2014-03-14,West,Office Supplies,Binders,95.136,31.3328
2014-03-14,West,Office Supplies,Paper,10.56,4.752
2014-03-14,West,Office Supplies,Storage,102.34,9.0064
2014-03-14,West,Technology,Accessories,82.8,6.624
2014-03-15,South,Furniture,Furnishings,45.696,5.1408
2014-03-15,South,Office Supplies,Binders,50.406000000000006,-37.205
2014-03-15,South,Office Supplies,Paper,131.904,47.8152
2014-03-15,South,Office Supplies,Storage,142.776,17.847
2014-03-16,South,Technology,Phones,471.92,29.495
2014-03-17,Central,Office Supplies,Appliances,93.78,36.5742
2014-03-17,Central,Office Supplies,Art,24.128,6.0408
2014-03-17,Central,Office Supplies,Binders,89.28,42.3204
2014-03-17,Central,Office Supplies,Paper,67.916,30.912399999999998
2014-03-17,East,Furniture,Tables,3265.23,-1124.0239
2014-03-17,East,Office Supplies,Paper,316.524,133.5066
2014-03-17,South,Office Supplies,Appliances,32.67,8.4942
2014-03-17,South,Office Supplies,Binders,41.870000000000005,20.2877
2014-03-17,South,Office Supplies,Paper,28.96,14.0304
2014-03-18,South,Furniture,Furnishings,153.12,23.3706
2014-03-18,South,Office Supplies,Art,8.016,1.002
2014-03-18,South,Office Supplies,Fasteners,18.936,5.9175
2014-03-18,South,Office Supplies,Paper,21.376,7.4816
2014-03-18,South,Technology,Machines,23459.78,-1827.5044
2014-03-18,West,Furniture,Bookcases,1198.33,70.49
2014-03-18,West,Furniture,Furnishings,111.0,14.43
2014-03-18,West,Office Supplies,Storage,1856.19,334.1142
2014-03-18,West,Technology,Machines,1279.968,415.9896
2014-03-19,South,Furniture,Furnishings,25.008,6.8772
2014-03-19,South,Office Supplies,Binders,33.57,-25.737
2014-03-19,South,Office Supplies,Labels,11.808,3.9852
2014-03-19,South,Office Supplies,Storage,26.16,1.962
2014-03-19,South,Technology,Accessories,170.24,53.2
2014-03-19,South,Technology,Phones,323.976,28.3479
2014-03-21,East,Office Supplies,Art,13.456,2.7914
2014-03-21,South,Furniture,Chairs,218.376,-10.9188
2014-03-21,South,Furniture,Furnishings,32.952,6.5904
2014-03-21,South,Office Supplies,Art,9.32,2.7028
2014-03-21,South,Office Supplies,Binders,122.94,59.0112
2014-03-21,South,Office Supplies,Labels,73.60000000000001,28.823999999999998
2014-03-21,South,Office Supplies,Paper,122.97,60.2553
2014-03-21,South,Office Supplies,Storage,16.272,-3.8646
2014-03-21,South,Technology,Phones,3499.93,909.9818
2014-03-22,Central,Office Supplies,Art,16.28,6.512
2014-03-22,South,Office Supplies,Binders,59.109,-45.3169
2014-03-22,West,Furniture,Chairs,314.352,-35.3646
2014-03-22,West,Office Supplies,Paper,74.352,23.235
2014-03-23,South,Office Supplies,Labels,9.912,3.2214
2014-03-23,West,Office Supplies,Storage,330.4,85.904
2014-03-23,West,Technology,Phones,604.752,37.797
2014-03-24,East,Office Supplies,Paper,24.9,11.703
2014-03-24,West,Furniture,Furnishings,40.48,14.5728
2014-03-25,East,Furniture,Chairs,366.786,65.2064
2014-03-25,West,Office Supplies,Art,46.879999999999995,15.544
2014-03-25,West,Technology,Accessories,45.48,15.918
2014-03-26,West,Office Supplies,Art,3.36,0.84
2014-03-26,West,Office Supplies,Binders,27.936,9.4284
2014-03-26,West,Office Supplies,Labels,18.75,9.0
2014-03-26,West,Technology,Accessories,66.3,8.619
2014-03-26,West,Technology,Phones,28.784,2.8784
2014-03-28,Central,Furniture,Tables,1184.72,106.6248
2014-03-28,Central,Office Supplies,Envelopes,6.12,2.8764
2014-03-28,East,Furniture,Tables,330.588,-143.2548
2014-03-28,West,Technology,Phones,302.376,22.6782
2014-03-29,Central,Furniture,Tables,890.841,-152.7156
2014-03-30,Central,Furniture,Chairs,127.302,-9.093
2014-03-30,Central,Office Supplies,Envelopes,335.72,113.3055
2014-03-30,Central,Office Supplies,Storage,129.3,6.465
2014-03-30,Central,Technology,Phones,251.944,88.1804
2014-03-30,East,Office Supplies,Art,60.15,23.793000000000003
2014-03-30,West,Furniture,Bookcases,205.666,-12.098
2014-03-30,West,Office Supplies,Labels,44.4,22.2
2014-03-30,West,Office Supplies,Storage,15.84,0.0
2014-03-31,Central,Office Supplies,Binders,8.134,-13.8278
2014-03-31,Central,Technology,Accessories,79.984,13.9972
2014-03-31,East,Office Supplies,Binders,0.852,-0.5964
2014-03-31,South,Furniture,Chairs,1125.488,98.4802
2014-03-31,South,Office Supplies,Art,4.032,1.0584
2014-03-31,South,Office Supplies,Binders,14.514,-11.424299999999999
2014-03-31,West,Office Supplies,Appliances,52.98,14.8344
2014-03-31,West,Office Supplies,Binders,673.568,252.588
2014-04-01,East,Office Supplies,Binders,6.24,3.0576
2014-04-01,East,Office Supplies,Storage,66.96,2.6784
2014-04-01,West,Office Supplies,Binders,17.088,5.5536
2014-04-01,West,Office Supplies,Labels,29.6,14.8
2014-04-02,Central,Office Supplies,Paper,60.208,19.817
2014-04-02,South,Furniture,Furnishings,177.68,46.1968
2014-04-02,South,Office Supplies,Appliances,154.9,40.274
2014-04-02,South,Office Supplies,Paper,15.84,7.128
2014-04-02,South,Technology,Phones,1049.93,293.9804
2014-04-03,West,Office Supplies,Envelopes,11.16,5.58
2014-04-03,West,Technology,Accessories,222.29,80.0244
2014-04-04,Central,Furniture,Furnishings,5.47,2.3521
2014-04-04,Central,Office Supplies,Art,79.36,23.808
2014-04-04,South,Office Supplies,Paper,32.400000000000006,15.6816
2014-04-04,South,Office Supplies,Storage,232.55,9.302
2014-04-04,South,Technology,Accessories,99.98,42.9914
2014-04-04,West,Office Supplies,Binders,7.184,2.245
2014-04-04,West,Office Supplies,Labels,18.9,9.072
2014-04-05,Central,Office Supplies,Art,40.59,12.0597
2014-04-05,Central,Office Supplies,Binders,40.2,18.09
2014-04-05,Central,Office Supplies,Storage,791.548,28.3242
2014-04-05,East,Office Supplies,Paper,55.48,26.6304
2014-04-05,South,Office Supplies,Art,45.92,14.2352
2014-04-05,South,Office Supplies,Binders,115.36,56.5264
2014-04-05,South,Office Supplies,Paper,12.96,6.3504
2014-04-05,South,Office Supplies,Supplies,4164.05,83.281
2014-04-05,South,Technology,Phones,28.99,8.4071
2014-04-06,East,Furniture,Tables,154.764,-36.1116
2014-04-06,East,Office Supplies,Binders,44.91,-35.928
2014-04-06,East,Office Supplies,Supplies,10.304,-2.1896
2014-04-06,East,Technology,Accessories,116.784,21.897
2014-04-06,West,Furniture,Furnishings,125.07,28.546100000000003
2014-04-06,West,Furniture,Tables,653.55,111.1035
2014-04-06,West,Office Supplies,Art,70.95,18.447
2014-04-06,West,Office Supplies,Binders,65.568,23.7684
2014-04-06,West,Office Supplies,Paper,74.92,35.961600000000004
2014-04-06,West,Technology,Accessories,333.87,134.02079999999998
2014-04-07,South,Furniture,Furnishings,8.96,2.7776
2014-04-07,South,Office Supplies,Paper,181.29,88.24889999999999
2014-04-07,South,Technology,Phones,830.9200000000001,214.0295
2014-04-08,East,Furniture,Tables,172.11,-94.6605
2014-04-08,South,Furniture,Tables,1215.92,316.1392
2014-04-08,West,Furniture,Tables,99.592,2.4898
2014-04-08,West,Office Supplies,Fasteners,52.160000000000004,-10.9968
2014-04-08,West,Office Supplies,Paper,19.008,6.8904
2014-04-08,West,Technology,Accessories,399.96,139.986
2014-04-11,Central,Technology,Phones,758.352,265.4232
2014-04-11,South,Office Supplies,Fasteners,6.912,2.3328
2014-04-11,South,Office Supplies,Paper,10.368,3.6288
2014-04-11,South,Technology,Accessories,719.9200000000001,123.58789999999999
2014-04-11,West,Office Supplies,Binders,9.584,3.3544
2014-04-11,West,Office Supplies,Storage,87.08,24.3824
2014-04-11,West,Technology,Accessories,217.44,91.3248
2014-04-11,West,Technology,Phones,105.584,9.2386
2014-04-12,Central,Office Supplies,Paper,32.4,15.552
2014-04-12,West,Furniture,Bookcases,308.499,-18.147
2014-04-12,West,Office Supplies,Art,39.68,16.2688
2014-04-12,West,Office Supplies,Binders,18.088,6.5569
2014-04-12,West,Technology,Phones,1513.456,132.4274
2014-04-13,East,Office Supplies,Art,17.856,1.116
2014-04-13,East,Office Supplies,Binders,509.97,-407.976
2014-04-13,East,Office Supplies,Fasteners,30.992,10.0724
2014-04-13,East,Office Supplies,Labels,7.83,3.6018
2014-04-13,East,Technology,Phones,71.928,8.3916
2014-04-15,West,Furniture,Furnishings,187.76,76.9816
2014-04-15,West,Office Supplies,Appliances,106.96,31.0184
2014-04-16,South,Office Supplies,Art,39.072,9.768
2014-04-18,Central,Furniture,Chairs,317.058,-18.1176
2014-04-18,Central,Office Supplies,Art,2.688,1.008
2014-04-18,Central,Office Supplies,Envelopes,149.352,50.4063
2014-04-18,Central,Technology,Accessories,227.976,28.497
2014-04-18,West,Office Supplies,Art,23.869999999999997,7.3523
2014-04-18,West,Office Supplies,Fasteners,11.62,3.6022
2014-04-18,West,Technology,Machines,287.968,97.1892
2014-04-19,South,Office Supplies,Binders,58.05,26.703
2014-04-19,South,Office Supplies,Paper,71.28,34.2144
2014-04-19,West,Furniture,Furnishings,76.14,26.649
2014-04-20,Central,Furniture,Tables,1145.69,-227.62099999999998
2014-04-20,Central,Office Supplies,Storage,44.84,5.605
2014-04-20,West,Furniture,Furnishings,59.92,27.5632
2014-04-21,South,Office Supplies,Storage,828.84,0.0
2014-04-21,West,Office Supplies,Binders,16.52,5.5755
2014-04-22,East,Office Supplies,Binders,9.912,3.3453
2014-04-22,East,Office Supplies,Envelopes,247.84,121.4416
2014-04-23,East,Furniture,Chairs,562.744,-24.1176
2014-04-23,East,Furniture,Furnishings,22.336,7.8176
2014-04-23,East,Office Supplies,Binders,9.99,-6.993
2014-04-23,West,Office Supplies,Paper,48.91,22.9877
2014-04-25,Central,Office Supplies,Art,6.24,0.546
2014-04-25,Central,Office Supplies,Paper,10.368,3.6288
2014-04-25,South,Technology,Phones,302.376,37.797
2014-04-25,West,Furniture,Chairs,1487.04,148.704
2014-04-25,West,Furniture,Furnishings,303.25,63.6825
2014-04-25,West,Office Supplies,Appliances,270.72,78.5088
2014-04-26,West,Furniture,Chairs,230.28,23.028
2014-04-26,West,Office Supplies,Art,21.4,6.206
2014-04-26,West,Office Supplies,Binders,18.288,5.715
2014-04-26,West,Office Supplies,Labels,12.6,5.796
2014-04-28,East,Office Supplies,Art,5.34,1.4952
2014-04-28,East,Office Supplies,Binders,20.86,9.387
2014-04-28,East,Office Supplies,Labels,10.062,4.0176
2014-04-28,East,Office Supplies,Storage,702.274,93.67760000000001
2014-04-28,East,Technology,Accessories,159.98,57.5928
2014-04-28,West,Technology,Phones,1679.96,125.997
2014-04-29,East,Furniture,Furnishings,17.46,5.9364
2014-04-29,East,Technology,Phones,19.98,5.1948
2014-04-29,South,Furniture,Chairs,613.544,83.18799999999999
2014-04-29,South,Office Supplies,Binders,17.94,8.6112
2014-04-29,South,Office Supplies,Storage,99.92,-1.249
2014-04-30,South,Office Supplies,Art,174.95,45.487
2014-04-30,South,Office Supplies,Storage,826.0,214.76
2014-04-30,South,Technology,Accessories,47.79,16.2486
2014-05-02,East,Office Supplies,Appliances,26.136,1.9602
2014-05-02,South,Technology,Copiers,479.984,89.997
2014-05-03,Central,Office Supplies,Labels,21.56,10.3488
2014-05-03,East,Office Supplies,Binders,51.072,18.5136
2014-05-04,Central,Office Supplies,Art,37.84,2.838
2014-05-04,Central,Office Supplies,Binders,46.8,21.06
2014-05-04,Central,Office Supplies,Fasteners,5.472,1.8468
2014-05-04,East,Furniture,Furnishings,27.46,9.8856
2014-05-04,West,Furniture,Furnishings,12.18,3.8976
2014-05-04,West,Office Supplies,Appliances,57.68,19.0344
2014-05-05,Central,Furniture,Chairs,127.869,-9.1335
2014-05-05,Central,Office Supplies,Storage,45.248,3.9592
2014-05-05,South,Office Supplies,Art,6.56,1.9024
2014-05-05,South,Office Supplies,Binders,11.88,5.346
2014-05-05,South,Office Supplies,Paper,69.41999999999999,32.43900000000001
2014-05-06,West,Office Supplies,Art,107.94,30.2232
2014-05-06,West,Office Supplies,Binders,140.736,52.776
2014-05-06,West,Office Supplies,Labels,5.78,2.7166
2014-05-07,East,Furniture,Chairs,872.32,244.2496
2014-05-07,East,Furniture,Tables,194.25,-38.85
2014-05-07,East,Office Supplies,Art,8.64,2.5056
2014-05-07,East,Office Supplies,Binders,16.14,7.9086
2014-05-08,East,Technology,Copiers,1799.97,239.996
2014-05-09,South,Office Supplies,Labels,30.099999999999998,14.035
2014-05-09,South,Office Supplies,Paper,45.36,21.7728
2014-05-09,South,Office Supplies,Storage,83.25,14.985
2014-05-09,West,Technology,Accessories,235.76999999999998,44.3808
2014-05-10,East,Furniture,Bookcases,349.965,-216.9783
2014-05-10,East,Office Supplies,Art,22.32,5.301
2014-05-10,West,Furniture,Chairs,256.784,32.098
2014-05-10,West,Office Supplies,Envelopes,158.13,77.4837
2014-05-10,West,Office Supplies,Paper,39.96,19.1808
2014-05-10,West,Office Supplies,Supplies,41.04,11.0808
2014-05-10,West,Technology,Phones,1475.6,129.66
2014-05-11,Central,Furniture,Chairs,1212.96,-69.312
2014-05-11,Central,Furniture,Furnishings,66.112,-84.2928
2014-05-11,Central,Office Supplies,Binders,104.58,-172.557
2014-05-11,Central,Office Supplies,Paper,17.472,5.6784
2014-05-11,Central,Technology,Accessories,104.976,14.8794
2014-05-11,Central,Technology,Phones,100.792,6.2995
2014-05-11,East,Office Supplies,Appliances,35.91,9.6957
2014-05-12,Central,Furniture,Furnishings,34.79,10.7849
2014-05-12,East,Furniture,Tables,700.056,-130.0104
2014-05-13,South,Office Supplies,Binders,398.352,-331.96
2014-05-13,South,Office Supplies,Fasteners,7.104,2.3976
2014-05-13,West,Furniture,Chairs,279.456,20.9592
2014-05-13,West,Office Supplies,Paper,8.0,3.84
2014-05-13,West,Office Supplies,Storage,55.5,9.99
2014-05-13,West,Technology,Accessories,149.97,52.4895
2014-05-14,South,Furniture,Furnishings,310.88,23.316
2014-05-16,West,Furniture,Chairs,232.88,17.466
2014-05-16,West,Technology,Accessories,56.4,3.384
2014-05-17,Central,Office Supplies,Binders,91.68,45.84
2014-05-18,Central,Office Supplies,Paper,3.984,1.4442
2014-05-18,East,Furniture,Furnishings,149.232,3.7308
2014-05-18,East,Office Supplies,Paper,15.936,5.7768
2014-05-18,East,Technology,Phones,779.796,-168.9558
2014-05-19,Central,Office Supplies,Binders,57.42,26.4132
2014-05-19,South,Office Supplies,Supplies,34.2,9.234
2014-05-20,Central,Furniture,Furnishings,10.332,-5.9409
2014-05-20,Central,Office Supplies,Paper,10.368,3.6288
2014-05-20,Central,Office Supplies,Storage,66.96,-13.392
2014-05-20,Central,Technology,Accessories,20.784,-3.6372
2014-05-20,East,Furniture,Furnishings,139.86,60.1398
2014-05-20,East,Office Supplies,Appliances,33.28,9.3184
2014-05-20,East,Office Supplies,Art,38.52,11.9412
2014-05-21,Central,Furniture,Chairs,107.772,-29.2524
2014-05-21,Central,Office Supplies,Binders,18.24,-31.008
2014-05-21,Central,Office Supplies,Envelopes,56.064,21.024
2014-05-21,Central,Office Supplies,Paper,4.832,1.6308
2014-05-21,East,Office Supplies,Appliances,245.88,68.8464
2014-05-21,East,Office Supplies,Binders,447.86,219.4514
2014-05-21,East,Office Supplies,Paper,17.94,8.7906
2014-05-21,South,Office Supplies,Binders,2715.93,1276.4871
2014-05-21,South,Technology,Phones,617.97,173.0316
2014-05-21,West,Office Supplies,Art,31.84,10.5072
2014-05-22,South,Technology,Phones,180.93,46.580999999999996
2014-05-23,East,Office Supplies,Appliances,208.16,56.2032
2014-05-23,East,Office Supplies,Art,21.168,2.3814
2014-05-23,East,Office Supplies,Binders,21.242,3.2114
2014-05-23,East,Office Supplies,Supplies,5.04,0.1512
2014-05-23,East,Technology,Phones,55.188,-10.1178
2014-05-23,West,Office Supplies,Paper,12.96,6.2208
2014-05-24,East,Office Supplies,Paper,116.28,56.9772
2014-05-25,Central,Furniture,Furnishings,29.32,-24.189
2014-05-25,Central,Office Supplies,Appliances,75.6,-166.32
2014-05-25,East,Office Supplies,Paper,14.62,6.7252
2014-05-26,Central,Furniture,Chairs,359.772,-5.1396
2014-05-26,Central,Office Supplies,Art,13.392,3.1806
2014-05-26,Central,Office Supplies,Storage,102.624,7.6968
2014-05-26,West,Furniture,Bookcases,290.666,27.3568
2014-05-26,West,Furniture,Chairs,225.296,22.5296
2014-05-26,West,Office Supplies,Paper,48.4,23.232
2014-05-26,West,Technology,Phones,285.568,51.6524
2014-05-27,Central,Office Supplies,Binders,17.46,-30.555
2014-05-27,West,Furniture,Tables,567.12,-28.356
2014-05-27,West,Office Supplies,Storage,359.32,7.1864
2014-05-27,West,Technology,Accessories,99.99,37.9962
2014-05-27,West,Technology,Phones,1113.504,125.2692
2014-05-28,West,Office Supplies,Binders,136.96,51.36
2014-05-28,West,Technology,Accessories,27.6,2.208
2014-05-28,West,Technology,Phones,57.408,5.7408
2014-05-30,Central,Furniture,Tables,355.455,-184.8366
2014-05-30,Central,Technology,Copiers,719.976,134.9955
2014-05-30,East,Office Supplies,Appliances,235.95,77.8635
2014-05-30,East,Office Supplies,Binders,95.952,35.3424
2014-05-30,East,Office Supplies,Paper,39.96,17.982
2014-05-30,East,Technology,Phones,464.0,134.56
2014-05-30,South,Office Supplies,Paper,13.62,6.129
2014-05-31,South,Technology,Phones,773.7,230.9727
2014-06-01,Central,Furniture,Chairs,2001.86,580.5394
2014-06-01,Central,Office Supplies,Appliances,1568.77,508.44849999999997
2014-06-01,Central,Office Supplies,Binders,138.56,66.5088
2014-06-01,Central,Office Supplies,Paper,73.80000000000001,36.3816
2014-06-01,Central,Office Supplies,Storage,166.72,41.68
2014-06-01,East,Office Supplies,Art,289.2,83.868
2014-06-01,East,Office Supplies,Binders,45.48,20.9208
2014-06-01,South,Furniture,Furnishings,22.2,9.102
2014-06-01,South,Technology,Phones,881.93,229.3018
2014-06-02,South,Office Supplies,Art,8.56,2.6536
2014-06-02,South,Office Supplies,Storage,356.94,107.082
2014-06-02,South,Technology,Phones,239.97,67.1916
2014-06-02,West,Furniture,Furnishings,73.32,21.996
2014-06-02,West,Office Supplies,Binders,59.808,19.4376
2014-06-03,Central,Furniture,Furnishings,61.544,-40.0036
2014-06-03,Central,Office Supplies,Envelopes,15.28,7.4872
2014-06-03,Central,Office Supplies,Labels,15.936,5.1792
2014-06-03,Central,Office Supplies,Storage,132.696,9.9522
2014-06-03,West,Furniture,Tables,515.88,113.4936
2014-06-04,East,Furniture,Bookcases,353.568,-44.196
2014-06-04,East,Furniture,Furnishings,70.92,27.776
2014-06-04,East,Office Supplies,Appliances,15.56,4.0456
2014-06-04,East,Office Supplies,Paper,16.224,5.8812
2014-06-06,Central,Office Supplies,Binders,24.588,-38.1114
2014-06-06,Central,Office Supplies,Envelopes,13.984,4.7196
2014-06-06,Central,Office Supplies,Labels,100.24,33.831
2014-06-06,East,Furniture,Tables,991.764,-347.1174
2014-06-06,East,Office Supplies,Art,13.36,4.9432
2014-06-06,East,Office Supplies,Binders,149.544,50.4711
2014-06-06,East,Office Supplies,Supplies,17.14,4.4564
2014-06-06,South,Office Supplies,Binders,1.365,-0.91
2014-06-06,South,Office Supplies,Paper,62.016,22.4808
2014-06-07,Central,Furniture,Tables,268.935,-209.7693
2014-06-07,Central,Office Supplies,Binders,12.462,-20.5623
2014-06-08,East,Office Supplies,Binders,68.48,25.68
2014-06-08,East,Office Supplies,Storage,1676.88,83.844
2014-06-08,South,Furniture,Chairs,170.352,10.647
2014-06-08,West,Furniture,Chairs,585.552,73.194
2014-06-09,Central,Office Supplies,Art,70.368,6.1572
2014-06-09,Central,Technology,Accessories,63.984,10.3974
2014-06-09,Central,Technology,Phones,7.992,0.5994
2014-06-09,South,Furniture,Tables,1441.3,245.021
2014-06-09,West,Furniture,Furnishings,86.25999999999999,28.3814
2014-06-09,West,Furniture,Tables,1706.184,85.3092
2014-06-09,West,Office Supplies,Appliances,114.9,34.47
2014-06-09,West,Office Supplies,Art,48.44,17.2872
2014-06-09,West,Office Supplies,Binders,18.504,5.7825
2014-06-09,West,Office Supplies,Paper,79.14,36.4044
2014-06-09,West,Office Supplies,Supplies,7.36,0.1472
2014-06-09,West,Technology,Phones,1818.576,159.072
2014-06-10,Central,Office Supplies,Labels,491.55,240.8595
2014-06-13,West,Office Supplies,Art,14.52,4.7916
2014-06-14,Central,Furniture,Bookcases,212.94,57.4938
2014-06-15,Central,Furniture,Chairs,797.944,-56.996
2014-06-15,Central,Furniture,Tables,99.918,-18.5562
2014-06-15,Central,Office Supplies,Binders,8.568,-14.5656
2014-06-15,Central,Office Supplies,Paper,36.544,11.8768
2014-06-16,Central,Furniture,Chairs,647.84,32.392
2014-06-16,East,Office Supplies,Art,35.0,10.5
2014-06-16,East,Office Supplies,Binders,39.552,14.3376
2014-06-16,East,Office Supplies,Envelopes,41.4,19.458
2014-06-17,Central,Office Supplies,Paper,62.016,22.4808
2014-06-17,East,Technology,Machines,65.97,31.0059
2014-06-17,West,Furniture,Furnishings,6.24,2.6208
2014-06-17,West,Office Supplies,Binders,3266.376,1061.5722
2014-06-17,West,Office Supplies,Fasteners,17.9,8.95
2014-06-18,West,Technology,Phones,139.8,12.2325
2014-06-20,Central,Furniture,Bookcases,193.0656,-19.8744
2014-06-20,Central,Office Supplies,Appliances,471.9,155.727
2014-06-20,Central,Office Supplies,Art,3.52,1.6896
2014-06-20,Central,Office Supplies,Binders,3.392,-5.088
2014-06-20,Central,Office Supplies,Paper,27.2,9.52
2014-06-20,Central,Office Supplies,Storage,509.488,-127.372
2014-06-20,Central,Technology,Machines,418.8,-97.72
2014-06-20,Central,Technology,Phones,201.584,20.1584
2014-06-21,East,Furniture,Furnishings,3.984,0.6474
2014-06-21,East,Office Supplies,Appliances,104.116,30.751399999999997
2014-06-21,East,Office Supplies,Art,25.159999999999997,7.2964
2014-06-21,East,Office Supplies,Binders,9.006,-7.2048
2014-06-21,East,Office Supplies,Envelopes,24.896,8.4024
2014-06-21,East,Office Supplies,Paper,19.65,9.039
2014-06-21,East,Technology,Accessories,95.968,28.7904
2014-06-21,East,Technology,Machines,206.991,-172.4925
2014-06-21,East,Technology,Phones,3155.75,870.1698
2014-06-21,South,Furniture,Furnishings,104.01,14.5614
2014-06-21,South,Office Supplies,Storage,36.84,10.3152
2014-06-21,South,Technology,Phones,284.82,74.0532
2014-06-21,West,Office Supplies,Binders,36.252,-24.9072
2014-06-22,Central,Office Supplies,Storage,663.75,9.7164
2014-06-22,East,Furniture,Chairs,1023.9879999999999,-4.8588
2014-06-22,East,Technology,Phones,82.782,-15.1767
2014-06-22,West,Office Supplies,Binders,8.226,-6.0324
2014-06-22,West,Technology,Accessories,196.752,56.5662
2014-06-23,East,Technology,Accessories,86.376,1.0797
2014-06-23,South,Office Supplies,Art,20.016,1.7514
2014-06-23,South,Office Supplies,Supplies,3.104,0.3492
2014-06-24,West,Furniture,Furnishings,4.272,0.9612
2014-06-25,West,Furniture,Tables,447.84,11.196
2014-06-25,West,Office Supplies,Art,80.96000000000001,18.7242
2014-06-25,West,Technology,Phones,263.96,19.797
2014-06-27,South,Furniture,Tables,85.98,22.3548
2014-06-27,South,Office Supplies,Storage,306.2,0.0
2014-06-27,South,Technology,Accessories,223.96,53.7504
2014-06-28,Central,Office Supplies,Fasteners,6.08,3.04
2014-06-28,East,Furniture,Chairs,1228.465,0.0
2014-06-28,East,Office Supplies,Binders,34.254,-25.225199999999997
2014-06-28,East,Office Supplies,Paper,376.99199999999996,131.9472
2014-06-29,East,Office Supplies,Art,32.76,3.6855
2014-06-29,East,Office Supplies,Binders,13.92,4.872
2014-06-30,Central,Office Supplies,Art,5.248,1.64
2014-06-30,Central,Office Supplies,Fasteners,21.312,7.1928
2014-06-30,Central,Office Supplies,Paper,25.92,9.072
2014-06-30,East,Office Supplies,Art,6.6,2.904
2014-06-30,East,Office Supplies,Binders,337.45599999999996,109.6396
2014-06-30,South,Office Supplies,Paper,310.688,108.7408
2014-06-30,West,Office Supplies,Art,32.4,10.368
2014-07-01,South,Office Supplies,Binders,5.184,-3.6288
2014-07-01,South,Technology,Phones,575.92,71.99
2014-07-01,West,Office Supplies,Binders,19.92,6.972
2014-07-02,East,Office Supplies,Art,5.58,2.1762
2014-07-02,East,Technology,Phones,73.98,19.9746
2014-07-04,South,Office Supplies,Binders,15.6,7.644
2014-07-04,South,Office Supplies,Paper,21.84,10.92
2014-07-04,West,Office Supplies,Appliances,32.432,3.2432
2014-07-04,West,Office Supplies,Paper,177.536,62.1376
2014-07-05,Central,Office Supplies,Storage,502.2,-79.3332
2014-07-05,South,Furniture,Furnishings,232.73600000000002,21.3592
2014-07-05,South,Office Supplies,Art,4.368,0.3822
2014-07-05,South,Office Supplies,Binders,9.81,-6.867
2014-07-05,South,Office Supplies,Labels,14.62,6.8714
2014-07-05,South,Office Supplies,Paper,19.44,9.3312
2014-07-05,South,Technology,Accessories,479.97,163.1898
2014-07-05,West,Office Supplies,Binders,180.96,67.86
2014-07-06,East,Technology,Copiers,559.992,174.9975
2014-07-06,West,Furniture,Chairs,478.48,47.848
2014-07-07,East,Furniture,Chairs,172.186,-46.7362
2014-07-07,East,Furniture,Furnishings,69.008,12.0764
2014-07-08,East,Furniture,Chairs,63.882,10.647
2014-07-08,West,Furniture,Tables,502.488,-87.9354
2014-07-08,West,Office Supplies,Binders,196.704,68.8464
2014-07-09,Central,Office Supplies,Paper,24.72,8.113800000000001
2014-07-09,West,Furniture,Bookcases,119.833,7.049
2014-07-09,West,Office Supplies,Art,5.56,2.224
2014-07-09,West,Office Supplies,Binders,56.208000000000006,18.7914
2014-07-09,West,Office Supplies,Labels,2.88,1.4112
2014-07-09,West,Office Supplies,Paper,32.4,15.552
2014-07-09,West,Office Supplies,Storage,23.92,4.0664
2014-07-11,Central,Office Supplies,Paper,10.368,3.6288
2014-07-11,Central,Technology,Phones,575.968,43.1976
2014-07-11,East,Furniture,Chairs,854.94,213.735
2014-07-11,East,Furniture,Furnishings,124.11,52.1262
2014-07-11,East,Office Supplies,Binders,18.28,6.398
2014-07-11,East,Office Supplies,Labels,14.4,7.056
2014-07-11,East,Office Supplies,Paper,226.32,106.3704
2014-07-11,East,Technology,Phones,362.82,105.2178
2014-07-12,Central,Furniture,Chairs,512.358,-14.6388
2014-07-12,Central,Office Supplies,Art,22.288,3.9004
2014-07-12,Central,Office Supplies,Fasteners,3.488,0.5668
2014-07-12,Central,Office Supplies,Paper,51.888000000000005,18.609
2014-07-12,Central,Technology,Accessories,23.84,3.278
2014-07-12,West,Furniture,Chairs,123.136,13.8528
2014-07-12,West,Furniture,Tables,698.352,-17.4588
2014-07-12,West,Office Supplies,Binders,18.976,6.5972
2014-07-12,West,Office Supplies,Storage,249.75,44.955
2014-07-12,West,Technology,Phones,255.936,28.7928
2014-07-13,West,Furniture,Tables,351.216,4.3902
2014-07-14,Central,Office Supplies,Binders,29.932,-46.3946
2014-07-14,Central,Technology,Phones,38.272,3.8272
2014-07-14,East,Furniture,Furnishings,31.984,1.1994
2014-07-14,East,Office Supplies,Appliances,39.48,11.0544
2014-07-14,East,Office Supplies,Art,59.524,9.1632
2014-07-14,East,Technology,Phones,37.482,-16.242
2014-07-14,West,Office Supplies,Storage,55.92,6.291
2014-07-15,Central,Office Supplies,Fasteners,6.54,2.6814
2014-07-15,Central,Technology,Accessories,2.97,1.3068
2014-07-18,East,Office Supplies,Binders,13.904,4.5188
2014-07-18,West,Furniture,Chairs,259.136,-25.9136
2014-07-19,East,Furniture,Tables,70.56,-4.032
2014-07-19,East,Office Supplies,Binders,24.689999999999998,11.433599999999998
2014-07-19,East,Technology,Phones,359.98,93.5948
2014-07-19,West,Office Supplies,Binders,6.096,2.2098
2014-07-20,Central,Furniture,Chairs,981.372,-140.196
2014-07-20,Central,Furniture,Furnishings,16.74,-14.229
2014-07-20,Central,Office Supplies,Storage,342.864,38.5722
2014-07-20,East,Office Supplies,Binders,27.36,-21.888
2014-07-20,East,Office Supplies,Storage,25.984,-5.1968
2014-07-20,West,Furniture,Furnishings,43.02,15.4872
2014-07-20,West,Office Supplies,Art,13.12,3.8048
2014-07-20,West,Office Supplies,Binders,98.416,33.433
2014-07-20,West,Office Supplies,Paper,159.56,76.6793
2014-07-20,West,Office Supplies,Storage,535.41,160.623
2014-07-20,West,Technology,Accessories,41.94,15.0984
2014-07-21,Central,Furniture,Chairs,657.93,-93.99
2014-07-21,Central,Office Supplies,Appliances,4.992,-12.9792
2014-07-21,Central,Office Supplies,Binders,1.044,-1.827
2014-07-21,Central,Office Supplies,Envelopes,87.92,29.673
2014-07-21,Central,Technology,Phones,35.98,10.0744
2014-07-21,West,Furniture,Chairs,801.568,50.098
2014-07-21,West,Furniture,Tables,272.848,27.2848
2014-07-21,West,Office Supplies,Art,99.2,25.792
2014-07-22,Central,Office Supplies,Storage,26.632,1.3316
2014-07-22,East,Office Supplies,Art,5.96,1.6688
2014-07-22,East,Technology,Accessories,159.98,57.5928
2014-07-22,West,Furniture,Chairs,717.72,71.772
2014-07-22,West,Furniture,Tables,170.352,19.1646
2014-07-22,West,Office Supplies,Art,31.2,9.719999999999999
2014-07-22,West,Office Supplies,Storage,236.5,68.585
2014-07-23,East,Technology,Accessories,99.98,7.9984
2014-07-23,West,Office Supplies,Art,9.24,0.924
2014-07-23,West,Office Supplies,Binders,8.16,-5.712
2014-07-23,West,Office Supplies,Supplies,40.7,11.803
2014-07-23,West,Technology,Accessories,1547.976,154.19879999999998
2014-07-23,West,Technology,Phones,907.1279999999999,98.2722
2014-07-25,West,Furniture,Furnishings,77.92,34.2848
2014-07-25,West,Office Supplies,Paper,6.48,3.1752
2014-07-25,West,Office Supplies,Storage,53.72,15.0416
2014-07-25,West,Office Supplies,Supplies,8203.17,332.0068
2014-07-26,Central,Furniture,Furnishings,17.496,-10.0602
2014-07-26,Central,Office Supplies,Appliances,4.836,-12.09
2014-07-26,Central,Office Supplies,Binders,2203.248,-3742.0672
2014-07-26,Central,Office Supplies,Storage,123.552,-29.3436
2014-07-26,Central,Technology,Accessories,431.136,-26.946
2014-07-26,South,Furniture,Chairs,67.88,18.3276
2014-07-26,South,Furniture,Furnishings,25.71,9.2556
2014-07-26,South,Office Supplies,Labels,162.89,76.5583
2014-07-26,West,Furniture,Chairs,674.352,-109.5822
2014-07-26,West,Furniture,Furnishings,134.01,36.1827
2014-07-26,West,Technology,Accessories,282.9,104.796
2014-07-26,West,Technology,Phones,911.984,113.998
2014-07-27,East,Office Supplies,Paper,65.78,32.2322
2014-07-27,West,Office Supplies,Storage,276.28,0.0
2014-07-27,West,Technology,Accessories,238.0,38.08
2014-07-28,South,Furniture,Furnishings,129.888,12.9888
2014-07-28,South,Office Supplies,Envelopes,48.944,16.5186
2014-07-28,South,Office Supplies,Fasteners,14.32,5.191
2014-07-30,West,Furniture,Bookcases,1367.84,259.8896
2014-08-01,East,Office Supplies,Fasteners,5.68,1.917
2014-08-01,South,Furniture,Furnishings,44.128,12.1352
2014-08-01,South,Office Supplies,Appliances,62.92,10.2245
2014-08-01,South,Office Supplies,Labels,17.544,5.9211
2014-08-01,South,Office Supplies,Paper,78.304,29.364
2014-08-01,West,Office Supplies,Binders,19.752,6.9132
2014-08-02,Central,Office Supplies,Binders,26.7,12.549
2014-08-02,Central,Office Supplies,Storage,838.38,226.3626
2014-08-02,Central,Technology,Accessories,21.2,9.116
2014-08-03,East,Office Supplies,Paper,39.96,18.7812
2014-08-03,East,Office Supplies,Storage,21.36,5.7672
2014-08-03,East,Office Supplies,Supplies,102.3,26.598
2014-08-03,West,Furniture,Tables,218.75,-161.875
2014-08-03,West,Office Supplies,Appliances,2.6,0.2925
2014-08-03,West,Office Supplies,Paper,93.024,33.7212
2014-08-04,East,Office Supplies,Appliances,101.96,27.5292
2014-08-04,East,Office Supplies,Paper,259.74,124.6752
2014-08-04,East,Technology,Accessories,255.42,104.7222
2014-08-04,West,Office Supplies,Appliances,1089.75,305.13
2014-08-04,West,Office Supplies,Art,16.4,4.264
2014-08-04,West,Office Supplies,Binders,13.184,4.7792
2014-08-04,West,Office Supplies,Paper,447.84,219.4416
2014-08-04,West,Office Supplies,Storage,158.9,7.945
2014-08-04,West,Technology,Phones,399.96,34.9965
2014-08-05,Central,Furniture,Tables,489.23,41.934
2014-08-05,East,Furniture,Chairs,1133.35,294.671
2014-08-05,East,Office Supplies,Appliances,79.47,22.2516
2014-08-05,East,Office Supplies,Art,20.52,9.0288
2014-08-05,East,Technology,Phones,135.99,36.7173
2014-08-05,West,Furniture,Chairs,340.144,21.259
2014-08-05,West,Office Supplies,Art,45.98,12.8744
2014-08-05,West,Office Supplies,Paper,131.9,63.1026
2014-08-05,West,Office Supplies,Storage,15.78,0.6312
2014-08-05,West,Technology,Accessories,16.36,1.636
2014-08-06,East,Technology,Accessories,199.98,83.9916
2014-08-06,South,Technology,Accessories,62.91,22.6476
2014-08-08,Central,Furniture,Furnishings,53.88,22.6296
2014-08-08,Central,Office Supplies,Appliances,167.535,37.23
2014-08-08,Central,Office Supplies,Envelopes,38.34,17.253
2014-08-08,Central,Technology,Copiers,549.99,274.995
2014-08-08,Central,Technology,Phones,299.98,83.9944
2014-08-08,South,Furniture,Bookcases,155.456,-7.7728
2014-08-08,West,Furniture,Furnishings,449.13599999999997,88.7384
2014-08-08,West,Office Supplies,Appliances,76.12,22.0748
2014-08-08,West,Office Supplies,Storage,423.28,110.0528
2014-08-08,West,Technology,Accessories,95.976,-10.7973
2014-08-08,West,Technology,Copiers,1199.976,434.9913
2014-08-08,West,Technology,Phones,445.96,55.745
2014-08-09,South,Office Supplies,Paper,15.552,5.4432
2014-08-09,South,Technology,Phones,178.384,22.298
2014-08-09,West,Office Supplies,Binders,2070.089,637.4409999999999
2014-08-09,West,Office Supplies,Fasteners,4.464,-0.9486
2014-08-09,West,Office Supplies,Labels,20.88,9.6048
2014-08-09,West,Office Supplies,Paper,5.98,2.691
2014-08-09,West,Technology,Phones,1310.3359999999998,24.364399999999996
2014-08-11,East,Office Supplies,Storage,375.34,18.767
2014-08-11,West,Furniture,Furnishings,12.35,5.434
2014-08-11,West,Office Supplies,Art,40.97,10.6522
2014-08-11,West,Office Supplies,Fasteners,22.96,10.7912
2014-08-12,East,Office Supplies,Binders,196.21,98.105
2014-08-12,South,Office Supplies,Appliances,211.248,15.8436
2014-08-12,South,Office Supplies,Art,47.96,4.1965
2014-08-12,South,Office Supplies,Binders,14.04,6.7392
2014-08-12,South,Office Supplies,Labels,2.952,0.9963
2014-08-12,South,Office Supplies,Paper,31.104,10.8864
2014-08-12,South,Office Supplies,Supplies,5.552,-1.041
2014-08-12,South,Technology,Accessories,431.538,139.8582
2014-08-12,West,Furniture,Furnishings,85.44,31.6128
2014-08-12,West,Technology,Phones,806.336,50.396
2014-08-15,Central,Office Supplies,Binders,30.96,-52.632
2014-08-15,East,Office Supplies,Binders,62.94,30.2112
2014-08-15,South,Office Supplies,Appliances,152.24,17.127
2014-08-15,South,Office Supplies,Paper,91.36,29.692
2014-08-15,West,Furniture,Chairs,195.136,-12.196
2014-08-15,West,Office Supplies,Appliances,152.91,42.8148
2014-08-15,West,Office Supplies,Binders,64.29599999999999,21.3426
2014-08-15,West,Office Supplies,Paper,92.94,41.823
2014-08-16,East,Furniture,Tables,853.092,-227.4912
2014-08-17,Central,Office Supplies,Paper,15.552,5.4432
2014-08-17,South,Office Supplies,Binders,17.96,8.2616
2014-08-17,South,Office Supplies,Fasteners,12.67,4.5612
2014-08-17,South,Office Supplies,Paper,114.2,52.532
2014-08-17,South,Technology,Accessories,339.96,122.3856
2014-08-19,East,Office Supplies,Art,10.72,1.742
2014-08-19,East,Office Supplies,Binders,76.776,-58.8616
2014-08-19,East,Office Supplies,Supplies,9.184,1.148
2014-08-19,South,Furniture,Bookcases,638.82,172.4814
2014-08-19,South,Office Supplies,Storage,344.91,10.3473
2014-08-19,West,Furniture,Furnishings,289.24,26.0316
2014-08-19,West,Office Supplies,Binders,69.456,22.5732
2014-08-20,Central,Furniture,Chairs,421.372,-6.0196
2014-08-20,South,Furniture,Chairs,500.24,145.0696
2014-08-20,South,Office Supplies,Binders,896.99,421.5853
2014-08-20,South,Office Supplies,Paper,20.12,9.2552
2014-08-22,Central,Office Supplies,Paper,11.56,5.6644
2014-08-22,East,Office Supplies,Art,3.912,1.0269
2014-08-22,South,Office Supplies,Supplies,7.632,-1.8126
2014-08-23,Central,Office Supplies,Paper,19.44,9.5256
2014-08-23,East,Office Supplies,Paper,71.84,34.9424
2014-08-23,West,Furniture,Furnishings,4.224,1.2672
2014-08-23,West,Office Supplies,Binders,49.568,17.3488
2014-08-23,West,Office Supplies,Paper,269.712,86.0346
2014-08-23,West,Office Supplies,Supplies,6.8,0.51
2014-08-23,West,Technology,Phones,143.64,10.773
2014-08-24,East,Furniture,Furnishings,13.28,6.3744
2014-08-24,East,Office Supplies,Binders,12.672,4.4352
2014-08-24,South,Office Supplies,Supplies,25.5,6.63
2014-08-24,West,Office Supplies,Binders,8.288,2.6936
2014-08-25,Central,Office Supplies,Binders,38.064,-59.6184
2014-08-25,East,Office Supplies,Binders,30.246000000000002,-23.544
2014-08-25,East,Office Supplies,Envelopes,135.184,45.6836
2014-08-25,East,Office Supplies,Fasteners,40.096,14.5348
2014-08-25,East,Office Supplies,Paper,23.976,7.4925
2014-08-25,West,Furniture,Furnishings,6.28,2.6376
2014-08-25,West,Office Supplies,Paper,25.92,12.4416
2014-08-25,West,Office Supplies,Storage,48.84,13.1868
2014-08-25,West,Technology,Accessories,95.1,30.432
2014-08-25,West,Technology,Phones,1007.944,75.5958
2014-08-26,East,Furniture,Furnishings,10.68,4.0584
2014-08-26,East,Office Supplies,Art,8.64,2.5056
2014-08-26,East,Office Supplies,Paper,20.72,10.051400000000001
2014-08-26,East,Technology,Accessories,149.97,52.4895
2014-08-26,West,Technology,Accessories,176.8,22.984
2014-08-27,South,Furniture,Furnishings,29.12,12.5216
2014-08-27,South,Furniture,Tables,1202.94,300.735
2014-08-27,South,Office Supplies,Paper,13.36,6.4128
2014-08-27,South,Technology,Phones,579.95,168.1855
2014-08-27,West,Office Supplies,Art,8.56,2.4824
2014-08-27,West,Office Supplies,Binders,22.72,7.384
2014-08-27,West,Technology,Phones,213.48,16.011
2014-08-29,South,Furniture,Tables,174.0585,-110.7645
2014-08-29,South,Office Supplies,Binders,505.176,-336.784
2014-08-29,South,Office Supplies,Envelopes,29.808,10.8054
2014-08-29,West,Office Supplies,Paper,123.28,60.273599999999995
2014-08-30,East,Office Supplies,Binders,25.3,11.891
2014-08-30,East,Office Supplies,Storage,95.94,9.594
2014-08-31,West,Technology,Accessories,92.52,18.504
2014-09-01,Central,Office Supplies,Binders,3.648,-6.0192
2014-09-01,Central,Office Supplies,Paper,31.104,10.8864
2014-09-01,East,Office Supplies,Binders,23.744,8.3104
2014-09-01,East,Technology,Accessories,357.0,57.12
2014-09-01,West,Office Supplies,Art,53.94,15.6426
2014-09-02,Central,Technology,Accessories,715.9200000000001,149.1834
2014-09-02,Central,Technology,Machines,559.71,-121.2705
2014-09-02,East,Furniture,Furnishings,70.71,4.9497
2014-09-02,East,Office Supplies,Appliances,19.9,8.955
2014-09-02,East,Office Supplies,Art,78.99,24.2412
2014-09-02,East,Office Supplies,Paper,14.94,7.0218
2014-09-02,South,Office Supplies,Binders,1793.98,843.1706
2014-09-03,Central,Office Supplies,Binders,7.68,-11.52
2014-09-03,East,Office Supplies,Labels,14.4,7.056
2014-09-05,East,Office Supplies,Storage,264.32,19.824
2014-09-05,South,Furniture,Furnishings,31.984,1.999
2014-09-06,West,Furniture,Furnishings,41.88,12.1452
2014-09-06,West,Office Supplies,Labels,58.48,27.4856
2014-09-07,Central,Furniture,Chairs,161.96,45.3488
2014-09-07,Central,Furniture,Furnishings,879.5699999999999,237.34169999999997
2014-09-07,Central,Furniture,Tables,630.6949999999999,88.826
2014-09-07,Central,Office Supplies,Art,21.864,3.5529
2014-09-07,Central,Office Supplies,Binders,386.608,-509.54859999999996
2014-09-07,Central,Office Supplies,Fasteners,13.16,4.1125
2014-09-07,Central,Office Supplies,Paper,12.96,6.2208
2014-09-07,Central,Office Supplies,Storage,19.86,5.7594
2014-09-07,Central,Technology,Accessories,46.688,-2.918
2014-09-07,Central,Technology,Phones,301.626,43.0677
2014-09-07,East,Furniture,Furnishings,42.368,8.4736
2014-09-07,East,Office Supplies,Storage,64.784,-14.5764
2014-09-07,East,Technology,Machines,399.54,-559.356
2014-09-07,East,Technology,Phones,410.35200000000003,113.9289
2014-09-07,West,Office Supplies,Binders,83.92,31.47
2014-09-07,West,Office Supplies,Paper,20.56,9.6632
2014-09-07,West,Office Supplies,Supplies,27.36,7.3872
2014-09-08,Central,Furniture,Chairs,2706.76,-38.668
2014-09-08,Central,Office Supplies,Appliances,177.98,-453.849
2014-09-08,Central,Office Supplies,Art,42.0,9.546
2014-09-08,Central,Office Supplies,Binders,51.184,-79.3352
2014-09-08,Central,Office Supplies,Paper,200.016,67.7292
2014-09-08,Central,Office Supplies,Storage,275.928,-58.6347
2014-09-08,Central,Technology,Machines,8159.952,-1359.992
2014-09-08,Central,Technology,Phones,143.976,8.9985
2014-09-08,East,Furniture,Chairs,172.764,13.4372
2014-09-08,East,Office Supplies,Appliances,16.78,4.195
2014-09-08,East,Office Supplies,Art,3.52,1.6896
2014-09-08,South,Office Supplies,Fasteners,45.0,21.6
2014-09-08,South,Technology,Accessories,116.85,43.055099999999996
2014-09-08,South,Technology,Machines,209.97,90.2871
2014-09-08,West,Furniture,Chairs,975.92,121.99
2014-09-08,West,Office Supplies,Appliances,56.65,24.3595
2014-09-08,West,Office Supplies,Art,309.71999999999997,93.798
2014-09-08,West,Office Supplies,Binders,8.608,3.0128
2014-09-08,West,Office Supplies,Fasteners,4.02,1.9698
2014-09-08,West,Office Supplies,Storage,500.85,23.6268
2014-09-08,West,Technology,Accessories,49.98,8.4966
2014-09-09,Central,Office Supplies,Labels,103.6,51.8
2014-09-09,Central,Office Supplies,Paper,10.896,3.405
2014-09-09,East,Furniture,Chairs,785.88,212.1876
2014-09-09,East,Furniture,Furnishings,78.144,17.916
2014-09-09,East,Office Supplies,Art,30.816,2.6964
2014-09-09,East,Office Supplies,Paper,208.192,98.1724
2014-09-09,East,Office Supplies,Storage,1325.85,238.653
2014-09-09,East,Technology,Accessories,64.704,-4.8528
2014-09-09,East,Technology,Phones,135.516,-31.6204
2014-09-09,South,Technology,Machines,1299.99,-571.9956
2014-09-10,East,Furniture,Furnishings,254.9,76.47
2014-09-10,East,Office Supplies,Appliances,81.92,22.1184
2014-09-10,South,Office Supplies,Binders,9.64,4.7236
2014-09-10,West,Furniture,Chairs,1487.04,148.704
2014-09-10,West,Office Supplies,Envelopes,21.728,7.6048
2014-09-11,West,Furniture,Furnishings,127.95,21.7515
2014-09-12,Central,Furniture,Furnishings,40.56,12.9792
2014-09-12,Central,Office Supplies,Binders,337.14,141.353
2014-09-12,Central,Office Supplies,Supplies,357.93,7.1586
2014-09-12,Central,Technology,Accessories,57.4,10.906
2014-09-12,East,Furniture,Chairs,3785.292,420.588
2014-09-12,East,Office Supplies,Binders,63.924,-46.8776
2014-09-12,East,Technology,Machines,69.99,30.0957
2014-09-12,South,Office Supplies,Appliances,166.84,18.7695
2014-09-12,South,Office Supplies,Paper,10.368,3.6288
2014-09-12,South,Technology,Accessories,15.216,2.2824
2014-09-13,Central,Furniture,Chairs,340.116,-9.7176
2014-09-13,East,Office Supplies,Art,5.46,1.4742
2014-09-13,East,Office Supplies,Binders,2.502,-2.0016
2014-09-13,East,Office Supplies,Paper,15.552,5.4432
2014-09-13,East,Technology,Accessories,252.0,53.55
2014-09-13,South,Office Supplies,Binders,18.648,-12.432
2014-09-13,West,Furniture,Furnishings,14.19,5.5341
2014-09-13,West,Office Supplies,Appliances,22.66,9.7438
2014-09-13,West,Office Supplies,Fasteners,5.7,2.679
2014-09-13,West,Office Supplies,Paper,48.94,24.47
2014-09-13,West,Office Supplies,Storage,79.4,5.955
2014-09-13,West,Office Supplies,Supplies,7.3,2.19
2014-09-13,West,Technology,Accessories,462.94,156.9356
2014-09-14,Central,Furniture,Furnishings,9.96,-6.723
2014-09-14,Central,Office Supplies,Appliances,52.448,-131.12
2014-09-14,Central,Office Supplies,Binders,8.552,-13.6832
2014-09-14,Central,Office Supplies,Fasteners,6.048,-1.3608
2014-09-14,Central,Office Supplies,Labels,20.16,6.552
2014-09-14,Central,Office Supplies,Paper,6.848,2.14
2014-09-14,East,Furniture,Tables,464.292,-108.3348
2014-09-14,East,Office Supplies,Appliances,601.3,198.429
2014-09-14,East,Office Supplies,Envelopes,79.53,36.5838
2014-09-14,East,Office Supplies,Paper,44.82,21.0654
2014-09-14,East,Office Supplies,Storage,449.15,8.983
2014-09-14,East,Technology,Machines,2799.96,1371.9804
2014-09-14,East,Technology,Phones,304.96000000000004,85.049
2014-09-14,South,Furniture,Furnishings,155.52800000000002,56.4623
2014-09-14,South,Office Supplies,Appliances,13.0,1.3
2014-09-14,South,Office Supplies,Binders,7.16,3.4368
2014-09-15,East,Furniture,Furnishings,118.49600000000001,23.1504
2014-09-15,East,Office Supplies,Paper,14.94,7.0218
2014-09-16,East,Office Supplies,Binders,33.552,12.582
2014-09-17,East,Office Supplies,Binders,5.892,-4.1244
2014-09-17,South,Office Supplies,Paper,4.624,1.6762
2014-09-17,South,Technology,Accessories,47.984,13.1956
2014-09-17,West,Furniture,Furnishings,35.34,13.4292
2014-09-17,West,Office Supplies,Art,43.504,5.2412
2014-09-17,West,Office Supplies,Binders,137.24,46.3185
2014-09-17,West,Office Supplies,Envelopes,182.94,85.9818
2014-09-17,West,Office Supplies,Paper,188.94400000000002,59.548
2014-09-17,West,Office Supplies,Storage,88.21000000000001,17.431600000000003
2014-09-17,West,Technology,Accessories,55.92,16.776
2014-09-17,West,Technology,Machines,29.925,-21.945
2014-09-19,Central,Technology,Machines,5579.9400000000005,-761.9928
2014-09-19,East,Furniture,Chairs,887.103,177.4206
2014-09-19,South,Office Supplies,Storage,67.344,7.5762
2014-09-19,South,Technology,Machines,2624.985,-944.9946
2014-09-19,West,Furniture,Tables,73.915,-45.8273
2014-09-19,West,Office Supplies,Fasteners,12.83,3.6934
2014-09-19,West,Office Supplies,Storage,92.52,24.9804
2014-09-20,Central,Furniture,Bookcases,493.43,-70.49
2014-09-20,Central,Furniture,Tables,617.7,-407.682
2014-09-20,Central,Technology,Phones,11.12,3.475
2014-09-20,East,Furniture,Bookcases,1164.508,26.274399999999996
2014-09-20,East,Furniture,Chairs,631.782,140.396
2014-09-20,East,Furniture,Furnishings,164.22,50.9082
2014-09-20,East,Office Supplies,Appliances,30.98,8.0548
2014-09-20,East,Office Supplies,Labels,75.18,35.3346
2014-09-20,East,Technology,Accessories,59.98,26.3912
2014-09-20,East,Technology,Phones,1979.8600000000001,818.9434000000001
2014-09-20,South,Office Supplies,Art,2.816,0.9856
2014-09-20,West,Office Supplies,Appliances,43.92,11.8584
2014-09-20,West,Office Supplies,Binders,20.232,6.5754
2014-09-20,West,Office Supplies,Labels,9.96,4.5816
2014-09-20,West,Office Supplies,Paper,30.28,14.4948
2014-09-21,Central,Furniture,Furnishings,8.544,-7.476
2014-09-21,Central,Office Supplies,Appliances,62.230000000000004,18.4094
2014-09-21,Central,Office Supplies,Paper,6.48,3.1104
2014-09-21,East,Office Supplies,Art,66.03,17.1678
2014-09-21,East,Office Supplies,Binders,6.57,-5.037
2014-09-21,East,Office Supplies,Labels,20.808,7.0227
2014-09-21,East,Office Supplies,Paper,11.352,4.1151
2014-09-21,West,Office Supplies,Art,59.52,15.4752
2014-09-21,West,Office Supplies,Envelopes,93.91,44.1377
2014-09-21,West,Office Supplies,Paper,57.870000000000005,26.8155
2014-09-21,West,Technology,Copiers,1799.97,701.9883
2014-09-21,West,Technology,Phones,486.368,51.7166
2014-09-22,Central,Office Supplies,Storage,331.536,-82.884
2014-09-22,East,Furniture,Chairs,579.528,83.7096
2014-09-22,East,Furniture,Furnishings,97.44,35.0784
2014-09-22,East,Office Supplies,Art,13.04,5.7376
2014-09-22,East,Office Supplies,Binders,3.984,1.3944
2014-09-22,South,Office Supplies,Labels,4.608,1.6704
2014-09-22,West,Office Supplies,Storage,210.13,42.769299999999994
2014-09-23,Central,Office Supplies,Binders,9462.890000000001,4636.9455
2014-09-23,Central,Office Supplies,Paper,32.4,15.552
2014-09-23,Central,Office Supplies,Storage,404.9,16.196
2014-09-23,East,Office Supplies,Art,9.84,2.8536
2014-09-23,East,Office Supplies,Binders,203.524,74.9588
2014-09-23,East,Office Supplies,Paper,28.8,10.08
2014-09-23,West,Furniture,Bookcases,435.999,20.5176
2014-09-23,West,Technology,Phones,83.984,31.494
2014-09-24,West,Office Supplies,Storage,211.96,8.4784
2014-09-25,Central,Furniture,Bookcases,300.5328,-97.2312
2014-09-25,Central,Office Supplies,Binders,2.724,-4.3584
2014-09-25,Central,Office Supplies,Envelopes,3.264,1.1016
2014-09-25,Central,Office Supplies,Paper,33.792,10.56
2014-09-25,West,Office Supplies,Art,14.576,2.3686
2014-09-26,Central,Office Supplies,Binders,0.876,-1.4016
2014-09-26,Central,Technology,Accessories,153.824,38.456
2014-09-26,East,Furniture,Furnishings,21.184,4.7664
2014-09-26,East,Office Supplies,Appliances,202.03199999999998,18.7512
2014-09-26,East,Office Supplies,Binders,5.97,-4.577
2014-09-26,East,Office Supplies,Paper,32.896,11.1024
2014-09-26,East,Technology,Accessories,3.152,0.4728
2014-09-26,West,Furniture,Chairs,731.12,73.194
2014-09-26,West,Office Supplies,Paper,19.44,9.3312
2014-09-26,West,Office Supplies,Storage,310.12,80.6312
2014-09-27,East,Furniture,Furnishings,87.54,37.6422
2014-09-27,West,Furniture,Chairs,603.92,45.294
2014-09-27,West,Office Supplies,Paper,81.98,40.1702
2014-09-28,East,Office Supplies,Storage,46.26,12.4902
2014-09-28,South,Furniture,Furnishings,337.088,16.8544
2014-09-28,South,Office Supplies,Paper,106.944,35.024
2014-09-29,East,Furniture,Furnishings,117.36,36.3816
2014-09-29,East,Furniture,Tables,476.448,-102.0072
2014-09-29,East,Office Supplies,Art,4.224,1.4784
2014-09-29,East,Office Supplies,Labels,74.34,26.712000000000003
2014-09-29,East,Office Supplies,Paper,98.448,44.7864
2014-09-29,East,Office Supplies,Storage,3197.172,25.034400000000005
2014-09-29,West,Furniture,Furnishings,210.76,56.1528
2014-09-29,West,Furniture,Tables,2348.82,399.2994
2014-09-29,West,Office Supplies,Binders,10.048,3.14
2014-09-29,West,Office Supplies,Fasteners,8.72,2.8776
2014-09-29,West,Office Supplies,Paper,6.48,3.1104
2014-09-29,West,Office Supplies,Storage,869.93,170.2611
2014-09-29,West,Technology,Machines,686.32,223.054
2014-09-30,East,Furniture,Furnishings,15.24,5.1816
2014-09-30,East,Office Supplies,Appliances,795.408,59.6556
2014-09-30,East,Office Supplies,Paper,48.94,24.47
2014-09-30,South,Office Supplies,Appliances,69.216,11.2476
2014-09-30,South,Office Supplies,Paper,15.552,5.4432
2014-09-30,West,Office Supplies,Binders,43.176,13.4925
2014-10-01,West,Office Supplies,Fasteners,4.71,0.0
2014-10-02,West,Office Supplies,Envelopes,12.768,4.6284
2014-10-02,West,Office Supplies,Fasteners,4.672,1.46
2014-10-02,West,Office Supplies,Paper,9.408,3.4104
2014-10-02,West,Office Supplies,Supplies,15.36,-3.264
2014-10-02,West,Technology,Accessories,7.16,-0.0895
2014-10-02,West,Technology,Phones,548.776,127.61789999999999
2014-10-03,Central,Furniture,Chairs,258.279,-70.1043
2014-10-03,Central,Furniture,Furnishings,31.776,-19.0656
2014-10-03,Central,Office Supplies,Binders,1.788,-3.0396
2014-10-03,Central,Office Supplies,Fasteners,19.416,-2.8991999999999996
2014-10-03,Central,Office Supplies,Labels,4.928,1.7248
2014-10-03,East,Office Supplies,Art,55.984,4.1988
2014-10-03,East,Office Supplies,Envelopes,14.48,4.887
2014-10-03,East,Technology,Accessories,142.488,-3.5622
2014-10-03,South,Office Supplies,Art,6.192,0.4644
2014-10-03,South,Office Supplies,Storage,61.568,4.6176
2014-10-03,West,Furniture,Chairs,122.352,13.7646
2014-10-03,West,Furniture,Tables,143.432,3.5858
2014-10-04,East,Furniture,Chairs,589.41,-6.549
2014-10-04,West,Office Supplies,Binders,95.648,31.0856
2014-10-04,West,Office Supplies,Labels,43.69,20.5343
2014-10-05,East,Office Supplies,Appliances,91.92,11.49
2014-10-05,West,Technology,Accessories,99.98,34.993
2014-10-06,Central,Office Supplies,Binders,15.36,7.68
2014-10-06,Central,Office Supplies,Storage,386.34,54.0876
2014-10-06,East,Office Supplies,Storage,83.92,-13.637
2014-10-06,West,Technology,Accessories,9.09,1.9089
2014-10-07,Central,Office Supplies,Storage,107.44,10.744
2014-10-07,East,Furniture,Furnishings,129.92,21.112
2014-10-08,East,Office Supplies,Paper,123.92,55.764
2014-10-08,South,Technology,Accessories,23.472,4.9878
2014-10-09,South,Office Supplies,Paper,88.768,31.0688
2014-10-09,West,Office Supplies,Art,144.6,41.934
2014-10-09,West,Technology,Phones,15.992,-2.9985
2014-10-10,Central,Office Supplies,Binders,12.878,-20.7395
2014-10-10,Central,Technology,Phones,1475.896,138.1403
2014-10-10,East,Office Supplies,Binders,18.264,-13.3936
2014-10-10,East,Technology,Machines,101.994,-71.3958
2014-10-10,West,Furniture,Chairs,122.352,13.7646
2014-10-10,West,Furniture,Furnishings,46.872,3.5154
2014-10-10,West,Office Supplies,Art,255.85,112.574
2014-10-10,West,Office Supplies,Envelopes,15.28,7.4872
2014-10-11,East,Office Supplies,Envelopes,201.432,67.9833
2014-10-11,East,Office Supplies,Storage,281.904,10.5714
2014-10-11,South,Furniture,Furnishings,8.92,3.9248
2014-10-11,South,Office Supplies,Labels,7.31,3.4357
2014-10-11,West,Furniture,Chairs,433.568,-65.0352
2014-10-11,West,Furniture,Furnishings,63.47,19.041
2014-10-11,West,Office Supplies,Envelopes,7.64,3.7436
2014-10-11,West,Office Supplies,Storage,31.92,8.2992
2014-10-11,West,Technology,Accessories,345.0,58.65
2014-10-12,Central,Office Supplies,Supplies,22.24,2.502
2014-10-12,West,Office Supplies,Art,14.9,4.172
2014-10-12,West,Office Supplies,Storage,21.39,6.2031
2014-10-13,East,Furniture,Chairs,245.98,27.0578
2014-10-13,East,Office Supplies,Binders,26.692,12.280100000000001
2014-10-13,South,Office Supplies,Binders,15.18,7.1346
2014-10-13,South,Office Supplies,Envelopes,36.4,17.472
2014-10-13,South,Office Supplies,Storage,315.2,6.304
2014-10-13,South,Technology,Accessories,22.96,4.3624
2014-10-13,West,Furniture,Tables,1298.55,311.652
2014-10-13,West,Office Supplies,Appliances,213.92,62.0368
2014-10-13,West,Office Supplies,Art,11.52,3.2256
2014-10-13,West,Technology,Accessories,25.78,2.578
2014-10-14,Central,Office Supplies,Appliances,3.16,-8.532
2014-10-14,Central,Office Supplies,Binders,2.946,-4.8609
2014-10-14,Central,Office Supplies,Paper,341.32800000000003,107.62180000000001
2014-10-14,Central,Technology,Copiers,1999.96,624.9875
2014-10-14,East,Furniture,Chairs,1628.82,260.6112
2014-10-14,East,Office Supplies,Binders,22.92,11.0016
2014-10-14,East,Office Supplies,Storage,349.34999999999997,38.44
2014-10-14,East,Technology,Accessories,177.0,30.09
2014-10-15,East,Furniture,Chairs,183.372,-7.8588
2014-10-15,East,Office Supplies,Paper,7.968,2.8884
2014-10-15,South,Furniture,Furnishings,15.384,4.0383
2014-10-16,West,Office Supplies,Binders,14.352,5.0232
2014-10-16,West,Technology,Accessories,179.97,86.3856
2014-10-17,Central,Furniture,Furnishings,5.312,-1.5936
2014-10-17,Central,Office Supplies,Binders,10.78,-17.248
2014-10-17,Central,Technology,Accessories,119.976,-17.9964
2014-10-18,East,Office Supplies,Envelopes,52.512,19.692
2014-10-18,East,Office Supplies,Paper,10.048,3.14
2014-10-18,East,Office Supplies,Storage,186.912,-35.046
2014-10-18,South,Furniture,Chairs,1151.22,216.24599999999998
2014-10-18,South,Office Supplies,Storage,275.97,11.0388
2014-10-18,South,Technology,Phones,1394.95,362.687
2014-10-18,West,Office Supplies,Binders,1.344,0.4704
2014-10-18,West,Office Supplies,Paper,61.96,27.882
2014-10-19,West,Office Supplies,Binders,23.056,8.144400000000001
2014-10-19,West,Office Supplies,Labels,18.75,9.0
2014-10-19,West,Office Supplies,Paper,160.17,75.5487
2014-10-19,West,Technology,Phones,439.12800000000004,31.8546
2014-10-20,Central,Office Supplies,Binders,8.682,-14.7594
2014-10-20,Central,Office Supplies,Labels,24.424,7.9378
2014-10-20,Central,Office Supplies,Paper,3.808,1.2376
2014-10-20,Central,Office Supplies,Storage,717.28,40.060900000000004
2014-10-20,Central,Technology,Accessories,319.968,71.9928
2014-10-20,South,Furniture,Tables,328.59,-147.8655
2014-10-20,South,Office Supplies,Storage,98.352,-24.588
2014-10-21,East,Furniture,Tables,409.59,-122.877
2014-10-21,East,Office Supplies,Appliances,121.792,13.7016
2014-10-21,South,Furniture,Tables,591.32,112.3508
2014-10-21,South,Office Supplies,Art,2.84,0.8804
2014-10-21,South,Office Supplies,Storage,194.7,9.735
2014-10-21,West,Office Supplies,Binders,36.36,12.2715
2014-10-22,East,Furniture,Furnishings,93.888,12.9096
2014-10-22,South,Furniture,Furnishings,129.92,10.3936
2014-10-24,South,Office Supplies,Fasteners,11.85,3.792
2014-10-24,South,Office Supplies,Paper,10.368,3.6288
2014-10-24,West,Office Supplies,Binders,34.272,11.1384
2014-10-25,East,Office Supplies,Binders,13.698,-9.5886
2014-10-25,East,Technology,Accessories,40.776,0.5097
2014-10-25,West,Office Supplies,Binders,49.408,18.528
2014-10-26,West,Furniture,Furnishings,63.92,3.196
2014-10-26,West,Technology,Phones,383.96,38.396
2014-10-27,South,Office Supplies,Paper,22.32,7.6626
2014-10-28,Central,Technology,Phones,257.98,74.8142
2014-10-28,West,Furniture,Bookcases,616.998,-36.294
2014-10-28,West,Office Supplies,Binders,7.184,2.245
2014-10-28,West,Office Supplies,Storage,141.4,38.178
2014-10-28,West,Office Supplies,Supplies,487.02,14.485
2014-10-29,Central,Office Supplies,Paper,75.88,35.6636
2014-10-29,Central,Technology,Accessories,1.98,0.891
2014-10-29,Central,Technology,Phones,2735.952,341.994
2014-10-31,East,Furniture,Chairs,1604.9,481.47
2014-10-31,East,Furniture,Furnishings,32.43,12.0552
2014-10-31,East,Furniture,Tables,1807.35,-795.1342
2014-10-31,East,Office Supplies,Art,49.25,18.715
2014-10-31,East,Office Supplies,Binders,34.08,15.6768
2014-10-31,East,Office Supplies,Paper,10.16,4.7752
2014-10-31,West,Furniture,Chairs,146.352,-9.147
2014-10-31,West,Office Supplies,Art,12.39,3.717
2014-10-31,West,Office Supplies,Binders,35.263999999999996,11.4192
2014-10-31,West,Office Supplies,Fasteners,11.34,5.2164
2014-10-31,West,Office Supplies,Paper,64.74,30.4278
2014-10-31,West,Office Supplies,Storage,485.94,33.047200000000004
2014-10-31,West,Technology,Accessories,251.91,47.8629
2014-10-31,West,Technology,Phones,815.9200000000001,91.791
2014-11-01,Central,Office Supplies,Paper,15.696,5.1012
2014-11-01,East,Furniture,Furnishings,100.38399999999999,26.137999999999998
2014-11-01,East,Office Supplies,Appliances,610.0600000000001,176.91740000000001
2014-11-01,East,Office Supplies,Binders,25.560000000000002,-20.5524
2014-11-01,East,Office Supplies,Paper,167.94,82.2906
2014-11-01,South,Office Supplies,Art,15.911999999999999,2.5343999999999998
2014-11-01,South,Office Supplies,Fasteners,7.52,1.41
2014-11-01,South,Office Supplies,Labels,47.808,15.5376
2014-11-01,South,Office Supplies,Storage,69.52,19.4656
2014-11-01,South,Technology,Phones,978.84,110.1195
2014-11-01,West,Office Supplies,Art,43.176,4.3176
2014-11-01,West,Office Supplies,Labels,44.4,22.2
2014-11-01,West,Office Supplies,Paper,21.4,9.63
2014-11-01,West,Office Supplies,Storage,443.92,-94.333
2014-11-01,West,Technology,Phones,2139.944,302.5876
2014-11-02,Central,Technology,Phones,88.776,7.7679
2014-11-02,East,Furniture,Furnishings,89.34,24.1218
2014-11-02,East,Office Supplies,Binders,19.242,-13.4694
2014-11-02,East,Office Supplies,Labels,34.86,16.0356
2014-11-02,East,Technology,Phones,590.196,-118.03920000000001
2014-11-02,South,Technology,Accessories,799.92,239.976
2014-11-02,West,Office Supplies,Storage,362.92,105.2468
2014-11-02,West,Technology,Accessories,41.94,15.0984
2014-11-02,West,Technology,Phones,99.176,9.8375
2014-11-03,Central,Technology,Accessories,89.97,18.8937
2014-11-03,East,Office Supplies,Binders,62.512,24.0062
2014-11-03,East,Office Supplies,Supplies,297.984,-61.05180000000001
2014-11-03,East,Technology,Phones,783.96,219.5088
2014-11-03,South,Furniture,Furnishings,410.352,-51.294
2014-11-03,South,Furniture,Tables,945.036,-299.2614
2014-11-03,South,Office Supplies,Binders,14.301,-10.4874
2014-11-03,South,Office Supplies,Paper,147.344,49.7286
2014-11-03,South,Office Supplies,Storage,25.984,-1.624
2014-11-03,West,Office Supplies,Art,6.72,3.36
2014-11-04,East,Furniture,Chairs,135.882,24.1568
2014-11-04,East,Office Supplies,Binders,52.064,18.8732
2014-11-04,East,Office Supplies,Storage,43.57,13.071
2014-11-04,East,Technology,Accessories,360.0,129.6
2014-11-04,East,Technology,Machines,3991.98,1995.99
2014-11-04,East,Technology,Phones,275.94,80.0226
2014-11-04,South,Office Supplies,Appliances,58.24,5.096
2014-11-04,South,Office Supplies,Fasteners,8.376,2.7222
2014-11-04,West,Furniture,Furnishings,35.34,13.4292
2014-11-04,West,Furniture,Tables,573.728,-64.5444
2014-11-04,West,Office Supplies,Art,2.94,0.7938
2014-11-04,West,Office Supplies,Binders,21.936,8.226
2014-11-04,West,Office Supplies,Paper,19.44,9.3312
2014-11-04,West,Technology,Machines,447.968,139.99
2014-11-04,West,Technology,Phones,666.344,66.6344
2014-11-05,East,Furniture,Furnishings,273.568,-34.196
2014-11-05,East,Office Supplies,Binders,13.194,-8.796
2014-11-05,East,Office Supplies,Storage,1080.096,-94.5084
2014-11-05,East,Technology,Accessories,109.976,10.349599999999999
2014-11-05,South,Furniture,Chairs,149.9,40.473
2014-11-05,South,Technology,Accessories,47.79,16.2486
2014-11-05,West,Furniture,Furnishings,20.04,8.8176
2014-11-06,South,Office Supplies,Paper,43.68,20.9664
2014-11-07,Central,Furniture,Chairs,683.144,0.0
2014-11-07,Central,Office Supplies,Appliances,245.88,68.8464
2014-11-07,Central,Office Supplies,Binders,39.912,-40.6689
2014-11-07,Central,Office Supplies,Envelopes,74.352,26.9526
2014-11-07,Central,Office Supplies,Storage,59.21,15.7609
2014-11-07,Central,Office Supplies,Supplies,40.712,3.5623
2014-11-07,East,Office Supplies,Fasteners,5.92,2.8416
2014-11-07,East,Office Supplies,Paper,30.18,13.8828
2014-11-07,West,Office Supplies,Art,120.768,9.0576
2014-11-07,West,Office Supplies,Binders,123.144,46.179
2014-11-07,West,Office Supplies,Paper,25.92,9.072
2014-11-08,West,Technology,Phones,333.576,25.0182
2014-11-09,East,Furniture,Furnishings,56.52,21.4776
2014-11-09,West,Furniture,Bookcases,222.666,10.4784
2014-11-09,West,Office Supplies,Paper,157.5,74.347
2014-11-09,West,Office Supplies,Storage,433.44,28.389599999999998
2014-11-09,West,Technology,Phones,703.968,87.996
2014-11-10,Central,Furniture,Chairs,563.94,112.788
2014-11-10,Central,Office Supplies,Art,3.9,1.521
2014-11-10,Central,Office Supplies,Paper,28.68,12.905999999999999
2014-11-10,Central,Office Supplies,Storage,598.3499999999999,172.58159999999998
2014-11-10,West,Furniture,Furnishings,93.08000000000001,26.0624
2014-11-10,West,Office Supplies,Labels,39.84,18.3264
2014-11-10,West,Office Supplies,Paper,62.24,28.008
2014-11-10,West,Technology,Accessories,10.99,4.2861
2014-11-10,West,Technology,Phones,601.536,60.1536
2014-11-11,Central,Furniture,Chairs,797.944,-56.996
2014-11-11,Central,Furniture,Furnishings,10.984,-7.9634
2014-11-11,Central,Office Supplies,Art,67.56,6.756
2014-11-11,Central,Office Supplies,Binders,898.224,-1482.0079
2014-11-11,Central,Office Supplies,Paper,284.05600000000004,102.97030000000001
2014-11-11,Central,Office Supplies,Storage,665.88,13.3176
2014-11-11,Central,Technology,Phones,389.65599999999995,31.7775
2014-11-11,East,Furniture,Bookcases,521.96,-250.5408
2014-11-11,East,Furniture,Furnishings,23.968,7.7896
2014-11-11,East,Office Supplies,Paper,270.27,131.5053
2014-11-11,East,Office Supplies,Supplies,7.3,2.19
2014-11-11,West,Furniture,Chairs,716.568,86.75479999999999
2014-11-11,West,Office Supplies,Appliances,30.76,8.9168
2014-11-11,West,Office Supplies,Art,33.872,8.7304
2014-11-11,West,Office Supplies,Binders,2033.584,762.594
2014-11-11,West,Office Supplies,Paper,123.92,55.764
2014-11-11,West,Technology,Accessories,102.13,15.3195
2014-11-11,West,Technology,Phones,1135.912,113.59119999999999
2014-11-12,Central,Furniture,Bookcases,67.9932,-12.9987
2014-11-12,Central,Furniture,Furnishings,25.128,-6.9102
2014-11-12,Central,Office Supplies,Art,2.672,0.334
2014-11-12,Central,Office Supplies,Paper,36.288,12.7008
2014-11-12,Central,Office Supplies,Storage,49.632,4.9632
2014-11-12,Central,Office Supplies,Supplies,16.656,-3.123
2014-11-12,Central,Technology,Accessories,207.49599999999998,46.4687
2014-11-12,South,Office Supplies,Art,7.872,0.8856
2014-11-12,West,Furniture,Tables,629.064,31.4532
2014-11-12,West,Office Supplies,Paper,11.96,5.8604
2014-11-14,Central,Office Supplies,Binders,24.240000000000002,12.0048
2014-11-14,Central,Office Supplies,Paper,20.736,7.2576
2014-11-14,East,Furniture,Chairs,69.264,14.6224
2014-11-14,East,Office Supplies,Binders,43.8,21.024
2014-11-14,East,Office Supplies,Paper,11.36,5.2256
2014-11-14,East,Technology,Phones,832.93,233.2204
2014-11-14,South,Office Supplies,Paper,32.4,15.552
2014-11-15,Central,Office Supplies,Envelopes,604.656,204.0714
2014-11-15,South,Office Supplies,Appliances,333.056,29.1424
2014-11-15,South,Office Supplies,Art,4.224,0.4752
2014-11-15,South,Office Supplies,Paper,24.896,7.78
2014-11-15,West,Furniture,Furnishings,10.11,3.2352
2014-11-15,West,Office Supplies,Supplies,31.41,8.604600000000001
2014-11-15,West,Technology,Accessories,772.47,146.7693
2014-11-16,Central,Furniture,Chairs,37.296,-1.0656
2014-11-16,Central,Office Supplies,Binders,29.12,14.2688
2014-11-16,Central,Office Supplies,Envelopes,78.35,36.8245
2014-11-16,Central,Office Supplies,Paper,31.68,14.256
2014-11-16,Central,Office Supplies,Storage,169.45,42.3625
2014-11-16,Central,Technology,Phones,273.96,10.9584
2014-11-16,West,Furniture,Bookcases,305.9745,25.1979
2014-11-16,West,Office Supplies,Labels,5.22,2.4012
2014-11-16,West,Office Supplies,Storage,344.91,10.3473
2014-11-16,West,Technology,Phones,79.968,-17.9928
2014-11-17,Central,Furniture,Chairs,479.9,81.583
2014-11-17,Central,Office Supplies,Envelopes,7.08,2.478
2014-11-17,East,Furniture,Bookcases,4007.84,-50.098
2014-11-17,East,Furniture,Chairs,657.93,-93.99
2014-11-17,East,Furniture,Furnishings,124.41,14.9292
2014-11-17,East,Office Supplies,Art,57.75,26.565
2014-11-17,East,Office Supplies,Binders,2152.776,726.5619
2014-11-17,East,Office Supplies,Paper,46.888,21.11
2014-11-17,East,Office Supplies,Storage,2934.33,792.2691
2014-11-17,West,Office Supplies,Appliances,241.44,72.432
2014-11-17,West,Office Supplies,Paper,733.95,352.296
2014-11-17,West,Technology,Accessories,99.98,7.9984
2014-11-18,Central,Furniture,Bookcases,424.116,-30.294
2014-11-18,Central,Furniture,Chairs,392.94,43.2234
2014-11-18,Central,Furniture,Furnishings,8.544,-7.476
2014-11-18,Central,Furniture,Tables,292.1,-175.26
2014-11-18,Central,Office Supplies,Binders,17.372,-28.8084
2014-11-18,Central,Office Supplies,Storage,448.87,-50.0135
2014-11-18,East,Furniture,Furnishings,60.312,5.2773
2014-11-18,East,Office Supplies,Binders,64.749,-50.882400000000004
2014-11-18,East,Office Supplies,Storage,76.792,-16.3183
2014-11-18,East,Technology,Phones,549.552,-110.0702
2014-11-18,West,Furniture,Furnishings,137.54,55.016
2014-11-18,West,Furniture,Tables,876.1800000000001,-4.3404000000000025
2014-11-18,West,Office Supplies,Paper,57.788,22.4238
2014-11-19,Central,Office Supplies,Storage,221.16,57.5016
2014-11-19,Central,Technology,Phones,281.97,78.9516
2014-11-19,East,Furniture,Bookcases,1025.88,235.9524
2014-11-19,East,Office Supplies,Binders,213.08,102.2784
2014-11-19,East,Office Supplies,Labels,32.46,15.3816
2014-11-19,East,Office Supplies,Paper,5.88,1.9845
2014-11-19,East,Technology,Accessories,47.496,-1.1874
2014-11-19,East,Technology,Phones,4548.81,1228.1787
2014-11-19,South,Technology,Accessories,29.0,7.25
2014-11-19,South,Technology,Phones,653.91,173.01559999999998
2014-11-19,West,Office Supplies,Paper,166.44,79.8912
2014-11-20,East,Office Supplies,Binders,12.96,4.536
2014-11-20,East,Office Supplies,Envelopes,34.74,17.37
2014-11-20,East,Office Supplies,Paper,25.92,12.4416
2014-11-20,East,Technology,Phones,833.94,216.8244
2014-11-21,Central,Office Supplies,Envelopes,1.632,0.5508
2014-11-21,Central,Technology,Phones,267.96,16.7475
2014-11-21,South,Office Supplies,Art,5.46,1.4742
2014-11-21,South,Office Supplies,Paper,629.1,301.968
2014-11-21,South,Office Supplies,Storage,193.95,9.6975
2014-11-21,South,Technology,Phones,36.99,9.9873
2014-11-21,West,Office Supplies,Paper,19.54,9.2476
2014-11-21,West,Technology,Accessories,94.99,28.497
2014-11-22,Central,Office Supplies,Binders,16.908,-27.5518
2014-11-22,South,Office Supplies,Appliances,675.12,290.3016
2014-11-22,South,Office Supplies,Binders,319.9,156.751
2014-11-22,South,Office Supplies,Envelopes,27.59,13.2919
2014-11-22,South,Office Supplies,Paper,9.96,4.8804
2014-11-22,West,Office Supplies,Paper,53.82,24.219
2014-11-23,Central,Furniture,Chairs,155.372,-35.5136
2014-11-23,Central,Furniture,Furnishings,6.368,-2.5472
2014-11-23,Central,Office Supplies,Appliances,34.176,-87.1488
2014-11-23,Central,Office Supplies,Binders,14.67,6.7482
2014-11-23,Central,Office Supplies,Labels,23.68,8.88
2014-11-23,Central,Technology,Accessories,5.544,1.6632
2014-11-23,East,Office Supplies,Envelopes,62.808,21.1977
2014-11-23,West,Furniture,Chairs,985.3599999999999,-44.101
2014-11-23,West,Office Supplies,Envelopes,45.312,19.2852
2014-11-23,West,Technology,Accessories,29.99,6.2979
2014-11-24,Central,Office Supplies,Art,151.92,45.576
2014-11-24,Central,Office Supplies,Labels,196.62,96.3438
2014-11-24,Central,Office Supplies,Paper,160.08,77.1576
2014-11-24,Central,Office Supplies,Storage,646.2,-8.0775
2014-11-24,Central,Technology,Accessories,111.79,43.5981
2014-11-24,East,Furniture,Chairs,611.058,-34.9176
2014-11-24,East,Furniture,Furnishings,35.168,9.6712
2014-11-24,East,Office Supplies,Art,2.624,0.4264
2014-11-24,East,Office Supplies,Binders,5.742,-4.5936
2014-11-24,East,Technology,Phones,2552.346,-460.39
2014-11-24,South,Furniture,Furnishings,111.15,48.906
2014-11-24,West,Furniture,Chairs,120.712,-18.1068
2014-11-24,West,Furniture,Furnishings,151.72,27.3096
2014-11-24,West,Office Supplies,Binders,12.096,4.2336
2014-11-24,West,Office Supplies,Paper,25.92,12.4416
2014-11-24,West,Office Supplies,Storage,683.46,63.0642
2014-11-25,Central,Furniture,Furnishings,6.096,-3.9624
2014-11-25,Central,Furniture,Tables,1218.735,-121.8735
2014-11-25,Central,Office Supplies,Labels,8.424,2.8746
2014-11-25,Central,Office Supplies,Paper,15.696,5.1012
2014-11-25,Central,Technology,Accessories,24.672,0.0
2014-11-25,East,Furniture,Bookcases,275.952,-37.9434
2014-11-25,East,Furniture,Furnishings,52.96,20.1248
2014-11-25,East,Office Supplies,Storage,1117.92,55.896
2014-11-25,West,Furniture,Chairs,725.344,54.4008
2014-11-25,West,Furniture,Furnishings,23.88,10.5072
2014-11-25,West,Office Supplies,Appliances,320.88,93.0552
2014-11-25,West,Office Supplies,Art,58.455999999999996,10.894100000000002
2014-11-25,West,Office Supplies,Paper,26.76,12.3096
2014-11-25,West,Technology,Phones,539.92,47.243
2014-11-26,Central,Furniture,Furnishings,19.3,-14.475
2014-11-26,East,Office Supplies,Binders,30.0,10.4478
2014-11-26,East,Office Supplies,Labels,104.67,50.35680000000001
2014-11-26,East,Technology,Phones,279.96,78.3888
2014-11-26,West,Office Supplies,Appliances,40.54,11.3512
2014-11-26,West,Office Supplies,Binders,11.632000000000001,4.0712
2014-11-26,West,Office Supplies,Paper,112.472,52.6352
2014-11-26,West,Office Supplies,Storage,669.08,-167.27
2014-11-26,West,Technology,Phones,438.336,-87.6672
2014-11-27,East,Furniture,Furnishings,199.9,39.98
2014-11-27,East,Office Supplies,Fasteners,3.76,1.316
2014-11-28,Central,Office Supplies,Envelopes,64.02,29.4492
2014-11-28,Central,Technology,Machines,998.85,-199.77
2014-11-28,East,Office Supplies,Binders,17.248,6.0368
2014-11-28,South,Furniture,Furnishings,397.6,43.736
2014-11-28,South,Office Supplies,Art,27.79,8.2905
2014-11-28,South,Office Supplies,Binders,45.66,22.3734
2014-11-28,South,Office Supplies,Paper,85.96,40.4012
2014-11-28,West,Furniture,Bookcases,411.332,-4.8392
2014-11-28,West,Office Supplies,Appliances,43.68,11.7936
2014-11-28,West,Office Supplies,Labels,41.4,19.872
2014-11-28,West,Office Supplies,Supplies,7.36,0.1472
2014-11-28,West,Technology,Accessories,139.93,34.9825
2014-11-29,Central,Office Supplies,Fasteners,12.624,3.945
2014-11-29,East,Office Supplies,Labels,30.099999999999998,13.5422
2014-11-29,West,Office Supplies,Fasteners,30.4,15.2
2014-11-29,West,Technology,Phones,575.92,71.99
2014-11-30,East,Office Supplies,Envelopes,62.28,29.2716
2014-11-30,South,Office Supplies,Binders,6.642,-4.428
2014-11-30,West,Office Supplies,Supplies,47.992,3.5994
2014-11-30,West,Technology,Accessories,102.24,-16.614
2014-12-01,Central,Furniture,Chairs,3481.898,654.6228000000001
2014-12-01,Central,Office Supplies,Art,46.64,12.5928
2014-12-01,East,Furniture,Chairs,909.72,-51.984
2014-12-01,East,Furniture,Furnishings,63.788000000000004,20.2486
2014-12-01,East,Office Supplies,Paper,36.288,12.7008
2014-12-01,East,Technology,Copiers,659.988,109.998
2014-12-01,East,Technology,Phones,271.9,78.851
2014-12-01,South,Technology,Phones,95.968,9.5968
2014-12-01,West,Furniture,Furnishings,58.2,28.518
2014-12-02,Central,Furniture,Furnishings,98.32,-48.778999999999996
2014-12-02,Central,Office Supplies,Appliances,2.394,-6.3441
2014-12-02,Central,Office Supplies,Art,16.464,1.4406
2014-12-02,East,Furniture,Bookcases,883.92,-110.49
2014-12-02,East,Furniture,Chairs,239.84,64.7568
2014-12-02,East,Furniture,Furnishings,60.72,23.6808
2014-12-02,East,Office Supplies,Binders,46.72,15.768
2014-12-02,East,Office Supplies,Labels,15.66,7.2036
2014-12-02,East,Office Supplies,Paper,146.82,73.41
2014-12-02,East,Technology,Accessories,239.76,82.7324
2014-12-02,South,Office Supplies,Paper,15.24,7.1628
2014-12-02,South,Technology,Accessories,5.95,0.833
2014-12-03,Central,Office Supplies,Paper,25.92,12.4416
2014-12-03,Central,Technology,Phones,479.96,134.3888
2014-12-04,East,Technology,Phones,129.98,62.3904
2014-12-05,Central,Office Supplies,Storage,24.816,1.8612
2014-12-05,Central,Technology,Accessories,408.744,76.6395
2014-12-05,East,Office Supplies,Binders,29.94,-23.952
2014-12-05,East,Office Supplies,Envelopes,348.488,117.6147
2014-12-05,East,Office Supplies,Paper,115.84800000000001,41.33969999999999
2014-12-05,East,Office Supplies,Storage,172.736,-30.2288
2014-12-05,East,Technology,Phones,216.678,-54.1695
2014-12-05,South,Office Supplies,Storage,24.56,6.8768
2014-12-05,West,Office Supplies,Appliances,250.26,72.5754
2014-12-05,West,Office Supplies,Art,1139.484,123.2094
2014-12-05,West,Office Supplies,Fasteners,15.0,7.2
2014-12-05,West,Office Supplies,Paper,49.12,23.0864
2014-12-05,West,Technology,Phones,167.968,62.988
2014-12-06,Central,Furniture,Furnishings,34.751999999999995,-19.2348
2014-12-06,Central,Furniture,Tables,214.95,-120.372
2014-12-06,Central,Office Supplies,Appliances,14.016,-31.536
2014-12-06,Central,Office Supplies,Binders,4.6,-8.05
2014-12-06,Central,Office Supplies,Storage,35.168,-8.3524
2014-12-06,Central,Technology,Phones,35.04,-7.008
2014-12-06,South,Office Supplies,Paper,42.208,13.7176
2014-12-06,West,Furniture,Tables,275.49,-170.8038
2014-12-06,West,Office Supplies,Storage,1314.754,332.6204
2014-12-07,South,Office Supplies,Paper,105.52,48.5392
2014-12-07,West,Office Supplies,Art,8.64,2.4192
2014-12-07,West,Office Supplies,Paper,164.88,80.7912
2014-12-07,West,Office Supplies,Storage,269.36,70.0336
2014-12-08,Central,Office Supplies,Storage,60.416,6.0416
2014-12-08,West,Furniture,Chairs,603.92,45.294
2014-12-08,West,Furniture,Furnishings,119.32,39.7648
2014-12-08,West,Office Supplies,Binders,6.456,-4.5192
2014-12-08,West,Office Supplies,Labels,39.408,12.807599999999999
2014-12-08,West,Office Supplies,Paper,56.048,24.641599999999997
2014-12-08,West,Office Supplies,Storage,39.072,2.9304
2014-12-08,West,Office Supplies,Supplies,13.88,-2.6025
2014-12-08,West,Technology,Accessories,103.92,-18.186
2014-12-08,West,Technology,Phones,52.68,19.755
2014-12-09,Central,Office Supplies,Appliances,20.388,-53.0088
2014-12-09,Central,Office Supplies,Paper,19.136000000000003,6.6975999999999996
2014-12-09,Central,Office Supplies,Storage,237.096,20.7459
2014-12-09,East,Office Supplies,Envelopes,30.672,9.585
2014-12-09,East,Technology,Copiers,1079.976,125.9972
2014-12-09,West,Office Supplies,Paper,34.68,16.9932
2014-12-09,West,Office Supplies,Storage,100.704,-1.2588
2014-12-10,East,Office Supplies,Binders,106.344,37.2204
2014-12-10,East,Office Supplies,Paper,11.36,5.2256
2014-12-10,West,Furniture,Chairs,338.352,4.2294
2014-12-10,West,Office Supplies,Paper,117.28,54.4672
2014-12-12,Central,Office Supplies,Binders,210.392,-336.6272
2014-12-12,South,Office Supplies,Envelopes,23.472,7.6284
2014-12-12,West,Furniture,Bookcases,254.9745,11.9988
2014-12-12,West,Furniture,Furnishings,65.09,13.2806
2014-12-12,West,Furniture,Tables,4375.536,230.9928
2014-12-12,West,Office Supplies,Storage,8.94,0.6258
2014-12-13,Central,Furniture,Furnishings,94.428,-42.4926
2014-12-13,Central,Office Supplies,Supplies,2.92,0.365
2014-12-13,South,Office Supplies,Binders,12.39,5.8233
2014-12-13,West,Furniture,Furnishings,87.96,7.6965
2014-12-13,West,Office Supplies,Binders,5.214,-4.1712
2014-12-13,West,Office Supplies,Paper,90.24,41.5104
2014-12-14,Central,Office Supplies,Binders,14.367999999999999,-22.5728
2014-12-14,Central,Office Supplies,Fasteners,2.896,0.4706
2014-12-14,Central,Technology,Accessories,35.016,-2.1885
2014-12-14,East,Furniture,Tables,136.53,-52.3365
2014-12-14,East,Office Supplies,Art,2.624,0.2952
2014-12-14,East,Technology,Accessories,263.96,42.8935
2014-12-14,East,Technology,Machines,6999.96,2239.9872
2014-12-14,South,Furniture,Chairs,186.304,13.9728
2014-12-15,Central,Furniture,Chairs,763.28,-21.808
2014-12-15,Central,Furniture,Furnishings,8.544,-7.476
2014-12-15,Central,Technology,Phones,40.68,-9.153
2014-12-15,East,Furniture,Chairs,445.802,-108.2662
2014-12-15,West,Furniture,Furnishings,6.16,1.9712
2014-12-16,Central,Furniture,Furnishings,65.192,-77.5398
2014-12-16,Central,Office Supplies,Paper,150.488,65.2328
2014-12-16,Central,Technology,Accessories,319.968,95.9904
2014-12-16,South,Furniture,Chairs,1013.832,101.3832
2014-12-16,South,Furniture,Furnishings,29.46,9.7218
2014-12-16,South,Office Supplies,Binders,1.167,-0.8558
2014-12-16,South,Office Supplies,Fasteners,1.984,0.6696
2014-12-16,South,Technology,Accessories,99.98,7.9984
2014-12-16,West,Furniture,Chairs,1645.488,88.3136
2014-12-16,West,Furniture,Furnishings,44.46,14.6718
2014-12-16,West,Technology,Accessories,395.0,39.5
2014-12-16,West,Technology,Phones,627.168,70.5564
2014-12-17,East,Office Supplies,Binders,5.484,-4.0216
2014-12-17,South,Office Supplies,Art,40.05,11.214
2014-12-19,Central,Office Supplies,Paper,15.552,5.4432
2014-12-19,Central,Office Supplies,Storage,32.592,-7.7406
2014-12-19,Central,Technology,Phones,323.976,36.4473
2014-12-19,South,Furniture,Chairs,1819.86,163.7874
2014-12-19,South,Office Supplies,Binders,157.572,71.1632
2014-12-19,South,Office Supplies,Supplies,7.27,1.9629
2014-12-19,South,Technology,Accessories,247.8,-18.585
2014-12-19,West,Office Supplies,Fasteners,22.55,8.7945
2014-12-19,West,Office Supplies,Labels,14.62,6.8714
2014-12-19,West,Technology,Phones,794.968,88.81259999999999
2014-12-20,Central,Office Supplies,Appliances,19.432,-49.5516
2014-12-20,Central,Office Supplies,Binders,1103.97,496.7865
2014-12-20,Central,Office Supplies,Labels,3.69,1.7343
2014-12-20,Central,Technology,Accessories,65.44,-8.18
2014-12-20,East,Furniture,Chairs,192.186,36.3018
2014-12-20,East,Furniture,Furnishings,190.848,-21.4704
2014-12-20,South,Furniture,Chairs,662.88,74.574
2014-12-20,South,Furniture,Tables,2699.58,593.9076
2014-12-20,South,Office Supplies,Appliances,43.512,3.8073
2014-12-20,South,Office Supplies,Binders,62.31,29.2857
2014-12-20,South,Office Supplies,Paper,25.92,9.072
2014-12-20,South,Office Supplies,Storage,122.48,0.0
2014-12-20,West,Furniture,Chairs,242.352,-42.4116
2014-12-20,West,Furniture,Furnishings,51.968,10.3936
2014-12-20,West,Office Supplies,Art,51.43,13.4544
2014-12-20,West,Office Supplies,Binders,643.104,202.909
2014-12-20,West,Office Supplies,Labels,31.05,14.904
2014-12-20,West,Office Supplies,Paper,230.368,80.312
2014-12-20,West,Technology,Accessories,519.9200000000001,111.1816
2014-12-21,East,Office Supplies,Labels,17.28,7.9488
2014-12-21,South,Office Supplies,Binders,18.24,-14.592
2014-12-21,West,Furniture,Chairs,1897.92,184.908
2014-12-22,Central,Office Supplies,Binders,17.904,-31.332
2014-12-22,Central,Office Supplies,Paper,124.032,44.9616
2014-12-22,Central,Office Supplies,Storage,132.16,9.912
2014-12-22,East,Office Supplies,Binders,296.712,100.1403
2014-12-22,East,Office Supplies,Storage,216.4,56.264
2014-12-22,West,Office Supplies,Art,11.76,3.1752
2014-12-23,Central,Office Supplies,Appliances,207.24,58.0272
2014-12-23,Central,Office Supplies,Paper,5.184,1.8144
2014-12-23,East,Furniture,Tables,53.316,-19.5492
2014-12-23,East,Office Supplies,Appliances,56.52,15.8256
2014-12-23,South,Furniture,Chairs,64.784,6.4784
2014-12-23,South,Office Supplies,Art,1.344,0.504
2014-12-23,South,Office Supplies,Paper,45.528,15.9348
2014-12-23,South,Office Supplies,Storage,508.192,-11.6558
2014-12-24,East,Furniture,Furnishings,30.36,8.7285
2014-12-24,South,Office Supplies,Paper,9.568,3.4684
2014-12-24,West,Furniture,Chairs,292.272,18.267
2014-12-24,West,Furniture,Furnishings,23.99,5.5177
2014-12-24,West,Office Supplies,Appliances,375.93,104.981
2014-12-24,West,Office Supplies,Storage,163.20000000000002,41.6328
2014-12-24,West,Technology,Accessories,62.85,13.1985
2014-12-24,West,Technology,Phones,992.0319999999999,68.5141
2014-12-26,Central,Furniture,Chairs,600.558,-8.5794
2014-12-26,Central,Office Supplies,Binders,8.69,-14.773
2014-12-26,East,Office Supplies,Appliances,116.208,13.7868
2014-12-26,East,Office Supplies,Art,8.016,1.1022
2014-12-26,East,Office Supplies,Paper,18.264,6.1641
2014-12-26,East,Office Supplies,Storage,419.01599999999996,-23.400000000000002
2014-12-26,West,Furniture,Chairs,230.352,20.1558
2014-12-26,West,Furniture,Furnishings,522.248,55.4082
2014-12-26,West,Office Supplies,Binders,78.6,-62.88
2014-12-26,West,Office Supplies,Fasteners,27.552,9.2988
2014-12-26,West,Office Supplies,Supplies,11.91,0.1191
2014-12-27,Central,Furniture,Furnishings,32.952,-19.7712
2014-12-27,Central,Office Supplies,Binders,4.984,-8.4728
2014-12-27,Central,Office Supplies,Storage,30.016,3.0016
2014-12-27,East,Furniture,Chairs,767.214,161.9674
2014-12-27,East,Furniture,Furnishings,182.352,-18.2352
2014-12-27,East,Office Supplies,Storage,118.16,-25.109
2014-12-27,South,Office Supplies,Paper,23.92,11.7208
2014-12-27,South,Technology,Accessories,498.0,184.26
2014-12-27,West,Furniture,Chairs,230.28,23.028
2014-12-27,West,Office Supplies,Appliances,10.98,2.9646
2014-12-27,West,Office Supplies,Binders,983.82,-680.3976
2014-12-27,West,Office Supplies,Fasteners,7.86,3.6156
2014-12-27,West,Office Supplies,Labels,11.56,5.4332
2014-12-27,West,Office Supplies,Paper,12.84,5.778
2014-12-27,West,Office Supplies,Storage,51.45,13.8915
2014-12-28,East,Office Supplies,Appliances,1737.18,503.7822
2014-12-28,East,Office Supplies,Art,99.136,8.6744
2014-12-28,East,Office Supplies,Paper,141.76,66.6272
2014-12-28,East,Office Supplies,Storage,704.25,84.51
2014-12-28,West,Office Supplies,Storage,998.82,29.9646
2014-12-28,West,Office Supplies,Supplies,51.15,13.299
2014-12-29,Central,Furniture,Furnishings,47.712,-55.4736
2014-12-29,Central,Office Supplies,Storage,24.56,6.8768
2014-12-29,Central,Technology,Accessories,119.8,47.92
2014-12-29,East,Office Supplies,Appliances,48.36,6.045
2014-12-29,West,Furniture,Furnishings,95.46000000000001,32.2074
2014-12-29,West,Office Supplies,Binders,14.352,4.6644
2014-12-29,West,Office Supplies,Labels,363.57,170.7942
2014-12-29,West,Office Supplies,Paper,21.12,9.504
2014-12-29,West,Office Supplies,Storage,33.29,7.9896
2014-12-29,West,Technology,Machines,767.952,287.982
2014-12-29,West,Technology,Phones,535.9200000000001,49.499700000000004
2014-12-30,Central,Office Supplies,Art,9.84,2.8536
2014-12-30,Central,Office Supplies,Binders,2.286,-3.6576
2014-12-30,Central,Office Supplies,Envelopes,12.984,4.7067
2014-12-30,Central,Technology,Accessories,47.984,14.3952
2014-12-30,Central,Technology,Phones,546.36,47.8065
2014-12-30,East,Furniture,Tables,523.764,-192.0468
2014-12-30,East,Office Supplies,Appliances,122.94,30.735
2014-12-30,East,Office Supplies,Binders,35.448,12.8499
2014-12-30,East,Technology,Accessories,27.968,6.992
2014-12-30,East,Technology,Phones,251.964,-50.3928
2014-12-30,South,Office Supplies,Storage,39.128,-8.8038
2014-12-30,West,Office Supplies,Binders,551.985,-459.9875
2014-12-31,Central,Office Supplies,Art,29.68,11.5752
2014-12-31,Central,Office Supplies,Envelopes,49.568,17.9684
2014-12-31,Central,Technology,Accessories,47.53,16.1602
2014-12-31,East,Furniture,Bookcases,1915.448,275.33680000000004
2014-12-31,East,Furniture,Chairs,605.88,151.47
2014-12-31,East,Furniture,Furnishings,63.2,23.384
2014-12-31,East,Office Supplies,Labels,18.9,8.694
2014-12-31,East,Office Supplies,Paper,210.57999999999998,98.9726
2014-12-31,East,Technology,Accessories,1836.54,781.4589
2014-12-31,West,Technology,Phones,475.944,59.493
2015-01-02,East,Furniture,Bookcases,452.45,-244.323
2015-01-02,East,Office Supplies,Art,9.84,2.6568
2015-01-02,East,Office Supplies,Labels,23.68,8.88
2015-01-02,East,Office Supplies,Paper,20.04,9.6192
2015-01-02,East,Office Supplies,Storage,85.52,22.2352
2015-01-02,East,Technology,Accessories,89.584,4.4792
2015-01-02,East,Technology,Machines,1188.0,-950.4
2015-01-02,East,Technology,Phones,62.982,-14.6958
2015-01-03,Central,Furniture,Bookcases,1352.3976,-437.5404
2015-01-03,Central,Office Supplies,Art,7.056,0.7938
2015-01-03,Central,Office Supplies,Paper,10.368,3.6288
2015-01-03,Central,Technology,Accessories,398.4,84.66
2015-01-04,Central,Office Supplies,Binders,32.34,15.5232
2015-01-04,Central,Office Supplies,Paper,39.9,19.95
2015-01-04,South,Furniture,Furnishings,192.22,69.1992
2015-01-05,East,Office Supplies,Art,59.52,15.4752
2015-01-05,East,Office Supplies,Binders,13.168,4.6088
2015-01-05,East,Office Supplies,Envelopes,17.48,8.2156
2015-01-05,West,Furniture,Chairs,61.584,-6.9282
2015-01-05,West,Office Supplies,Appliances,87.36,23.5872
2015-01-05,West,Office Supplies,Binders,56.16,17.55
2015-01-06,West,Office Supplies,Binders,1.938,-1.3566
2015-01-06,West,Office Supplies,Paper,29.6,9.25
2015-01-09,South,Office Supplies,Appliances,163.44,45.7632
2015-01-09,South,Office Supplies,Art,42.76,11.1176
2015-01-09,South,Office Supplies,Paper,157.87,74.1989
2015-01-10,East,Furniture,Tables,1018.104,-373.3048
2015-01-12,East,Office Supplies,Art,10.368,1.5552
2015-01-12,East,Office Supplies,Storage,465.18,120.9468
2015-01-12,East,Technology,Accessories,10.384,2.2066
2015-01-12,East,Technology,Phones,368.682,-61.903800000000004
2015-01-13,South,Office Supplies,Labels,9.82,4.8118
2015-01-13,West,Furniture,Furnishings,542.45,130.994
2015-01-13,West,Office Supplies,Binders,70.008,24.5028
2015-01-17,Central,Furniture,Furnishings,254.744,-312.0614
2015-01-17,East,Office Supplies,Art,6.68,2.004
2015-01-17,South,Office Supplies,Supplies,88.96,10.008
2015-01-19,Central,Furniture,Chairs,199.304,-8.5416
2015-01-19,Central,Furniture,Tables,102.438,-13.1706
2015-01-23,West,Office Supplies,Labels,14.62,6.8714
2015-01-23,West,Office Supplies,Paper,29.04,13.9392
2015-01-24,South,Office Supplies,Art,13.12,2.132
2015-01-26,West,Office Supplies,Paper,182.72,84.0512
2015-01-27,East,Furniture,Chairs,181.986,-54.5958
2015-01-27,East,Technology,Phones,587.346,-137.04739999999998
2015-01-27,West,Furniture,Chairs,2803.92,0.0
2015-01-28,South,Furniture,Tables,4297.644,-1862.3124
2015-01-30,Central,Office Supplies,Paper,14.304,5.0064
2015-01-30,West,Furniture,Furnishings,227.36,81.8496
2015-01-30,West,Technology,Machines,1919.976,215.9973
2015-01-31,Central,Furniture,Furnishings,53.34,16.5354
2015-01-31,Central,Office Supplies,Binders,32.96,16.1504
2015-01-31,Central,Office Supplies,Paper,12.96,6.2208
2015-02-03,Central,Furniture,Furnishings,28.4,11.076
2015-02-03,Central,Technology,Accessories,149.97,50.9898
2015-02-03,East,Furniture,Chairs,90.882,15.147
2015-02-03,South,Office Supplies,Envelopes,74.52,35.0244
2015-02-03,West,Furniture,Furnishings,136.92,41.076
2015-02-03,West,Office Supplies,Binders,12.144,4.0986
2015-02-06,Central,Office Supplies,Binders,2.934,-4.9878
2015-02-06,Central,Office Supplies,Storage,670.752,-125.766
2015-02-06,Central,Technology,Accessories,18.528,4.4004
2015-02-06,East,Furniture,Bookcases,283.92,82.3368
2015-02-06,East,Furniture,Chairs,1268.82,266.4522
2015-02-06,East,Office Supplies,Art,5.68,1.7608
2015-02-06,South,Office Supplies,Paper,29.9,13.455
2015-02-06,South,Office Supplies,Storage,146.73,2.9346
2015-02-06,West,Office Supplies,Art,5.28,1.5312
2015-02-07,South,Office Supplies,Envelopes,311.15,146.2405
2015-02-07,South,Office Supplies,Paper,12.96,6.3504
2015-02-08,Central,Office Supplies,Art,5.76,1.728
2015-02-08,Central,Office Supplies,Fasteners,5.81,1.8011
2015-02-08,Central,Office Supplies,Paper,9.54,4.293
2015-02-08,East,Technology,Phones,107.982,-26.9955
2015-02-09,Central,Furniture,Furnishings,40.784,-30.588
2015-02-09,Central,Office Supplies,Labels,40.096,13.5324
2015-02-09,Central,Technology,Accessories,500.752,96.491
2015-02-09,West,Furniture,Chairs,203.92,22.941
2015-02-10,East,Office Supplies,Storage,77.24,7.724
2015-02-14,East,Office Supplies,Art,14.352,0.897
2015-02-14,East,Office Supplies,Binders,43.662,-4.0593
2015-02-14,East,Technology,Accessories,71.976,0.8997
2015-02-14,East,Technology,Phones,949.972,106.80149999999999
2015-02-15,Central,Technology,Accessories,139.95,26.5905
2015-02-15,Central,Technology,Phones,834.95,260.78000000000003
2015-02-15,West,Office Supplies,Appliances,541.44,157.0176
2015-02-15,West,Office Supplies,Binders,53.239999999999995,17.2135
2015-02-15,West,Office Supplies,Paper,32.8,15.744
2015-02-16,East,Office Supplies,Paper,35.88,16.146
2015-02-16,West,Office Supplies,Labels,87.71,41.2237
2015-02-16,West,Office Supplies,Paper,36.84,17.3148
2015-02-18,West,Furniture,Tables,35.544,-0.8886
2015-02-18,West,Office Supplies,Labels,70.3,32.5228
2015-02-20,East,Office Supplies,Art,286.79,74.5654
2015-02-20,South,Technology,Accessories,29.99,2.999
2015-02-21,East,Office Supplies,Binders,2541.98,1270.99
2015-02-21,West,Office Supplies,Paper,49.12,23.0864
2015-02-22,Central,Office Supplies,Art,79.36,20.6336
2015-02-23,East,Office Supplies,Appliances,26.88,6.72
2015-02-23,East,Office Supplies,Binders,10.896,3.8136
2015-02-25,East,Office Supplies,Labels,3.15,1.512
2015-02-25,East,Office Supplies,Paper,22.72,10.224
2015-02-27,East,Furniture,Tables,493.92,-28.224
2015-02-27,East,Office Supplies,Art,16.032,2.2044
2015-02-27,East,Office Supplies,Binders,4.419,-3.3879
2015-02-27,East,Technology,Phones,105.98,1.0598
2015-02-27,West,Technology,Accessories,538.92,80.838
2015-02-28,South,Furniture,Chairs,551.264,15.566400000000002
2015-03-01,Central,Furniture,Bookcases,1227.9984,-36.1176
2015-03-01,Central,Office Supplies,Art,55.328,6.2244
2015-03-01,Central,Technology,Phones,95.84,34.742
2015-03-01,East,Office Supplies,Appliances,3.552,0.444
2015-03-01,South,Office Supplies,Binders,58.72,27.0112
2015-03-01,West,Furniture,Chairs,184.752,-20.7846
2015-03-01,West,Technology,Phones,15.984,1.1988
2015-03-02,Central,Office Supplies,Art,10.16,2.6416
2015-03-02,Central,Office Supplies,Envelopes,101.88,50.94
2015-03-02,West,Furniture,Tables,787.53,165.3813
2015-03-05,Central,Furniture,Furnishings,4.712,-1.8848
2015-03-05,Central,Office Supplies,Appliances,241.67,-454.1617
2015-03-05,Central,Office Supplies,Binders,11.212,-16.818
2015-03-05,Central,Office Supplies,Fasteners,7.104,2.4864
2015-03-05,Central,Office Supplies,Storage,60.416,6.0416
2015-03-05,Central,Technology,Phones,55.84,9.0916
2015-03-05,East,Furniture,Chairs,482.97900000000004,56.8365
2015-03-05,East,Furniture,Furnishings,33.568,-5.4548
2015-03-05,East,Office Supplies,Binders,2.556,-1.7892
2015-03-05,East,Office Supplies,Envelopes,29.34,14.67
2015-03-05,East,Office Supplies,Storage,563.4,67.608
2015-03-05,East,Technology,Accessories,10.312,-1.289
2015-03-05,East,Technology,Phones,466.158,-93.2316
2015-03-06,West,Furniture,Furnishings,435.26,95.7572
2015-03-06,West,Technology,Copiers,1119.984,377.9946
2015-03-07,East,Office Supplies,Binders,99.72,48.169999999999995
2015-03-07,East,Technology,Accessories,119.85,52.734
2015-03-07,East,Technology,Phones,587.97,170.5113
2015-03-08,Central,Furniture,Bookcases,512.94,97.4586
2015-03-08,Central,Furniture,Chairs,860.93,189.4046
2015-03-08,Central,Furniture,Furnishings,373.08,82.0776
2015-03-08,Central,Office Supplies,Art,14.98,4.494
2015-03-08,Central,Office Supplies,Binders,8.568,-14.5656
2015-03-08,Central,Technology,Phones,769.95,223.2855
2015-03-08,East,Office Supplies,Paper,19.44,9.3312
2015-03-08,West,Office Supplies,Art,3.408,0.8946
2015-03-09,Central,Technology,Accessories,113.52,29.799
2015-03-09,Central,Technology,Phones,359.88,22.4925
2015-03-09,South,Office Supplies,Labels,4.608,1.6704
2015-03-10,Central,Office Supplies,Binders,1.112,-1.8904
2015-03-10,East,Office Supplies,Storage,89.82,25.1496
2015-03-12,South,Furniture,Furnishings,37.288,5.3018
2015-03-12,South,Office Supplies,Envelopes,8.688,2.9322
2015-03-12,South,Office Supplies,Labels,5.04,1.764
2015-03-13,West,Furniture,Bookcases,141.96,39.7488
2015-03-13,West,Furniture,Chairs,915.136,102.9528
2015-03-13,West,Furniture,Furnishings,327.76,91.7728
2015-03-14,East,Office Supplies,Binders,671.94,315.8118
2015-03-14,East,Office Supplies,Labels,16.52,7.5992
2015-03-14,West,Office Supplies,Paper,19.44,9.3312
2015-03-15,West,Technology,Phones,16.776,1.6776
2015-03-16,East,Office Supplies,Art,17.52,6.3072
2015-03-16,East,Technology,Phones,85.9,2.577
2015-03-16,South,Office Supplies,Art,11.08,2.9082
2015-03-16,South,Office Supplies,Binders,6354.95,3177.475
2015-03-16,South,Office Supplies,Envelopes,7.38,3.3948
2015-03-16,South,Office Supplies,Labels,491.55,240.8595
2015-03-16,South,Office Supplies,Storage,46.74,11.685
2015-03-16,West,Furniture,Furnishings,43.13,18.1146
2015-03-16,West,Furniture,Tables,171.96,44.7096
2015-03-17,East,Office Supplies,Storage,33.82,9.1314
2015-03-17,East,Technology,Accessories,15.02,2.7036
2015-03-19,Central,Furniture,Bookcases,383.4656,-67.6704
2015-03-19,Central,Office Supplies,Paper,65.584,23.7742
2015-03-19,South,Office Supplies,Paper,14.496,4.8924
2015-03-19,West,Office Supplies,Binders,17.568,6.3684
2015-03-19,West,Office Supplies,Fasteners,10.9,3.597
2015-03-19,West,Office Supplies,Labels,14.62,6.8714
2015-03-19,West,Office Supplies,Paper,261.8,126.185
2015-03-19,West,Office Supplies,Storage,1247.64,349.3392
2015-03-19,West,Office Supplies,Supplies,33.36,8.6736
2015-03-19,West,Technology,Copiers,3149.93,1480.4671
2015-03-19,West,Technology,Phones,453.576,39.6879
2015-03-20,Central,Office Supplies,Binders,2.512,-4.396
2015-03-20,Central,Office Supplies,Fasteners,18.864,6.1308
2015-03-20,Central,Office Supplies,Paper,51.84,24.8832
2015-03-20,East,Office Supplies,Binders,1137.7839999999999,370.4029
2015-03-20,East,Office Supplies,Envelopes,23.99,11.995
2015-03-20,East,Office Supplies,Storage,83.92,20.1408
2015-03-20,East,Technology,Phones,199.98,53.9946
2015-03-20,West,Office Supplies,Storage,29.304,2.5641
2015-03-21,South,Office Supplies,Appliances,962.08,156.338
2015-03-21,South,Office Supplies,Binders,12.843,-9.8463
2015-03-21,South,Office Supplies,Paper,295.456,96.0232
2015-03-22,Central,Office Supplies,Binders,14.112,-21.168
2015-03-22,Central,Office Supplies,Storage,129.568,-25.9136
2015-03-22,Central,Technology,Accessories,18.392,5.2877
2015-03-22,South,Office Supplies,Art,19.56,5.4768
2015-03-22,South,Office Supplies,Storage,150.408,-33.8418
2015-03-22,South,Technology,Accessories,447.944,89.5888
2015-03-22,West,Furniture,Furnishings,91.96,15.6332
2015-03-22,West,Office Supplies,Paper,105.52,48.5392
2015-03-22,West,Technology,Phones,1503.96,187.19580000000002
2015-03-23,Central,Furniture,Chairs,107.772,-29.2524
2015-03-23,South,Office Supplies,Fasteners,31.56,14.202
2015-03-23,South,Office Supplies,Storage,27.92,0.5584
2015-03-23,West,Office Supplies,Paper,226.07999999999998,109.1856
2015-03-23,West,Technology,Accessories,239.97,86.3892
2015-03-24,Central,Furniture,Bookcases,359.058,-35.9058
2015-03-24,South,Office Supplies,Appliances,6.992,0.5244
2015-03-24,West,Furniture,Furnishings,46.9,13.132
2015-03-26,East,Office Supplies,Appliances,13.11,3.4086
2015-03-26,East,Office Supplies,Paper,40.032,12.51
2015-03-26,East,Office Supplies,Storage,1085.42,282.2092
2015-03-26,East,Technology,Accessories,16.776,5.0328
2015-03-26,South,Office Supplies,Paper,74.352,23.235
2015-03-26,West,Furniture,Tables,3393.68,610.8624
2015-03-27,West,Office Supplies,Storage,83.7,3.348
2015-03-28,East,Office Supplies,Envelopes,22.92,11.2308
2015-03-28,East,Office Supplies,Paper,20.784,7.1436
2015-03-28,West,Office Supplies,Paper,33.4,16.032
2015-03-28,West,Technology,Accessories,166.24,24.936
2015-03-29,East,Office Supplies,Paper,17.64,8.1144
2015-03-29,South,Furniture,Chairs,1166.92,131.2785
2015-03-29,South,Office Supplies,Art,5.56,1.4456
2015-03-29,West,Furniture,Furnishings,19.92,9.5616
2015-03-29,West,Office Supplies,Appliances,73.28,21.2512
2015-03-29,West,Office Supplies,Paper,222.51,104.481
2015-03-29,West,Technology,Accessories,53.25,20.7675
2015-03-30,Central,Furniture,Chairs,366.744,-110.0232
2015-03-30,Central,Office Supplies,Paper,23.52,8.526
2015-03-30,Central,Technology,Phones,180.96,13.572
2015-03-31,Central,Furniture,Furnishings,22.38,-7.833
2015-03-31,Central,Office Supplies,Paper,98.376,35.6613
2015-03-31,South,Technology,Phones,79.96,27.986
2015-04-02,Central,Office Supplies,Appliances,32.192,-80.48
2015-04-02,Central,Office Supplies,Binders,9.156,-13.734
2015-04-02,Central,Technology,Accessories,98.096,1.1726
2015-04-02,West,Technology,Machines,71.976,24.2919
2015-04-02,West,Technology,Phones,87.8,32.925
2015-04-04,Central,Office Supplies,Appliances,644.076,107.346
2015-04-04,Central,Office Supplies,Binders,12.76,5.8696
2015-04-04,Central,Office Supplies,Fasteners,5.84,2.628
2015-04-04,Central,Technology,Copiers,599.98,209.993
2015-04-04,Central,Technology,Phones,10.95,0.438
2015-04-04,East,Furniture,Furnishings,108.4,22.764
2015-04-04,East,Office Supplies,Art,11.16,4.3524
2015-04-04,East,Office Supplies,Binders,91.43199999999999,31.0855
2015-04-05,East,Furniture,Bookcases,352.45,-211.47
2015-04-05,East,Furniture,Furnishings,554.7199999999999,-66.02199999999999
2015-04-05,East,Office Supplies,Appliances,98.112,18.396
2015-04-05,East,Office Supplies,Binders,10.428,-6.952
2015-04-05,East,Office Supplies,Labels,23.904,7.7688
2015-04-05,East,Office Supplies,Storage,563.808,21.1428
2015-04-05,East,Technology,Phones,56.838,-13.0147
2015-04-05,South,Office Supplies,Binders,157.794,-115.7156
2015-04-05,West,Furniture,Chairs,892.224,89.2224
2015-04-05,West,Office Supplies,Art,23.84,6.4368
2015-04-05,West,Technology,Accessories,239.94,26.3934
2015-04-06,Central,Office Supplies,Art,42.048,5.256
2015-04-06,Central,Office Supplies,Binders,16.548000000000002,-28.959
2015-04-06,Central,Office Supplies,Paper,7.968,2.8884
2015-04-06,Central,Technology,Accessories,25.488,4.4604
2015-04-06,South,Office Supplies,Paper,47.952,16.1838
2015-04-07,Central,Office Supplies,Appliances,463.248,-1181.2824
2015-04-07,Central,Technology,Accessories,383.952,47.994
2015-04-07,East,Office Supplies,Art,11.736,1.0269
2015-04-07,East,Office Supplies,Paper,25.92,12.4416
2015-04-07,East,Office Supplies,Storage,22.58,5.8708
2015-04-09,East,Office Supplies,Appliances,370.14,144.3546
2015-04-09,East,Office Supplies,Storage,17.94,3.0498
2015-04-09,West,Furniture,Tables,369.912,-13.8717
2015-04-10,East,Office Supplies,Art,14.67,6.0147
2015-04-10,East,Office Supplies,Storage,142.04,38.3508
2015-04-10,West,Office Supplies,Binders,12.832,4.3308
2015-04-11,East,Office Supplies,Appliances,406.6,113.848
2015-04-11,East,Technology,Accessories,85.14,34.9074
2015-04-11,East,Technology,Phones,21.99,10.5552
2015-04-11,South,Furniture,Furnishings,121.888,24.4176
2015-04-11,West,Office Supplies,Paper,52.76,24.2696
2015-04-11,West,Technology,Copiers,639.968,215.9892
2015-04-12,West,Office Supplies,Storage,40.74,0.4074
2015-04-13,Central,Furniture,Tables,821.3520000000001,-158.576
2015-04-13,Central,Office Supplies,Binders,17.43,8.0178
2015-04-13,Central,Technology,Phones,239.976,17.9982
2015-04-13,West,Furniture,Furnishings,37.68,15.8256
2015-04-13,West,Furniture,Tables,952.4,-112.8374
2015-04-13,West,Office Supplies,Appliances,75.84,29.5776
2015-04-13,West,Office Supplies,Paper,85.92,28.7016
2015-04-13,West,Office Supplies,Storage,10.744,0.8058
2015-04-13,West,Office Supplies,Supplies,12.88,0.3864
2015-04-13,West,Technology,Accessories,199.96,69.986
2015-04-13,West,Technology,Phones,738.4960000000001,61.3862
2015-04-14,West,Office Supplies,Appliances,35.208,2.6406
2015-04-16,Central,Technology,Accessories,43.56,-4.9005
2015-04-16,Central,Technology,Copiers,1439.968,485.9892
2015-04-16,East,Furniture,Chairs,127.764,2.8392
2015-04-16,East,Office Supplies,Appliances,45.216,4.5216
2015-04-16,East,Office Supplies,Art,7.872,1.2792
2015-04-16,East,Office Supplies,Binders,55.47,-46.225
2015-04-16,East,Office Supplies,Fasteners,24.44,2.1091
2015-04-16,East,Technology,Phones,118.782,-27.7158
2015-04-16,South,Furniture,Bookcases,523.26,125.5824
2015-04-16,South,Furniture,Furnishings,1196.86,119.686
2015-04-16,South,Office Supplies,Binders,9.14,4.57
2015-04-16,South,Technology,Phones,569.64,148.1064
2015-04-17,East,Office Supplies,Art,10.71,2.7846
2015-04-17,East,Office Supplies,Binders,62.296,21.0249
2015-04-17,East,Technology,Accessories,99.6,36.852
2015-04-17,West,Office Supplies,Appliances,1447.65,419.8185
2015-04-17,West,Office Supplies,Art,5.56,2.224
2015-04-17,West,Office Supplies,Paper,11.96,5.8604
2015-04-17,West,Technology,Accessories,323.37,129.348
2015-04-17,West,Technology,Phones,783.96,68.5965
2015-04-18,Central,Furniture,Chairs,146.676,-3.1469000000000023
2015-04-18,Central,Furniture,Furnishings,6.16,2.9568
2015-04-18,Central,Office Supplies,Art,82.224,7.3914
2015-04-18,Central,Office Supplies,Binders,44.007999999999996,8.776399999999999
2015-04-18,Central,Office Supplies,Labels,75.18,35.3346
2015-04-18,Central,Office Supplies,Paper,15.552,5.4432
2015-04-18,Central,Technology,Accessories,41.424,8.2848
2015-04-18,Central,Technology,Phones,342.736,30.599800000000002
2015-04-18,East,Office Supplies,Labels,21.93,10.3071
2015-04-18,South,Technology,Accessories,106.5,41.535
2015-04-18,West,Office Supplies,Paper,61.96,27.882
2015-04-18,West,Office Supplies,Storage,1062.61,39.4861
2015-04-19,Central,Office Supplies,Appliances,19.568,-52.8336
2015-04-19,Central,Office Supplies,Binders,310.392,-512.1468
2015-04-20,Central,Office Supplies,Envelopes,180.96,81.432
2015-04-20,Central,Office Supplies,Paper,117.456,44.046
2015-04-20,South,Furniture,Furnishings,595.38,297.69
2015-04-20,South,Office Supplies,Paper,12.96,6.2208
2015-04-20,South,Technology,Phones,287.97,77.7519
2015-04-21,South,Furniture,Chairs,191.96,51.8292
2015-04-21,South,Furniture,Furnishings,209.88,35.6796
2015-04-21,South,Office Supplies,Binders,21.3,9.798
2015-04-21,South,Technology,Phones,469.95,131.586
2015-04-22,West,Office Supplies,Art,64.14,16.6764
2015-04-22,West,Technology,Phones,88.776,7.7679
2015-04-24,East,Office Supplies,Art,25.99,7.5371
2015-04-25,Central,Furniture,Chairs,128.058,-23.7822
2015-04-25,Central,Office Supplies,Appliances,272.4,76.272
2015-04-25,Central,Office Supplies,Art,57.75,16.17
2015-04-25,Central,Office Supplies,Storage,221.024,-55.256
2015-04-25,East,Office Supplies,Appliances,206.43,90.8292
2015-04-25,West,Office Supplies,Binders,13.944,4.5318
2015-04-25,West,Office Supplies,Envelopes,21.34,9.8164
2015-04-26,Central,Furniture,Chairs,408.422,-5.8346
2015-04-26,South,Furniture,Chairs,831.936,-114.3912
2015-04-26,South,Furniture,Furnishings,97.04,1.213
2015-04-26,South,Furniture,Tables,191.5155,-76.6062
2015-04-26,South,Office Supplies,Art,2.624,0.4264
2015-04-26,South,Office Supplies,Storage,72.784,-18.196
2015-04-26,West,Furniture,Chairs,63.936,6.3936
2015-04-26,West,Office Supplies,Art,59.52,15.4752
2015-04-26,West,Office Supplies,Binders,50.352,17.6232
2015-04-26,West,Technology,Phones,311.976,38.997
2015-04-27,East,Furniture,Chairs,1267.53,316.8825
2015-04-27,East,Office Supplies,Art,22.74,8.8686
2015-04-27,East,Technology,Machines,1379.92,648.5624
2015-04-27,West,Office Supplies,Appliances,43.56,3.267
2015-04-27,West,Office Supplies,Supplies,5.84,0.73
2015-04-28,Central,Office Supplies,Appliances,195.384,21.163800000000002
2015-04-28,Central,Office Supplies,Binders,3825.1459999999997,1887.6121999999998
2015-04-28,Central,Office Supplies,Storage,23.832,2.6811
2015-04-29,East,Office Supplies,Paper,7.968,2.8884
2015-04-30,Central,Furniture,Chairs,213.115,-15.2225
2015-04-30,East,Furniture,Furnishings,65.18,27.429000000000002
2015-04-30,East,Office Supplies,Paper,6.48,3.1104
2015-04-30,East,Technology,Phones,1232.47,-197.0825
2015-04-30,West,Office Supplies,Art,34.65,9.702
2015-04-30,West,Technology,Phones,19.8,1.7325
2015-05-01,South,Furniture,Furnishings,63.552,14.2992
2015-05-01,South,Office Supplies,Art,172.704,10.794
2015-05-01,South,Office Supplies,Supplies,41.376,4.6548
2015-05-01,West,Office Supplies,Binders,12.176,4.4138
2015-05-01,West,Office Supplies,Storage,37.32,10.4496
2015-05-01,West,Office Supplies,Supplies,35.06,10.518
2015-05-01,West,Technology,Phones,88.752,11.094
2015-05-02,Central,Office Supplies,Labels,8.856,2.9889
2015-05-02,Central,Technology,Phones,158.376,13.8579
2015-05-03,East,Furniture,Chairs,844.116,-36.1764
2015-05-03,East,Office Supplies,Appliances,41.896,8.5639
2015-05-03,East,Office Supplies,Art,59.904,14.2272
2015-05-03,East,Office Supplies,Paper,7.968,2.8884
2015-05-03,East,Office Supplies,Storage,76.752,-9.594
2015-05-03,East,Technology,Accessories,27.552,-0.3444
2015-05-03,West,Furniture,Furnishings,665.88,106.5408
2015-05-03,West,Office Supplies,Art,8.82,2.5578
2015-05-03,West,Office Supplies,Binders,125.912,44.4154
2015-05-03,West,Technology,Accessories,339.96,122.3856
2015-05-04,Central,Furniture,Furnishings,22.288,-8.9152
2015-05-04,Central,Office Supplies,Art,125.93,35.2604
2015-05-04,Central,Technology,Phones,946.344,118.293
2015-05-04,East,Furniture,Furnishings,26.8,12.864
2015-05-07,Central,Furniture,Tables,244.006,-31.3722
2015-05-07,Central,Office Supplies,Paper,15.936,5.3784
2015-05-07,South,Office Supplies,Paper,45.68,21.0128
2015-05-08,Central,Furniture,Furnishings,123.96,11.1564
2015-05-08,Central,Office Supplies,Binders,43.98,21.99
2015-05-08,Central,Technology,Phones,377.97,105.8316
2015-05-08,East,Furniture,Chairs,127.764,21.294
2015-05-08,East,Furniture,Furnishings,87.792,31.44
2015-05-08,East,Office Supplies,Paper,57.379999999999995,27.5424
2015-05-08,East,Office Supplies,Supplies,357.93,7.1586
2015-05-08,East,Technology,Copiers,2799.944,1014.9797
2015-05-08,West,Office Supplies,Art,5.248,0.5904
2015-05-09,South,Office Supplies,Binders,48.81,23.9169
2015-05-10,Central,Office Supplies,Appliances,70.97,-191.619
2015-05-10,Central,Office Supplies,Art,36.784,3.6784
2015-05-10,West,Technology,Accessories,46.688,-2.918
2015-05-11,West,Furniture,Chairs,191.968,16.7972
2015-05-12,Central,Furniture,Furnishings,21.968,-15.9268
2015-05-12,Central,Office Supplies,Paper,127.904,41.5688
2015-05-12,Central,Technology,Phones,619.152,69.6546
2015-05-12,East,Office Supplies,Storage,36.63,9.8901
2015-05-12,West,Office Supplies,Binders,14.592,4.9248
2015-05-12,West,Office Supplies,Paper,38.519999999999996,17.334
2015-05-12,West,Technology,Phones,201.584,20.1584
2015-05-13,Central,Office Supplies,Fasteners,16.0,5.6
2015-05-13,Central,Technology,Phones,222.384,16.6788
2015-05-14,East,Office Supplies,Art,200.968,18.157600000000002
2015-05-14,East,Office Supplies,Binders,23.484,-17.0584
2015-05-14,East,Office Supplies,Envelopes,200.984,62.8075
2015-05-14,East,Office Supplies,Labels,145.05599999999998,49.5112
2015-05-14,West,Furniture,Bookcases,509.9575,41.9965
2015-05-14,West,Furniture,Chairs,819.92,75.1666
2015-05-14,West,Furniture,Furnishings,122.91,34.4148
2015-05-14,West,Office Supplies,Storage,1117.92,55.896
2015-05-15,East,Office Supplies,Storage,51.968,-10.3936
2015-05-15,South,Office Supplies,Envelopes,17.94,8.7906
2015-05-16,South,Technology,Accessories,255.968,31.996
2015-05-17,Central,Office Supplies,Binders,33.28,-49.92
2015-05-17,Central,Office Supplies,Paper,14.088,4.9308
2015-05-17,East,Office Supplies,Labels,31.5,15.12
2015-05-17,East,Office Supplies,Supplies,55.6,16.124
2015-05-18,West,Office Supplies,Paper,10.86,5.3214
2015-05-20,South,Furniture,Furnishings,163.136,20.392
2015-05-20,South,Office Supplies,Binders,6.408,-4.9128
2015-05-21,Central,Office Supplies,Appliances,20.768,-52.9584
2015-05-21,East,Office Supplies,Binders,24.588,-18.0312
2015-05-21,West,Office Supplies,Binders,26.976,8.7672
2015-05-22,West,Office Supplies,Labels,8.26,3.7996
2015-05-22,West,Office Supplies,Storage,104.79,29.3412
2015-05-22,West,Technology,Machines,2973.32,334.4985
2015-05-22,West,Technology,Phones,775.728,58.1796
2015-05-23,Central,Furniture,Furnishings,75.33,19.5858
2015-05-23,Central,Office Supplies,Appliances,850.5,245.7
2015-05-23,East,Office Supplies,Storage,51.45,13.8915
2015-05-23,South,Office Supplies,Envelopes,186.69,87.7443
2015-05-23,West,Office Supplies,Appliances,121.792,13.7016
2015-05-23,West,Office Supplies,Binders,19.194,-12.796
2015-05-24,Central,Furniture,Chairs,602.651,-163.5767
2015-05-24,Central,Office Supplies,Binders,7.656,-13.0152
2015-05-25,Central,Office Supplies,Art,21.24,8.0712
2015-05-25,Central,Office Supplies,Binders,127.96,60.1412
2015-05-25,Central,Office Supplies,Paper,32.368,11.7334
2015-05-25,Central,Office Supplies,Supplies,22.368,1.6776
2015-05-25,Central,Technology,Accessories,207.984,36.3972
2015-05-25,South,Technology,Phones,467.04,58.38
2015-05-25,West,Furniture,Furnishings,14.73,4.8609
2015-05-25,West,Office Supplies,Appliances,845.728,84.5728
2015-05-26,Central,Furniture,Chairs,210.616,-33.1832
2015-05-26,Central,Technology,Machines,399.54,-79.908
2015-05-26,South,Office Supplies,Envelopes,12.224,4.4312
2015-05-26,South,Office Supplies,Paper,172.0,59.7432
2015-05-26,South,Technology,Accessories,167.944,50.3832
2015-05-26,West,Furniture,Furnishings,20.24,7.8936
2015-05-28,East,Office Supplies,Art,47.82,14.346
2015-05-28,East,Office Supplies,Binders,6.096,2.0574
2015-05-28,East,Office Supplies,Labels,13.05,6.003
2015-05-28,East,Office Supplies,Paper,45.36,21.7728
2015-05-28,East,Office Supplies,Storage,629.1999999999999,184.773
2015-05-28,East,Technology,Phones,45.99,13.3371
2015-05-28,West,Office Supplies,Art,6.63,1.7901
2015-05-29,Central,Office Supplies,Labels,12.39,5.6994
2015-05-29,East,Furniture,Chairs,317.058,-86.0586
2015-05-29,East,Furniture,Furnishings,41.568,-4.1568
2015-05-29,East,Office Supplies,Fasteners,8.04,2.9145
2015-05-29,East,Office Supplies,Paper,85.056,28.7064
2015-05-29,West,Office Supplies,Binders,167.76,62.91
2015-05-29,West,Office Supplies,Paper,32.4,15.552
2015-05-29,West,Office Supplies,Storage,540.57,140.5482
2015-05-30,East,Office Supplies,Appliances,160.32,44.8896
2015-05-30,East,Technology,Phones,368.82,6.2652
2015-05-30,South,Technology,Accessories,151.96,36.4704
2015-05-31,Central,Furniture,Chairs,2567.84,770.352
2015-05-31,Central,Furniture,Furnishings,51.56,-61.872
2015-05-31,Central,Office Supplies,Binders,3.564,-6.237
2015-05-31,Central,Office Supplies,Labels,5.904,1.9926
2015-05-31,Central,Office Supplies,Paper,173.488,54.215
2015-05-31,East,Furniture,Furnishings,30.479999999999997,12.0828
2015-05-31,East,Office Supplies,Fasteners,7.56,0.3024
2015-05-31,East,Office Supplies,Paper,274.8,134.652
2015-05-31,East,Office Supplies,Storage,62.18,16.7886
2015-05-31,South,Office Supplies,Art,10.272,1.1556
2015-05-31,West,Furniture,Bookcases,1406.86,140.686
2015-05-31,West,Office Supplies,Labels,15.75,7.56
2015-05-31,West,Office Supplies,Paper,163.9,74.81020000000001
2015-05-31,West,Office Supplies,Storage,403.98,82.4178
2015-06-01,Central,Office Supplies,Binders,409.408,172.4912
2015-06-01,Central,Office Supplies,Labels,28.91,13.2986
2015-06-01,Central,Office Supplies,Paper,42.24,13.2
2015-06-01,Central,Technology,Phones,341.88,95.7264
2015-06-01,West,Office Supplies,Paper,11.76,5.7624
2015-06-04,East,Furniture,Furnishings,35.28,11.9952
2015-06-04,East,Office Supplies,Paper,30.44,14.3068
2015-06-04,West,Office Supplies,Art,9.26,3.0558
2015-06-04,West,Office Supplies,Labels,7.38,3.4686
2015-06-04,West,Technology,Accessories,1109.95,431.98199999999997
2015-06-05,Central,Office Supplies,Paper,10.56,4.752
2015-06-05,East,Furniture,Chairs,1522.638,169.182
2015-06-07,East,Office Supplies,Art,8.016,1.002
2015-06-07,East,Office Supplies,Binders,18.312,-12.208
2015-06-07,East,Office Supplies,Paper,25.92,9.072
2015-06-07,West,Office Supplies,Binders,7.52,2.632
2015-06-08,Central,Office Supplies,Appliances,143.128,-393.602
2015-06-08,Central,Technology,Accessories,2.376,0.7425
2015-06-08,South,Furniture,Furnishings,173.208,45.4671
2015-06-08,South,Office Supplies,Art,4.448,0.3336
2015-06-08,South,Office Supplies,Binders,18.264,-13.3936
2015-06-08,South,Office Supplies,Labels,9.0,3.15
2015-06-08,South,Office Supplies,Paper,215.728,67.415
2015-06-08,South,Office Supplies,Storage,516.96,-6.462
2015-06-09,Central,Office Supplies,Paper,12.96,6.2208
2015-06-09,South,Office Supplies,Binders,215.82,-13.213999999999999
2015-06-09,South,Technology,Accessories,72.6,-8.1675
2015-06-09,West,Furniture,Furnishings,355.36,92.3936
2015-06-09,West,Technology,Phones,140.376,8.7735
2015-06-11,South,Furniture,Chairs,1123.92,-182.637
2015-06-11,South,Furniture,Furnishings,77.832,18.09
2015-06-11,South,Office Supplies,Art,117.068,23.36
2015-06-11,South,Office Supplies,Binders,118.62799999999999,-49.3404
2015-06-11,South,Office Supplies,Paper,32.4,15.552
2015-06-11,South,Office Supplies,Storage,1600.432,72.974
2015-06-11,South,Technology,Accessories,53.7,10.203
2015-06-11,South,Technology,Phones,249.584,31.198
2015-06-12,Central,Office Supplies,Storage,24.56,6.8768
2015-06-12,East,Furniture,Furnishings,43.296,4.3296
2015-06-12,East,Office Supplies,Paper,20.736,7.2576
2015-06-12,East,Office Supplies,Storage,29.9,5.083
2015-06-12,South,Technology,Phones,55.984,4.1988
2015-06-13,East,Office Supplies,Art,3.424,0.2996
2015-06-13,East,Office Supplies,Binders,38.1,17.310200000000002
2015-06-13,East,Technology,Accessories,67.98,14.9556
2015-06-13,South,Office Supplies,Art,24.78,6.9384
2015-06-13,South,Office Supplies,Binders,19.14,8.8044
2015-06-13,South,Office Supplies,Paper,38.879999999999995,18.662399999999998
2015-06-13,South,Technology,Copiers,899.97,314.9895
2015-06-13,West,Office Supplies,Binders,36.624,13.734
2015-06-14,East,Furniture,Furnishings,51.072,5.1072
2015-06-15,South,Technology,Accessories,11.672,-0.7295
2015-06-15,West,Furniture,Furnishings,404.96000000000004,-25.4
2015-06-15,West,Office Supplies,Paper,9.568,2.99
2015-06-15,West,Office Supplies,Storage,82.368,-19.5624
2015-06-15,West,Technology,Phones,225.576,22.5576
2015-06-16,Central,Furniture,Chairs,197.372,-25.3764
2015-06-16,Central,Office Supplies,Envelopes,28.752,9.3444
2015-06-16,Central,Office Supplies,Paper,27.216,9.8658
2015-06-16,East,Office Supplies,Binders,3050.376,1143.891
2015-06-16,East,Office Supplies,Envelopes,6.208,2.1728
2015-06-16,East,Technology,Phones,133.98,33.495
2015-06-18,South,Furniture,Chairs,643.136,56.2744
2015-06-18,South,Furniture,Furnishings,60.84,19.4688
2015-06-18,South,Office Supplies,Art,13.632,3.5784
2015-06-18,South,Office Supplies,Binders,73.749,27.963
2015-06-18,South,Office Supplies,Paper,20.736,7.2576
2015-06-18,South,Office Supplies,Storage,450.04,58.5052
2015-06-18,South,Technology,Phones,467.97,140.391
2015-06-18,West,Furniture,Furnishings,75.36,20.724
2015-06-18,West,Office Supplies,Art,51.98,15.0742
2015-06-18,West,Office Supplies,Binders,13.692,-9.4304
2015-06-18,West,Office Supplies,Paper,11.952,4.3326
2015-06-19,Central,Office Supplies,Binders,5.792,-9.5568
2015-06-19,Central,Office Supplies,Storage,228.92,14.3075
2015-06-19,East,Office Supplies,Labels,5.904,1.9926
2015-06-19,West,Furniture,Furnishings,12.56,4.0192
2015-06-19,West,Office Supplies,Envelopes,186.69,87.7443
2015-06-19,West,Office Supplies,Paper,6.48,3.1104
2015-06-20,East,Technology,Accessories,319.984,91.9954
2015-06-20,West,Furniture,Furnishings,257.64,100.4796
2015-06-20,West,Technology,Phones,251.92000000000002,62.984
2015-06-21,South,Technology,Phones,107.976,37.7916
2015-06-22,Central,Furniture,Tables,796.425,-525.6405
2015-06-22,East,Office Supplies,Binders,1217.568,456.588
2015-06-22,West,Office Supplies,Fasteners,4.96,2.3312
2015-06-23,South,Furniture,Furnishings,27.42,9.3228
2015-06-23,South,Office Supplies,Binders,165.98,74.691
2015-06-23,South,Technology,Accessories,75.0,18.0
2015-06-23,West,Office Supplies,Fasteners,5.43,1.7919
2015-06-23,West,Technology,Phones,563.128,50.713499999999996
2015-06-25,Central,Furniture,Furnishings,75.384,-20.7306
2015-06-25,Central,Office Supplies,Binders,0.984,-1.476
2015-06-25,Central,Office Supplies,Labels,4.608,1.6704
2015-06-25,Central,Office Supplies,Paper,47.952,16.1838
2015-06-25,East,Office Supplies,Paper,31.104,10.8864
2015-06-25,East,Office Supplies,Storage,78.256,-17.6076
2015-06-25,West,Furniture,Furnishings,204.85,57.358
2015-06-25,West,Office Supplies,Art,20.96,5.24
2015-06-25,West,Office Supplies,Binders,88.752,27.735
2015-06-25,West,Office Supplies,Storage,304.23,9.1269
2015-06-26,Central,Technology,Accessories,41.9,8.799
2015-06-26,Central,Technology,Phones,971.88,109.3365
2015-06-26,East,Office Supplies,Paper,43.056,15.6078
2015-06-26,South,Furniture,Chairs,332.94,79.9056
2015-06-26,South,Office Supplies,Binders,187.0,90.19040000000001
2015-06-26,South,Office Supplies,Storage,15.42,4.1634
2015-06-28,East,Furniture,Bookcases,482.94,-376.6932
2015-06-28,East,Office Supplies,Paper,15.552,5.4432
2015-06-28,South,Office Supplies,Art,140.75,42.225
2015-06-28,South,Office Supplies,Binders,119.56,54.9976
2015-06-28,West,Furniture,Furnishings,621.76,46.632
2015-06-28,West,Office Supplies,Labels,5.904,1.9926
2015-06-29,Central,Technology,Phones,269.98,72.8946
2015-06-29,East,Furniture,Chairs,117.882,1.3098
2015-06-29,East,Furniture,Furnishings,20.104,1.7591
2015-06-29,East,Office Supplies,Paper,24.96,11.232
2015-07-02,Central,Furniture,Chairs,790.538,-98.63419999999999
2015-07-02,Central,Office Supplies,Appliances,32.784,-85.2384
2015-07-02,Central,Office Supplies,Paper,11.168,3.7692
2015-07-02,Central,Office Supplies,Storage,504.10400000000004,54.9967
2015-07-02,East,Office Supplies,Paper,19.44,9.3312
2015-07-02,South,Furniture,Furnishings,159.84,45.954
2015-07-02,South,Office Supplies,Binders,2.892,-2.3136
2015-07-02,South,Office Supplies,Paper,36.896,12.9586
2015-07-02,South,Technology,Phones,74.24,8.352
2015-07-03,East,Furniture,Furnishings,451.352,27.096399999999996
2015-07-03,East,Office Supplies,Paper,6.72,2.436
2015-07-03,South,Furniture,Chairs,70.98,4.9686
2015-07-03,South,Office Supplies,Labels,294.93,144.5157
2015-07-04,Central,Technology,Phones,1099.96,285.9896
2015-07-04,East,Office Supplies,Art,15.48,4.4892
2015-07-04,West,Office Supplies,Binders,22.848,7.4256
2015-07-05,Central,Office Supplies,Binders,19.0,8.93
2015-07-05,East,Office Supplies,Storage,38.976,-2.436
2015-07-05,East,Technology,Accessories,34.8,2.175
2015-07-05,South,Furniture,Furnishings,9.856,1.4784
2015-07-05,South,Office Supplies,Binders,7.23,-5.784
2015-07-05,South,Office Supplies,Labels,11.784,4.2717
2015-07-06,East,Furniture,Bookcases,301.96,60.392
2015-07-06,East,Furniture,Furnishings,169.78,70.587
2015-07-06,East,Office Supplies,Art,11.12,2.8912
2015-07-06,East,Office Supplies,Storage,601.65,156.429
2015-07-06,East,Technology,Phones,124.95,2.499
2015-07-06,West,Furniture,Chairs,170.352,-17.0352
2015-07-08,Central,Office Supplies,Paper,21.12,6.6
2015-07-09,Central,Office Supplies,Appliances,48.632,-121.58
2015-07-09,East,Furniture,Furnishings,181.96,20.0156
2015-07-09,East,Office Supplies,Art,79.36,32.5376
2015-07-09,East,Office Supplies,Binders,404.07,193.005
2015-07-09,East,Office Supplies,Fasteners,15.8,5.056
2015-07-09,East,Office Supplies,Labels,12.39,5.6994
2015-07-09,East,Office Supplies,Paper,6.58,3.0268
2015-07-09,East,Office Supplies,Storage,98.21,28.4809
2015-07-09,East,Technology,Machines,464.97,209.2365
2015-07-09,East,Technology,Phones,269.982,40.4973
2015-07-09,South,Office Supplies,Art,5.16,0.8385
2015-07-10,West,Office Supplies,Binders,43.286,10.73
2015-07-11,East,Furniture,Chairs,341.488,-73.176
2015-07-11,East,Furniture,Furnishings,315.144,39.7098
2015-07-11,East,Furniture,Tables,199.836,-37.1124
2015-07-11,East,Office Supplies,Art,11.12,0.834
2015-07-11,East,Office Supplies,Binders,230.042,97.1446
2015-07-11,East,Technology,Phones,716.0,193.32
2015-07-11,West,Office Supplies,Binders,98.352,34.4232
2015-07-11,West,Office Supplies,Paper,29.97,13.4865
2015-07-12,Central,Furniture,Chairs,383.607,-5.4801
2015-07-12,Central,Furniture,Furnishings,7.76,-2.134
2015-07-12,Central,Office Supplies,Art,6.912,0.6912
2015-07-12,Central,Office Supplies,Binders,1.928,-2.9884
2015-07-12,Central,Technology,Phones,1652.3600000000001,150.6128
2015-07-13,Central,Office Supplies,Binders,41.568,-66.5088
2015-07-13,East,Furniture,Chairs,1931.04,321.84
2015-07-13,East,Office Supplies,Binders,11.808,4.2804
2015-07-13,East,Office Supplies,Paper,9.96,4.6812
2015-07-13,South,Office Supplies,Paper,38.88,18.6624
2015-07-14,West,Furniture,Bookcases,127.764,-191.646
2015-07-14,West,Furniture,Chairs,441.92,49.716
2015-07-14,West,Office Supplies,Paper,18.496,6.7048
2015-07-14,West,Office Supplies,Storage,272.736,-64.7748
2015-07-16,East,Furniture,Chairs,150.98,43.7842
2015-07-16,East,Office Supplies,Envelopes,137.25,63.135
2015-07-16,East,Office Supplies,Fasteners,11.52,5.4144
2015-07-16,East,Office Supplies,Paper,80.88,39.6312
2015-07-16,East,Technology,Accessories,599.9,191.968
2015-07-16,West,Furniture,Chairs,2048.8559999999998,-140.3973
2015-07-17,Central,Office Supplies,Fasteners,14.432,3.4276
2015-07-17,Central,Office Supplies,Labels,6.264,2.0358
2015-07-17,South,Furniture,Bookcases,231.92,5.798
2015-07-17,West,Furniture,Bookcases,195.466,-13.7976
2015-07-18,East,Furniture,Furnishings,7.38,2.1402
2015-07-18,East,Office Supplies,Art,5.76,1.6128
2015-07-18,East,Office Supplies,Binders,3.328,1.2064
2015-07-18,East,Technology,Phones,135.99,36.7173
2015-07-18,West,Technology,Accessories,519.96,176.7864
2015-07-19,West,Office Supplies,Binders,2.025,-1.35
2015-07-20,Central,Furniture,Bookcases,1298.374,-178.67759999999998
2015-07-20,Central,Office Supplies,Binders,2.88,-4.464
2015-07-20,Central,Office Supplies,Envelopes,106.75,49.105
2015-07-20,Central,Office Supplies,Paper,124.22,57.8554
2015-07-20,Central,Office Supplies,Storage,176.16,47.910799999999995
2015-07-20,Central,Technology,Accessories,831.2,124.68
2015-07-20,Central,Technology,Phones,153.584,13.4386
2015-07-23,East,Furniture,Furnishings,128.82,50.2398
2015-07-23,East,Office Supplies,Appliances,68.94,20.682
2015-07-23,East,Office Supplies,Binders,10.512,3.6792
2015-07-24,South,Furniture,Furnishings,20.94,6.0726
2015-07-24,South,Office Supplies,Binders,225.15,103.56899999999999
2015-07-24,South,Technology,Accessories,279.86,64.3678
2015-07-25,East,Office Supplies,Binders,25.176,-18.4624
2015-07-25,South,Furniture,Tables,358.58,39.4438
2015-07-25,South,Office Supplies,Envelopes,98.46,49.23
2015-07-25,West,Furniture,Bookcases,704.9,56.392
2015-07-25,West,Furniture,Chairs,561.568,28.0784
2015-07-25,West,Office Supplies,Fasteners,9.42,0.471
2015-07-25,West,Office Supplies,Paper,12.96,6.2208
2015-07-25,West,Technology,Phones,623.96,38.9975
2015-07-26,East,Office Supplies,Paper,10.368,3.6288
2015-07-26,West,Furniture,Chairs,266.352,13.3176
2015-07-26,West,Furniture,Tables,393.165,-204.4458
2015-07-26,West,Office Supplies,Art,99.2,25.792
2015-07-26,West,Office Supplies,Binders,32.28,11.4729
2015-07-26,West,Office Supplies,Envelopes,167.86,78.8942
2015-07-27,South,Technology,Phones,29.97,0.2997
2015-07-30,Central,Furniture,Chairs,155.88,38.97
2015-07-30,Central,Office Supplies,Storage,61.792,6.1792
2015-07-30,West,Furniture,Furnishings,5.28,2.3232
2015-07-30,West,Office Supplies,Binders,10.92,4.095
2015-07-30,West,Technology,Accessories,209.93,92.3692
2015-07-31,Central,Office Supplies,Supplies,52.59,15.777
2015-07-31,East,Furniture,Tables,1090.782,-290.8752
2015-07-31,East,Office Supplies,Paper,19.44,9.3312
2015-07-31,East,Technology,Accessories,2309.65,762.1845
2015-07-31,South,Technology,Accessories,239.7,105.468
2015-08-01,West,Furniture,Tables,1004.976,-175.8708
2015-08-01,West,Office Supplies,Art,6.72,3.36
2015-08-02,East,Furniture,Chairs,110.98,15.5372
2015-08-02,East,Office Supplies,Paper,8.4,4.116
2015-08-02,East,Technology,Accessories,199.98,83.9916
2015-08-02,East,Technology,Phones,128.85,3.8655
2015-08-02,West,Furniture,Tables,277.5,-188.7
2015-08-02,West,Office Supplies,Binders,6.368,2.1492
2015-08-02,West,Technology,Machines,558.4,41.88
2015-08-05,Central,Furniture,Furnishings,14.76,-11.439
2015-08-05,Central,Office Supplies,Binders,1.362,-2.1792
2015-08-05,Central,Office Supplies,Storage,33.488,-1.2558
2015-08-05,Central,Office Supplies,Supplies,23.04,-4.896
2015-08-06,Central,Furniture,Bookcases,369.1992,-114.0174
2015-08-06,Central,Office Supplies,Binders,6.23,-9.6565
2015-08-06,Central,Office Supplies,Labels,35.52,13.32
2015-08-06,Central,Office Supplies,Paper,83.92,29.0034
2015-08-07,Central,Furniture,Furnishings,212.94,34.0704
2015-08-07,Central,Office Supplies,Binders,28.4,13.064
2015-08-07,East,Office Supplies,Appliances,77.58,20.1708
2015-08-07,East,Office Supplies,Art,106.8,10.68
2015-08-07,South,Office Supplies,Labels,25.06,11.7782
2015-08-07,South,Technology,Phones,494.97,148.491
2015-08-07,West,Office Supplies,Binders,22.456,7.5789
2015-08-08,East,Office Supplies,Appliances,113.92,33.0368
2015-08-08,East,Office Supplies,Art,39.66,11.898
2015-08-08,East,Office Supplies,Binders,447.86,210.4942
2015-08-08,East,Technology,Accessories,79.99,28.7964
2015-08-08,West,Furniture,Chairs,144.784,10.8588
2015-08-08,West,Office Supplies,Binders,13.888,4.9602
2015-08-09,Central,Furniture,Bookcases,687.4,48.118
2015-08-09,Central,Furniture,Tables,622.45,136.939
2015-08-09,Central,Office Supplies,Art,2.2,0.968
2015-08-09,Central,Office Supplies,Storage,21.98,0.2198
2015-08-09,East,Furniture,Furnishings,63.22,25.7112
2015-08-09,East,Furniture,Tables,382.806,-153.1224
2015-08-09,East,Office Supplies,Binders,1217.568,456.588
2015-08-09,East,Office Supplies,Fasteners,10.65,5.0055
2015-08-09,East,Office Supplies,Paper,287.82,138.15359999999998
2015-08-09,East,Office Supplies,Storage,41.96,2.9372
2015-08-09,East,Technology,Accessories,247.8,34.692
2015-08-09,East,Technology,Phones,1287.93,363.7002
2015-08-09,South,Office Supplies,Labels,4.608,1.6704
2015-08-10,Central,Office Supplies,Art,29.79,12.5118
2015-08-10,Central,Office Supplies,Binders,64.75,29.1375
2015-08-10,Central,Office Supplies,Labels,45.15,21.672
2015-08-10,West,Office Supplies,Appliances,133.472,15.0156
2015-08-10,West,Technology,Phones,578.312,6.869799999999998
2015-08-11,East,Office Supplies,Art,11.96,3.1096
2015-08-11,East,Technology,Phones,138.0,34.5
2015-08-11,South,Furniture,Furnishings,46.152,12.1149
2015-08-13,Central,Office Supplies,Binders,11.36,5.5664
2015-08-13,East,Office Supplies,Storage,422.856,15.8571
2015-08-13,South,Office Supplies,Art,64.68,8.085
2015-08-13,South,Office Supplies,Binders,5.64,2.7072
2015-08-13,West,Furniture,Furnishings,31.56,10.4148
2015-08-13,West,Office Supplies,Art,50.8,13.208
2015-08-15,West,Furniture,Furnishings,104.23,28.1421
2015-08-15,West,Office Supplies,Storage,393.36,80.3592
2015-08-16,East,Furniture,Bookcases,301.47,-204.9996
2015-08-16,East,Furniture,Furnishings,254.352,0.0
2015-08-16,East,Office Supplies,Binders,6.486000000000001,-4.6655999999999995
2015-08-16,East,Office Supplies,Paper,20.64,6.8388
2015-08-16,East,Office Supplies,Storage,44.688,3.3516
2015-08-16,East,Technology,Accessories,31.176,-5.4558
2015-08-16,East,Technology,Phones,519.792,-112.6216
2015-08-16,West,Office Supplies,Art,2.304,0.2592
2015-08-16,West,Office Supplies,Labels,5.04,1.764
2015-08-16,West,Office Supplies,Paper,313.024,105.6456
2015-08-16,West,Technology,Phones,1879.96,211.4955
2015-08-17,East,Office Supplies,Binders,52.2,23.49
2015-08-17,West,Office Supplies,Art,10.272,1.1556
2015-08-17,West,Office Supplies,Paper,36.288,12.7008
2015-08-17,West,Technology,Accessories,282.88,-36.864000000000004
2015-08-21,East,Furniture,Chairs,598.458,-42.747
2015-08-21,East,Furniture,Furnishings,25.984,-3.8976
2015-08-21,East,Office Supplies,Binders,112.416,-91.9696
2015-08-21,East,Office Supplies,Paper,49.568,15.49
2015-08-21,East,Office Supplies,Storage,663.072,-165.768
2015-08-21,East,Office Supplies,Supplies,3.488,-0.6976
2015-08-21,East,Technology,Accessories,21.728,3.8024
2015-08-21,South,Office Supplies,Art,53.28,18.2472
2015-08-21,West,Furniture,Bookcases,586.398,34.494
2015-08-21,West,Furniture,Chairs,544.008,40.8006
2015-08-21,West,Office Supplies,Paper,88.14,41.8186
2015-08-21,West,Office Supplies,Storage,80.98,3.2392
2015-08-22,East,Office Supplies,Art,16.52,7.5992
2015-08-22,East,Office Supplies,Binders,50.112,16.2864
2015-08-23,Central,Office Supplies,Appliances,5.768,-13.5548
2015-08-23,Central,Office Supplies,Fasteners,12.032,2.256
2015-08-23,Central,Office Supplies,Paper,10.368,3.6288
2015-08-23,Central,Office Supplies,Supplies,31.68,2.772
2015-08-23,South,Office Supplies,Appliances,568.8000000000001,158.7468
2015-08-23,South,Office Supplies,Labels,8.64,4.2336
2015-08-23,South,Office Supplies,Paper,313.08000000000004,153.532
2015-08-23,South,Technology,Accessories,251.91,47.8629
2015-08-24,Central,Furniture,Tables,918.785,-118.1295
2015-08-24,Central,Office Supplies,Binders,2.724,-4.2222
2015-08-24,Central,Office Supplies,Storage,1723.5120000000002,-10.835999999999984
2015-08-24,East,Furniture,Furnishings,14.91,4.6221
2015-08-24,East,Furniture,Tables,284.364,-75.8304
2015-08-24,East,Office Supplies,Labels,6.912,2.5056
2015-08-24,East,Office Supplies,Storage,435.504,48.9942
2015-08-24,East,Technology,Accessories,26.0,11.7
2015-08-24,East,Technology,Phones,26.982,4.0473
2015-08-24,South,Technology,Accessories,79.96,18.3908
2015-08-24,South,Technology,Machines,3080.0,1416.8
2015-08-24,South,Technology,Phones,587.97,170.5113
2015-08-24,West,Office Supplies,Art,7.152,0.7152
2015-08-25,Central,Furniture,Furnishings,27.983999999999998,-20.5258
2015-08-25,Central,Office Supplies,Binders,3.798,-6.0768
2015-08-25,West,Furniture,Chairs,40.784,4.5882
2015-08-25,West,Office Supplies,Appliances,105.96,29.6688
2015-08-27,West,Office Supplies,Binders,5.104,1.6588
2015-08-27,West,Office Supplies,Labels,3.08,1.4784
2015-08-27,West,Office Supplies,Paper,114.2,52.532
2015-08-27,West,Office Supplies,Storage,484.65,92.0835
2015-08-27,West,Office Supplies,Supplies,32.94,9.2232
2015-08-28,Central,Furniture,Tables,103.481,-16.2613
2015-08-28,Central,Technology,Copiers,2799.96,874.9875
2015-08-28,Central,Technology,Phones,1099.96,82.497
2015-08-28,East,Office Supplies,Storage,470.36,122.2936
2015-08-28,West,Furniture,Bookcases,307.666,28.9568
2015-08-28,West,Furniture,Furnishings,4.16,1.7472
2015-08-28,West,Office Supplies,Binders,41.36,13.959
2015-08-28,West,Office Supplies,Storage,1621.17,296.8578
2015-08-28,West,Technology,Phones,43.176,15.1116
2015-08-29,Central,Technology,Accessories,114.52,11.452
2015-08-29,Central,Technology,Phones,131.98,35.6346
2015-08-31,Central,Office Supplies,Paper,20.96,6.812
2015-08-31,West,Furniture,Bookcases,1552.831,200.9546
2015-08-31,West,Office Supplies,Binders,137.24,46.3185
2015-08-31,West,Office Supplies,Paper,58.32,27.9936
2015-08-31,West,Technology,Accessories,36.51,15.6993
2015-08-31,West,Technology,Machines,239.976,80.9919
2015-08-31,West,Technology,Phones,555.96,41.697
2015-09-01,East,Furniture,Chairs,60.74,15.185
2015-09-01,East,Furniture,Furnishings,124.36,27.3592
2015-09-01,East,Office Supplies,Binders,114.6,51.57
2015-09-01,East,Office Supplies,Storage,1088.76,315.7404
2015-09-01,West,Office Supplies,Binders,19.12,6.0938
2015-09-01,West,Technology,Copiers,959.984,335.9944
2015-09-03,Central,Office Supplies,Labels,7.5,3.6
2015-09-03,East,Office Supplies,Appliances,137.62,60.5528
2015-09-03,East,Office Supplies,Envelopes,52.512,19.692
2015-09-03,East,Office Supplies,Storage,156.666,24.0186
2015-09-03,East,Office Supplies,Supplies,666.248,-149.9058
2015-09-03,East,Technology,Phones,100.49,25.1225
2015-09-03,South,Office Supplies,Envelopes,200.984,62.8075
2015-09-03,West,Furniture,Chairs,129.568,-12.9568
2015-09-03,West,Furniture,Furnishings,238.152,89.307
2015-09-03,West,Office Supplies,Binders,6.368,2.1492
2015-09-03,West,Office Supplies,Storage,31.44,8.4888
2015-09-03,West,Technology,Accessories,147.35,50.003
2015-09-04,Central,Technology,Accessories,134.376,6.7188
2015-09-04,East,Office Supplies,Binders,7.656,-6.1248
2015-09-04,South,Office Supplies,Envelopes,15.28,7.4872
2015-09-04,South,Office Supplies,Paper,284.26,139.20020000000002
2015-09-04,South,Technology,Accessories,619.95,111.591
2015-09-04,West,Office Supplies,Binders,9.762,-6.8334
2015-09-05,Central,Furniture,Furnishings,6.16,2.9568
2015-09-05,Central,Office Supplies,Binders,20.74,-33.041
2015-09-05,Central,Office Supplies,Paper,36.84,17.3148
2015-09-05,Central,Office Supplies,Supplies,69.12,-14.688
2015-09-05,South,Furniture,Furnishings,67.96,12.2328
2015-09-05,West,Furniture,Bookcases,704.531,-25.535600000000002
2015-09-05,West,Office Supplies,Binders,28.752,9.7038
2015-09-06,East,Furniture,Chairs,271.764,60.392
2015-09-06,East,Office Supplies,Appliances,8.39,2.0975
2015-09-06,East,Technology,Phones,337.98,101.394
2015-09-06,South,Furniture,Tables,85.98,22.3548
2015-09-06,South,Office Supplies,Binders,50.064,18.9196
2015-09-06,South,Office Supplies,Fasteners,7.24,1.1765
2015-09-06,West,Furniture,Furnishings,191.82,74.8098
2015-09-06,West,Office Supplies,Binders,6.096,2.1336
2015-09-06,West,Technology,Accessories,46.32,18.0648
2015-09-07,Central,Furniture,Chairs,47.516,-2.0364
2015-09-07,East,Furniture,Tables,508.59,-134.4579
2015-09-07,East,Office Supplies,Binders,20.541,-8.863800000000001
2015-09-07,East,Office Supplies,Fasteners,7.24,2.3892
2015-09-07,East,Office Supplies,Storage,84.22,19.249399999999998
2015-09-07,East,Technology,Accessories,649.93,184.179
2015-09-07,East,Technology,Phones,791.964,-131.994
2015-09-07,South,Office Supplies,Art,140.736,12.3144
2015-09-07,West,Office Supplies,Storage,671.93,20.1579
2015-09-08,South,Furniture,Furnishings,21.36,8.1168
2015-09-08,West,Office Supplies,Paper,26.4,11.88
2015-09-08,West,Office Supplies,Storage,41.88,0.8376
2015-09-10,Central,Furniture,Chairs,179.886,-2.5698
2015-09-10,Central,Office Supplies,Paper,14.94,7.0218
2015-09-10,East,Furniture,Bookcases,361.96,83.2508
2015-09-10,East,Office Supplies,Appliances,61.96,16.1096
2015-09-10,East,Office Supplies,Art,6.08,2.0672
2015-09-10,East,Office Supplies,Paper,278.82,125.469
2015-09-10,West,Furniture,Furnishings,106.68,33.0708
2015-09-10,West,Office Supplies,Storage,353.88,17.694
2015-09-10,West,Office Supplies,Supplies,51.52,1.5456
2015-09-11,East,Furniture,Furnishings,219.6,54.488
2015-09-11,East,Office Supplies,Appliances,111.04,29.9808
2015-09-11,East,Office Supplies,Binders,209.6,96.416
2015-09-11,East,Office Supplies,Labels,31.05,14.904
2015-09-11,East,Office Supplies,Paper,38.88,18.6624
2015-09-11,East,Office Supplies,Storage,851.4799999999999,109.7512
2015-09-11,East,Technology,Accessories,19.99,6.7966
2015-09-11,West,Furniture,Furnishings,24.64,4.004
2015-09-11,West,Office Supplies,Art,447.21000000000004,128.7225
2015-09-11,West,Office Supplies,Labels,8.64,4.2336
2015-09-12,East,Office Supplies,Art,9.26,3.0558
2015-09-12,East,Office Supplies,Envelopes,27.18,12.7746
2015-09-12,East,Office Supplies,Fasteners,1.24,0.5828
2015-09-12,East,Office Supplies,Labels,33.3,15.984
2015-09-12,East,Office Supplies,Paper,28.9,14.161
2015-09-12,East,Office Supplies,Storage,105.98,4.2392
2015-09-12,East,Technology,Copiers,479.984,59.998
2015-09-12,West,Technology,Accessories,21.98,8.5722
2015-09-13,Central,Furniture,Chairs,1686.272,382.06399999999996
2015-09-13,Central,Office Supplies,Envelopes,7.824,2.934
2015-09-13,Central,Technology,Accessories,199.96,15.9968
2015-09-13,East,Office Supplies,Binders,2.412,-2.01
2015-09-13,South,Furniture,Furnishings,129.93,12.993
2015-09-13,South,Office Supplies,Binders,13.092,-10.0372
2015-09-13,South,Office Supplies,Paper,69.93,31.4685
2015-09-13,West,Furniture,Chairs,717.72,71.772
2015-09-13,West,Furniture,Furnishings,383.9,92.33250000000001
2015-09-13,West,Office Supplies,Binders,25.032,7.8225
2015-09-13,West,Office Supplies,Paper,209.7,100.656
2015-09-14,Central,Office Supplies,Binders,25.9,12.691
2015-09-14,East,Office Supplies,Binders,12.96,4.536
2015-09-14,East,Office Supplies,Storage,991.2,257.712
2015-09-14,East,Technology,Copiers,879.984,329.994
2015-09-14,South,Office Supplies,Storage,269.49,5.3898
2015-09-14,West,Furniture,Tables,1082.886,110.1507
2015-09-15,Central,Office Supplies,Art,24.32,8.2688
2015-09-15,Central,Office Supplies,Storage,190.86,11.4516
2015-09-15,East,Furniture,Bookcases,46.384,1.1596
2015-09-15,East,Office Supplies,Binders,83.448,27.0912
2015-09-15,East,Office Supplies,Paper,12.96,6.2208
2015-09-15,East,Office Supplies,Storage,147.184,-29.4368
2015-09-15,South,Furniture,Chairs,1056.86,306.4894
2015-09-15,South,Furniture,Furnishings,71.68,0.4543999999999997
2015-09-15,South,Furniture,Tables,801.96,200.49
2015-09-15,South,Office Supplies,Paper,15.552,5.4432
2015-09-15,South,Office Supplies,Storage,24.672,2.1588
2015-09-15,South,Technology,Phones,59.97,0.0
2015-09-16,South,Office Supplies,Envelopes,31.12,14.6264
2015-09-17,Central,Furniture,Furnishings,21.936,-10.4196
2015-09-17,Central,Office Supplies,Binders,6.588,-10.2114
2015-09-17,East,Furniture,Bookcases,9316.054,-1531.5248000000001
2015-09-17,East,Furniture,Chairs,199.764,8.8784
2015-09-17,East,Furniture,Furnishings,124.2,15.525
2015-09-17,East,Furniture,Tables,344.22,-103.266
2015-09-17,East,Office Supplies,Art,102.06400000000001,13.255199999999999
2015-09-17,East,Office Supplies,Binders,16.476,-12.7682
2015-09-17,East,Office Supplies,Envelopes,3.264,1.1016
2015-09-17,East,Office Supplies,Labels,87.71,41.2237
2015-09-17,East,Office Supplies,Paper,110.96,53.2608
2015-09-17,East,Office Supplies,Storage,109.5,28.477
2015-09-17,East,Technology,Accessories,659.9,217.767
2015-09-17,East,Technology,Phones,277.77,60.147600000000004
2015-09-17,South,Technology,Accessories,87.168,10.896
2015-09-17,West,Office Supplies,Binders,25.032,7.8225
2015-09-17,West,Office Supplies,Paper,32.4,15.552
2015-09-18,East,Office Supplies,Binders,65.08,31.8892
2015-09-18,East,Office Supplies,Storage,678.82,7.9724
2015-09-18,East,Technology,Phones,1759.92,457.5792
2015-09-18,South,Technology,Accessories,717.12,152.388
2015-09-18,West,Furniture,Furnishings,24.4,10.248
2015-09-18,West,Office Supplies,Art,11.68,5.4896
2015-09-18,West,Office Supplies,Paper,199.18,97.22739999999999
2015-09-18,West,Office Supplies,Storage,443.92,8.8784
2015-09-18,West,Office Supplies,Supplies,24.2,7.26
2015-09-19,East,Technology,Phones,279.86,134.3328
2015-09-19,South,Furniture,Bookcases,61.96,4.3372
2015-09-19,South,Technology,Accessories,66.36,23.226
2015-09-19,West,Furniture,Furnishings,60.84,19.4688
2015-09-19,West,Office Supplies,Art,8.4,2.184
2015-09-19,West,Office Supplies,Paper,22.96,11.2504
2015-09-20,Central,Office Supplies,Binders,2.808,-4.4928
2015-09-20,East,Office Supplies,Binders,62.128,25.818399999999997
2015-09-20,East,Office Supplies,Paper,61.4,28.858
2015-09-20,South,Office Supplies,Binders,1369.764,-913.176
2015-09-20,South,Office Supplies,Storage,294.368,-58.8736
2015-09-20,West,Office Supplies,Binders,45.584,16.5242
2015-09-21,Central,Furniture,Bookcases,194.32,31.0912
2015-09-21,Central,Furniture,Furnishings,4.928,-1.4784
2015-09-21,Central,Office Supplies,Art,25.99,7.5371
2015-09-21,Central,Technology,Accessories,151.2,32.13
2015-09-21,Central,Technology,Phones,946.344,118.293
2015-09-21,East,Furniture,Chairs,542.94,141.1644
2015-09-21,East,Furniture,Furnishings,85.3,14.501
2015-09-21,East,Technology,Phones,589.9,147.475
2015-09-21,South,Furniture,Chairs,1690.04,422.51
2015-09-21,South,Office Supplies,Binders,14.6,6.862
2015-09-21,South,Office Supplies,Envelopes,121.96,57.3212
2015-09-21,South,Office Supplies,Paper,23.92,11.7208
2015-09-21,South,Office Supplies,Storage,1037.76,48.221599999999995
2015-09-21,South,Technology,Phones,743.6800000000001,209.36769999999999
2015-09-21,West,Furniture,Chairs,601.536,0.0
2015-09-21,West,Office Supplies,Fasteners,7.9,2.528
2015-09-21,West,Office Supplies,Storage,199.74,47.9376
2015-09-22,East,Office Supplies,Supplies,55.6,6.255
2015-09-22,East,Technology,Accessories,617.976,-7.7247
2015-09-22,South,Furniture,Furnishings,47.98,11.0354
2015-09-22,South,Office Supplies,Art,2.816,0.3168
2015-09-22,South,Office Supplies,Binders,3.204,-2.5632
2015-09-22,South,Office Supplies,Labels,12.0,4.2
2015-09-22,South,Office Supplies,Paper,32.4,15.552
2015-09-22,South,Office Supplies,Storage,745.4879999999999,-67.7726
2015-09-22,West,Furniture,Furnishings,204.6,53.196
2015-09-22,West,Office Supplies,Appliances,61.44,16.5888
2015-09-24,Central,Furniture,Chairs,1408.1,394.268
2015-09-24,Central,Office Supplies,Binders,15.24,6.858
2015-09-24,Central,Technology,Phones,821.94,213.7044
2015-09-24,East,Office Supplies,Art,23.968,2.5252
2015-09-24,East,Office Supplies,Binders,6.732,-4.488
2015-09-24,East,Office Supplies,Envelopes,55.81999999999999,23.535
2015-09-24,East,Office Supplies,Labels,24.424,7.9378
2015-09-24,East,Office Supplies,Storage,33.568,1.6784
2015-09-24,South,Furniture,Chairs,517.5,155.25
2015-09-24,West,Furniture,Furnishings,14.91,4.6221
2015-09-24,West,Office Supplies,Appliances,1158.12,335.8548
2015-09-24,West,Office Supplies,Art,67.0,14.6492
2015-09-24,West,Office Supplies,Binders,14.952,5.4201
2015-09-24,West,Technology,Accessories,23.2,1.45
2015-09-24,West,Technology,Phones,35.12,13.17
2015-09-25,Central,Office Supplies,Art,128.744,12.8744
2015-09-25,East,Furniture,Chairs,102.582,6.8388
2015-09-25,East,Office Supplies,Art,6.7,2.211
2015-09-25,East,Office Supplies,Binders,96.78600000000002,42.4394
2015-09-25,East,Office Supplies,Paper,65.72,30.631999999999998
2015-09-25,East,Technology,Accessories,963.87,415.788
2015-09-25,East,Technology,Phones,104.98,52.49
2015-09-25,South,Office Supplies,Binders,12.068999999999999,-8.7418
2015-09-25,South,Office Supplies,Paper,10.48,3.799
2015-09-25,West,Furniture,Chairs,307.136,-11.5176
2015-09-25,West,Furniture,Tables,1044.63,240.2649
2015-09-25,West,Office Supplies,Envelopes,17.48,8.2156
2015-09-25,West,Office Supplies,Labels,12.6,5.796
2015-09-25,West,Technology,Accessories,159.98,57.5928
2015-09-26,Central,Office Supplies,Binders,2.08,-3.432
2015-09-26,Central,Technology,Phones,1114.4,376.11
2015-09-26,East,Office Supplies,Binders,200.16,-72.2622
2015-09-26,East,Office Supplies,Fasteners,34.44,16.1868
2015-09-26,East,Technology,Accessories,50.0,12.0
2015-09-26,East,Technology,Machines,629.93,296.0671
2015-09-26,East,Technology,Phones,45.894,-9.1788
2015-09-26,West,Office Supplies,Appliances,60.672,14.4096
2015-09-26,West,Office Supplies,Binders,149.619,-107.4491
2015-09-26,West,Office Supplies,Envelopes,124.46,58.4962
2015-09-26,West,Office Supplies,Paper,259.13599999999997,90.00399999999999
2015-09-26,West,Office Supplies,Storage,547.722,-69.2559
2015-09-26,West,Technology,Accessories,239.8,47.96
2015-09-26,West,Technology,Phones,263.96,23.0965
2015-09-27,Central,Furniture,Furnishings,24.288,-12.7512
2015-09-27,Central,Office Supplies,Art,16.4,4.756
2015-09-27,Central,Office Supplies,Binders,15.08,-22.62
2015-09-27,Central,Office Supplies,Paper,25.92,12.4416
2015-09-27,South,Office Supplies,Paper,154.9,69.705
2015-09-27,South,Technology,Phones,1871.88,561.564
2015-09-27,West,Office Supplies,Art,99.2,25.792
2015-09-27,West,Office Supplies,Paper,159.78,79.6308
2015-09-27,West,Office Supplies,Storage,15.51,4.3428
2015-09-28,East,Office Supplies,Appliances,293.52,76.3152
2015-09-28,East,Technology,Phones,307.98,89.3142
2015-09-28,West,Office Supplies,Appliances,272.97,85.3668
2015-09-28,West,Office Supplies,Binders,82.872,25.790399999999998
2015-09-28,West,Office Supplies,Envelopes,12.536,4.2309
2015-09-28,West,Office Supplies,Fasteners,4.512,0.846
2015-09-28,West,Office Supplies,Supplies,47.19,13.6851
2015-09-28,West,Technology,Phones,36.784,-8.2764
2015-10-01,Central,Office Supplies,Binders,2.992,-4.488
2015-10-01,Central,Technology,Accessories,108.768,2.7192
2015-10-01,East,Office Supplies,Binders,22.45,10.327
2015-10-01,East,Technology,Phones,311.98,93.594
2015-10-01,West,Office Supplies,Storage,139.424,17.428
2015-10-01,West,Technology,Phones,572.8,50.12
2015-10-02,East,Office Supplies,Binders,34.28,16.7972
2015-10-02,East,Office Supplies,Envelopes,51.12,23.004
2015-10-02,East,Office Supplies,Paper,114.28999999999999,54.8592
2015-10-02,East,Technology,Accessories,90.0,32.4
2015-10-02,South,Office Supplies,Binders,7.38,-5.412
2015-10-02,West,Furniture,Furnishings,11.032,3.0338
2015-10-02,West,Office Supplies,Binders,122.88,43.6776
2015-10-02,West,Office Supplies,Storage,270.34,75.6952
2015-10-02,West,Office Supplies,Supplies,10.944,0.9576
2015-10-02,West,Technology,Accessories,53.04,-4.641
2015-10-02,West,Technology,Phones,503.96,50.396
2015-10-03,East,Furniture,Bookcases,35.49,-15.6156
2015-10-03,East,Office Supplies,Binders,32.07,-22.449
2015-10-03,East,Office Supplies,Storage,15.008,1.5008
2015-10-03,East,Technology,Accessories,71.98400000000001,-2.1002
2015-10-03,West,Furniture,Bookcases,120.666,18.4548
2015-10-04,East,Furniture,Furnishings,64.944,6.4944
2015-10-04,East,Office Supplies,Paper,20.736,7.2576
2015-10-04,South,Furniture,Chairs,392.94,43.2234
2015-10-04,West,Office Supplies,Storage,26.96,7.0096
2015-10-05,East,Office Supplies,Storage,77.55,21.714
2015-10-05,East,Technology,Accessories,341.04,52.959
2015-10-05,South,Office Supplies,Appliances,28.84,9.5172
2015-10-05,South,Office Supplies,Art,46.2,12.936
2015-10-05,West,Furniture,Bookcases,66.294,-103.8606
2015-10-05,West,Furniture,Chairs,291.168,-14.5584
2015-10-08,Central,Furniture,Furnishings,72.78,-70.9605
2015-10-08,Central,Office Supplies,Art,3.44,0.559
2015-10-08,West,Furniture,Furnishings,145.9,62.737
2015-10-09,Central,Furniture,Chairs,389.97,35.0973
2015-10-09,Central,Office Supplies,Appliances,299.31300000000005,59.209199999999996
2015-10-09,Central,Office Supplies,Envelopes,57.96,27.2412
2015-10-09,Central,Technology,Accessories,619.95,111.591
2015-10-09,Central,Technology,Phones,29.16,8.4564
2015-10-09,East,Office Supplies,Paper,23.92,10.764
2015-10-09,East,Technology,Phones,631.96,303.3408
2015-10-09,South,Office Supplies,Art,37.376,7.4752
2015-10-09,South,Office Supplies,Binders,13.086,-9.9078
2015-10-09,South,Office Supplies,Storage,30.84,8.3268
2015-10-10,Central,Office Supplies,Art,8.016,1.002
2015-10-10,South,Office Supplies,Storage,1801.632,-337.806
2015-10-10,West,Furniture,Chairs,362.136,-54.3204
2015-10-10,West,Office Supplies,Labels,31.05,14.904
2015-10-10,West,Office Supplies,Paper,45.36,21.7728
2015-10-11,East,Technology,Accessories,31.95,2.2365
2015-10-11,South,Furniture,Tables,957.5775,-383.031
2015-10-11,South,Office Supplies,Storage,22.368,2.5164
2015-10-12,Central,Office Supplies,Binders,12.56,5.652
2015-10-12,Central,Technology,Phones,399.67999999999995,106.5564
2015-10-12,East,Furniture,Bookcases,1525.4879999999998,159.3684
2015-10-12,East,Furniture,Tables,209.67,-13.978
2015-10-12,East,Office Supplies,Art,19.9,6.567
2015-10-12,East,Office Supplies,Paper,51.84,24.8832
2015-10-12,East,Technology,Phones,71.76,20.0928
2015-10-12,West,Office Supplies,Storage,81.96,0.0
2015-10-12,West,Technology,Accessories,17.9,3.401
2015-10-13,South,Furniture,Chairs,287.94,77.7438
2015-10-13,South,Technology,Phones,83.72,23.4416
2015-10-15,Central,Furniture,Chairs,2453.43,-350.49
2015-10-15,Central,Furniture,Furnishings,148.51600000000002,-89.0772
2015-10-15,Central,Office Supplies,Binders,3.96,-6.93
2015-10-15,Central,Office Supplies,Envelopes,4.464,1.674
2015-10-15,Central,Office Supplies,Paper,5.344,1.8704
2015-10-15,Central,Technology,Accessories,603.8399999999999,110.8725
2015-10-16,East,Technology,Phones,824.97,214.4922
2015-10-17,West,Office Supplies,Storage,77.88,3.894
2015-10-18,Central,Office Supplies,Appliances,73.164,-186.5682
2015-10-18,Central,Technology,Accessories,27.696,3.462
2015-10-18,West,Furniture,Furnishings,10.11,3.2352
2015-10-18,West,Office Supplies,Paper,17.94,8.7906
2015-10-18,West,Technology,Phones,249.584,15.599
2015-10-19,Central,Office Supplies,Binders,40.0,14.770799999999998
2015-10-19,Central,Technology,Phones,149.95,44.985
2015-10-19,East,Office Supplies,Paper,34.44,17.22
2015-10-19,West,Office Supplies,Appliances,1640.7,459.396
2015-10-19,West,Technology,Accessories,270.0,97.2
2015-10-20,East,Office Supplies,Paper,24.56,11.5432
2015-10-20,West,Furniture,Furnishings,90.78,30.010800000000003
2015-10-20,West,Furniture,Tables,364.776,27.3582
2015-10-20,West,Technology,Accessories,239.97,86.3892
2015-10-22,Central,Office Supplies,Binders,5.176,-7.764
2015-10-22,South,Office Supplies,Storage,9.952,0.9952
2015-10-23,Central,Office Supplies,Binders,6.08,-10.336
2015-10-23,Central,Office Supplies,Paper,97.024,33.1992
2015-10-23,Central,Technology,Copiers,479.976,161.9919
2015-10-23,Central,Technology,Phones,150.384,15.0384
2015-10-23,South,Office Supplies,Art,10.688,2.2712
2015-10-23,South,Technology,Phones,67.768,-12.2521
2015-10-23,West,Furniture,Chairs,1275.1039999999998,86.003
2015-10-23,West,Office Supplies,Binders,3.592,1.1225
2015-10-23,West,Office Supplies,Envelopes,11.8,5.664
2015-10-23,West,Office Supplies,Paper,11.56,5.6644
2015-10-23,West,Technology,Accessories,148.32,63.7776
2015-10-24,Central,Furniture,Tables,347.361,-69.4722
2015-10-24,Central,Office Supplies,Binders,3.592,-6.286
2015-10-24,Central,Office Supplies,Paper,25.92,9.072
2015-10-24,West,Furniture,Chairs,454.272,-73.8192
2015-10-25,East,Furniture,Chairs,291.1,75.686
2015-10-25,East,Technology,Phones,158.99,41.3374
2015-10-25,West,Furniture,Chairs,582.336,-29.1168
2015-10-25,West,Furniture,Tables,253.176,-31.647
2015-10-25,West,Office Supplies,Art,139.81,40.1295
2015-10-26,West,Office Supplies,Appliances,203.88,20.388
2015-10-26,West,Office Supplies,Binders,14.301,-10.4874
2015-10-26,West,Office Supplies,Labels,152.304,50.2764
2015-10-26,West,Office Supplies,Paper,131.904,47.8152
2015-10-26,West,Office Supplies,Storage,718.64,-161.694
2015-10-26,West,Technology,Phones,174.304,-5.3644
2015-10-28,South,Furniture,Furnishings,57.21,22.0709
2015-10-28,South,Office Supplies,Envelopes,10.67,4.9082
2015-10-28,South,Office Supplies,Storage,36.63,9.8901
2015-10-29,West,Office Supplies,Envelopes,210.84,103.3116
2015-10-29,West,Office Supplies,Paper,33.4,16.032
2015-10-30,Central,Technology,Phones,299.9,74.975
2015-10-30,East,Technology,Machines,1035.8,269.308
2015-10-30,South,Office Supplies,Appliances,182.91,53.0439
2015-10-30,West,Furniture,Furnishings,15.488,3.6784
2015-10-30,West,Technology,Copiers,439.992,164.997
2015-10-30,West,Technology,Machines,59.994,-45.9954
2015-10-30,West,Technology,Phones,87.96,30.786
2015-10-31,Central,Office Supplies,Supplies,70.12,21.036
2015-10-31,East,Office Supplies,Art,2.78,0.7228
2015-10-31,East,Office Supplies,Envelopes,79.96,35.982
2015-10-31,West,Furniture,Bookcases,425.833,20.0392
2015-10-31,West,Furniture,Chairs,323.136,20.196
2015-10-31,West,Office Supplies,Art,5.04,1.26
2015-10-31,West,Office Supplies,Binders,437.88,137.0807
2015-10-31,West,Office Supplies,Envelopes,29.03,13.791599999999999
2015-10-31,West,Office Supplies,Fasteners,17.45,8.027
2015-10-31,West,Office Supplies,Labels,427.42,196.6132
2015-10-31,West,Office Supplies,Paper,19.98,9.3906
2015-10-31,West,Office Supplies,Storage,46.84,12.6468
2015-10-31,West,Office Supplies,Supplies,29.7,8.019
2015-10-31,West,Technology,Phones,1295.84,145.782
2015-11-01,East,Furniture,Chairs,532.7280000000001,35.5152
2015-11-01,East,Furniture,Furnishings,259.7,106.477
2015-11-01,East,Office Supplies,Fasteners,3.168,-0.7128
2015-11-01,East,Office Supplies,Paper,13.52,6.2192
2015-11-01,East,Technology,Accessories,1435.29,598.8759
2015-11-01,East,Technology,Phones,551.86,128.615
2015-11-01,South,Furniture,Tables,301.96,45.294
2015-11-01,West,Office Supplies,Art,7.88,1.773
2015-11-02,Central,Office Supplies,Binders,29.372,-46.9952
2015-11-02,Central,Technology,Phones,344.704,38.7792
2015-11-02,East,Furniture,Chairs,2731.0860000000002,561.9274
2015-11-02,South,Office Supplies,Appliances,197.72,55.3616
2015-11-02,West,Furniture,Bookcases,512.499,-30.147
2015-11-02,West,Furniture,Furnishings,96.96,33.936
2015-11-02,West,Furniture,Tables,1038.84,51.942
2015-11-02,West,Office Supplies,Binders,129.44,45.304
2015-11-02,West,Technology,Accessories,447.93,49.2723
2015-11-03,Central,Office Supplies,Envelopes,6.608,2.1476
2015-11-03,East,Furniture,Chairs,1448.82,209.274
2015-11-03,West,Furniture,Furnishings,42.6,16.614
2015-11-03,West,Technology,Accessories,89.97,37.7874
2015-11-03,West,Technology,Phones,1212.848,106.1242
2015-11-05,Central,Office Supplies,Labels,19.824,6.4428
2015-11-05,East,Office Supplies,Binders,32.562,3.3366
2015-11-05,East,Office Supplies,Supplies,27.2,2.04
2015-11-05,South,Furniture,Chairs,207.0,25.875
2015-11-05,South,Office Supplies,Appliances,387.136,24.196
2015-11-05,West,Office Supplies,Binders,98.352,35.6526
2015-11-05,West,Office Supplies,Storage,62.8,15.7
2015-11-06,West,Office Supplies,Binders,4.401,-3.5208
2015-11-06,West,Office Supplies,Envelopes,7.08,2.478
2015-11-07,Central,Furniture,Furnishings,64.96,-84.448
2015-11-07,Central,Office Supplies,Art,23.64,5.319
2015-11-07,Central,Office Supplies,Binders,32.06,-51.296
2015-11-07,Central,Office Supplies,Paper,76.64,26.824
2015-11-07,Central,Office Supplies,Storage,262.432,-45.824600000000004
2015-11-07,Central,Technology,Machines,287.91,33.5895
2015-11-07,East,Furniture,Chairs,715.2,178.8
2015-11-07,East,Office Supplies,Envelopes,24.4,7.93
2015-11-07,East,Office Supplies,Fasteners,26.18,0.5236
2015-11-07,East,Office Supplies,Paper,7.3,3.431
2015-11-07,South,Office Supplies,Binders,1361.6309999999999,-1044.4553
2015-11-07,West,Furniture,Chairs,190.72,11.92
2015-11-08,Central,Office Supplies,Binders,10.476,-17.2854
2015-11-08,Central,Technology,Phones,263.96,76.5484
2015-11-08,East,Furniture,Bookcases,4404.9,1013.127
2015-11-08,East,Furniture,Chairs,577.764,115.5528
2015-11-08,East,Furniture,Furnishings,11.82,4.728
2015-11-08,East,Office Supplies,Art,11.65,3.3785
2015-11-08,East,Office Supplies,Binders,52.272,17.6418
2015-11-08,East,Office Supplies,Paper,17.94,8.073
2015-11-08,East,Office Supplies,Storage,67.15,16.7875
2015-11-08,East,Technology,Machines,4643.8,2229.024
2015-11-08,East,Technology,Phones,549.98,142.9948
2015-11-08,South,Furniture,Furnishings,191.25199999999998,42.452400000000004
2015-11-08,South,Office Supplies,Appliances,44.43,18.6606
2015-11-08,South,Office Supplies,Art,293.76,86.73299999999999
2015-11-08,South,Office Supplies,Binders,39.879,-29.2446
2015-11-08,South,Office Supplies,Fasteners,31.504,11.814
2015-11-08,South,Office Supplies,Labels,5.04,1.638
2015-11-08,South,Technology,Phones,226.2,58.812
2015-11-08,West,Furniture,Furnishings,66.69,22.0077
2015-11-08,West,Office Supplies,Binders,91.68,28.65
2015-11-08,West,Office Supplies,Fasteners,10.04,2.6016
2015-11-08,West,Office Supplies,Paper,92.94,41.823
2015-11-08,West,Technology,Accessories,491.87,110.1186
2015-11-09,Central,Furniture,Tables,1024.38,215.1198
2015-11-09,Central,Office Supplies,Binders,27.96,13.0764
2015-11-09,Central,Office Supplies,Envelopes,26.22,12.3234
2015-11-09,Central,Office Supplies,Paper,17.34,8.4966
2015-11-09,East,Office Supplies,Envelopes,12.24,5.7528
2015-11-09,East,Office Supplies,Paper,11.352,4.1151
2015-11-09,East,Office Supplies,Storage,262.49,7.940799999999999
2015-11-09,East,Technology,Accessories,913.9300000000001,60.0084
2015-11-09,East,Technology,Machines,2321.9,1114.512
2015-11-09,West,Office Supplies,Fasteners,2.48,1.1656
2015-11-10,Central,Furniture,Furnishings,29.22,12.8568
2015-11-10,Central,Office Supplies,Appliances,715.64,178.91
2015-11-10,Central,Office Supplies,Binders,74.76,34.3896
2015-11-10,Central,Office Supplies,Storage,1509.81,350.3388
2015-11-10,Central,Technology,Copiers,549.99,274.995
2015-11-10,East,Office Supplies,Storage,577.584,43.3188
2015-11-10,West,Technology,Accessories,79.9,35.156
2015-11-11,Central,Office Supplies,Appliances,123.858,46.7908
2015-11-11,Central,Office Supplies,Storage,418.32,117.1296
2015-11-12,Central,Office Supplies,Envelopes,223.888,69.965
2015-11-12,Central,Office Supplies,Paper,15.552,5.6376
2015-11-12,Central,Office Supplies,Storage,64.784,-14.5764
2015-11-12,East,Office Supplies,Envelopes,15.56,7.3132
2015-11-12,South,Furniture,Chairs,670.0559999999999,-55.5987
2015-11-12,South,Office Supplies,Art,11.76,1.323
2015-11-12,South,Office Supplies,Binders,9.9,-7.7454
2015-11-12,South,Technology,Phones,100.792,10.0792
2015-11-12,West,Office Supplies,Paper,15.7,7.065
2015-11-13,Central,Furniture,Bookcases,613.9992,-18.0588
2015-11-13,Central,Furniture,Furnishings,17.496,-7.4358
2015-11-13,Central,Office Supplies,Paper,159.85,74.8149
2015-11-13,Central,Technology,Phones,50.97,13.2522
2015-11-13,East,Furniture,Bookcases,299.97,56.9943
2015-11-13,East,Office Supplies,Paper,42.28,19.8716
2015-11-13,East,Technology,Phones,467.95000000000005,137.68290000000002
2015-11-13,South,Office Supplies,Binders,121.104,-100.92
2015-11-13,South,Office Supplies,Paper,115.296,40.3536
2015-11-13,South,Office Supplies,Storage,84.96,6.372
2015-11-13,South,Technology,Accessories,111.96,-1.3995
2015-11-13,West,Furniture,Bookcases,683.332,-40.196
2015-11-13,West,Furniture,Furnishings,166.34,17.9147
2015-11-13,West,Office Supplies,Binders,46.754,-22.362199999999998
2015-11-13,West,Office Supplies,Paper,29.96,13.482
2015-11-13,West,Technology,Accessories,238.896,-26.8758
2015-11-13,West,Technology,Phones,339.96,42.495
2015-11-14,East,Furniture,Furnishings,76.14,26.649
2015-11-14,East,Office Supplies,Binders,19.96,9.3812
2015-11-14,East,Office Supplies,Paper,37.0,16.65
2015-11-14,East,Technology,Accessories,145.484,25.0164
2015-11-14,South,Office Supplies,Appliances,826.11,322.1829
2015-11-14,South,Office Supplies,Envelopes,33.96,16.98
2015-11-14,West,Furniture,Chairs,1114.192,119.5878
2015-11-14,West,Office Supplies,Fasteners,8.72,2.289
2015-11-14,West,Technology,Accessories,251.144,34.5528
2015-11-15,Central,Office Supplies,Binders,11.364,-17.046
2015-11-15,Central,Office Supplies,Storage,250.272,15.642
2015-11-15,Central,Office Supplies,Supplies,8.72,-1.744
2015-11-15,East,Office Supplies,Art,119.04,35.712
2015-11-15,East,Office Supplies,Binders,201.86399999999998,-105.0504
2015-11-15,East,Office Supplies,Storage,70.95,20.5755
2015-11-15,South,Furniture,Furnishings,39.96,14.3856
2015-11-16,Central,Furniture,Furnishings,220.084,60.561
2015-11-16,Central,Furniture,Tables,867.66,147.5022
2015-11-16,Central,Office Supplies,Paper,179.82,84.5154
2015-11-16,Central,Office Supplies,Storage,21.488,1.6116
2015-11-16,Central,Technology,Accessories,999.96,229.9908
2015-11-16,Central,Technology,Phones,239.976,26.9973
2015-11-16,East,Office Supplies,Appliances,523.25,141.2775
2015-11-16,West,Furniture,Tables,696.42,160.1766
2015-11-16,West,Office Supplies,Labels,18.9,8.694
2015-11-16,West,Technology,Phones,304.776,22.8582
2015-11-17,Central,Furniture,Chairs,1323.9,383.931
2015-11-17,Central,Office Supplies,Paper,106.32,49.9704
2015-11-17,Central,Office Supplies,Storage,541.24,5.4124
2015-11-17,Central,Office Supplies,Supplies,40.92,3.069
2015-11-17,West,Furniture,Chairs,225.568,2.8196
2015-11-17,West,Furniture,Furnishings,117.56,44.5176
2015-11-17,West,Office Supplies,Paper,32.4,15.552
2015-11-17,West,Office Supplies,Storage,1082.1100000000001,60.5027
2015-11-17,West,Technology,Phones,415.968,51.996
2015-11-19,East,Office Supplies,Binders,5.984,2.244
2015-11-19,East,Technology,Phones,861.76,249.9104
2015-11-19,West,Furniture,Furnishings,141.96,22.7136
2015-11-19,West,Office Supplies,Appliances,31.08,8.3916
2015-11-20,Central,Technology,Machines,479.988,55.9986
2015-11-20,East,Furniture,Bookcases,186.048,9.3024
2015-11-20,East,Furniture,Chairs,344.372,-93.4724
2015-11-20,East,Furniture,Furnishings,63.824,9.5736
2015-11-20,East,Office Supplies,Art,71.97,19.662300000000002
2015-11-20,East,Office Supplies,Paper,19.65,9.039
2015-11-20,East,Office Supplies,Storage,141.552,-26.541
2015-11-20,South,Furniture,Bookcases,290.352,-36.294
2015-11-20,South,Office Supplies,Binders,70.11,-56.088
2015-11-20,South,Office Supplies,Storage,17.44,1.308
2015-11-20,West,Furniture,Bookcases,145.764,-247.7988
2015-11-20,West,Furniture,Chairs,572.16,35.76
2015-11-20,West,Furniture,Furnishings,54.18,14.4306
2015-11-20,West,Office Supplies,Art,138.5,36.01
2015-11-20,West,Office Supplies,Binders,128.39600000000002,30.399600000000003
2015-11-20,West,Office Supplies,Labels,50.12,23.5564
2015-11-20,West,Technology,Accessories,13.98,6.0114
2015-11-20,West,Technology,Phones,72.744,-15.4581
2015-11-21,Central,Furniture,Bookcases,246.1328,-76.0116
2015-11-21,Central,Office Supplies,Appliances,44.338,-62.482000000000006
2015-11-21,Central,Office Supplies,Art,16.264,5.6488
2015-11-21,Central,Office Supplies,Binders,9.676,-15.711
2015-11-21,Central,Office Supplies,Labels,11.696,3.9474
2015-11-21,Central,Technology,Accessories,393.54,165.2868
2015-11-21,Central,Technology,Copiers,439.992,164.997
2015-11-21,Central,Technology,Machines,83.9,22.653
2015-11-21,East,Furniture,Chairs,396.802,-11.3372
2015-11-21,East,Furniture,Tables,1252.704,-480.2032
2015-11-21,East,Office Supplies,Supplies,15.88,-3.7715
2015-11-21,East,Technology,Phones,110.97,-24.0435
2015-11-21,South,Furniture,Furnishings,18.176,4.7712
2015-11-21,West,Furniture,Bookcases,141.96,41.1684
2015-11-21,West,Office Supplies,Appliances,325.632,28.4928
2015-11-21,West,Office Supplies,Binders,66.048,23.1168
2015-11-21,West,Office Supplies,Labels,16.52,5.369
2015-11-21,West,Technology,Accessories,23.344,-1.459
2015-11-22,Central,Furniture,Tables,206.962,-32.5226
2015-11-22,Central,Office Supplies,Appliances,68.81,-123.858
2015-11-22,Central,Office Supplies,Binders,2.544,-3.816
2015-11-22,Central,Technology,Accessories,27.168,-1.3584
2015-11-22,East,Office Supplies,Art,17.12,4.9648
2015-11-22,East,Office Supplies,Binders,11.61,-9.288
2015-11-22,East,Office Supplies,Paper,74.88,35.1936
2015-11-22,South,Office Supplies,Binders,2.946,-2.0622
2015-11-22,South,Office Supplies,Fasteners,55.104,18.5976
2015-11-22,South,Technology,Machines,32.985,-1.9791
2015-11-22,West,Office Supplies,Paper,80.74,37.4712
2015-11-22,West,Office Supplies,Storage,33.63,10.089
2015-11-23,Central,Office Supplies,Binders,23.912,-40.6504
2015-11-23,Central,Office Supplies,Paper,335.52,117.432
2015-11-23,Central,Office Supplies,Storage,27.056,2.3674
2015-11-23,East,Office Supplies,Appliances,2625.12,735.0336
2015-11-23,East,Office Supplies,Art,31.060000000000002,10.1266
2015-11-23,East,Office Supplies,Envelopes,16.56,7.7832
2015-11-23,East,Office Supplies,Paper,82.98,39.3894
2015-11-23,East,Technology,Phones,307.98,89.3142
2015-11-24,West,Furniture,Furnishings,79.76,22.3328
2015-11-24,West,Office Supplies,Art,14.7,6.615
2015-11-24,West,Office Supplies,Binders,120.384,40.0536
2015-11-24,West,Office Supplies,Paper,535.08,259.0602
2015-11-24,West,Office Supplies,Storage,454.86,54.5832
2015-11-24,West,Technology,Accessories,13.98,6.1512
2015-11-25,South,Office Supplies,Art,13.12,1.476
2015-11-26,Central,Technology,Copiers,599.99,233.9961
2015-11-26,East,Office Supplies,Binders,75.77,37.4431
2015-11-26,East,Office Supplies,Paper,10.95,5.1465
2015-11-26,East,Office Supplies,Storage,104.9,25.176
2015-11-26,South,Furniture,Furnishings,692.472,190.4298
2015-11-27,East,Furniture,Bookcases,170.98,32.4862
2015-11-27,East,Furniture,Furnishings,38.97,4.6764
2015-11-27,East,Furniture,Tables,446.068,0.0
2015-11-27,East,Office Supplies,Art,29.79,12.5118
2015-11-27,East,Office Supplies,Paper,254.92000000000002,117.1152
2015-11-27,East,Technology,Accessories,364.95000000000005,95.74109999999999
2015-11-27,East,Technology,Phones,832.722,-138.71800000000002
2015-11-27,South,Furniture,Tables,375.4575,-157.0095
2015-11-27,South,Office Supplies,Binders,6.24,3.0576
2015-11-27,South,Technology,Accessories,83.976,-1.0497
2015-11-27,West,Furniture,Chairs,283.92,17.745
2015-11-27,West,Office Supplies,Paper,113.82,53.4954
2015-11-27,West,Technology,Accessories,107.97,22.6737
2015-11-28,Central,Furniture,Furnishings,164.092,-190.8444
2015-11-28,Central,Office Supplies,Paper,335.52,117.432
2015-11-28,Central,Office Supplies,Storage,136.288,-15.5184
2015-11-28,Central,Technology,Phones,647.904,56.6916
2015-11-28,East,Furniture,Furnishings,461.87,102.2426
2015-11-28,East,Office Supplies,Envelopes,62.24,29.2528
2015-11-28,East,Office Supplies,Fasteners,3.008,0.564
2015-11-28,West,Office Supplies,Appliances,45.28,15.3952
2015-11-28,West,Office Supplies,Art,8.28,3.4776
2015-11-29,Central,Furniture,Chairs,1408.8700000000001,209.3285
2015-11-29,Central,Office Supplies,Appliances,555.21,178.901
2015-11-29,Central,Office Supplies,Art,161.82,46.9278
2015-11-29,Central,Office Supplies,Binders,8.784,-13.6152
2015-11-29,Central,Office Supplies,Paper,19.92,9.3624
2015-11-29,Central,Office Supplies,Storage,523.48,130.87
2015-11-29,Central,Technology,Accessories,21.48,-0.2685
2015-11-29,West,Office Supplies,Art,56.3,15.764
2015-11-29,West,Office Supplies,Binders,4.304,1.5602
2015-11-30,Central,Office Supplies,Binders,3.882,-5.823
2015-11-30,East,Furniture,Bookcases,681.408,42.588
2015-11-30,East,Office Supplies,Binders,152.991,-122.3928
2015-11-30,East,Office Supplies,Fasteners,10.584,-2.3814
2015-11-30,East,Office Supplies,Paper,23.66,10.8836
2015-11-30,East,Technology,Phones,94.92,15.82
2015-11-30,South,Furniture,Furnishings,352.83200000000005,26.248800000000003
2015-11-30,South,Office Supplies,Appliances,98.352,9.8352
2015-11-30,South,Office Supplies,Binders,6.048,-4.2336
2015-11-30,South,Office Supplies,Envelopes,89.36,40.5616
2015-11-30,South,Technology,Phones,177.48,19.9665
2015-11-30,West,Furniture,Furnishings,80.96,29.1456
2015-11-30,West,Office Supplies,Paper,25.92,12.4416
2015-12-01,Central,Furniture,Furnishings,6.688,-4.0128
2015-12-01,Central,Office Supplies,Art,3.64,1.0192
2015-12-01,Central,Office Supplies,Paper,37.980000000000004,18.045
2015-12-01,South,Office Supplies,Binders,63.96,30.7008
2015-12-01,South,Office Supplies,Storage,61.68,16.6536
2015-12-01,West,Furniture,Chairs,4680.592000000001,392.9122
2015-12-01,West,Furniture,Tables,1913.4,401.814
2015-12-01,West,Office Supplies,Art,13.9,5.56
2015-12-01,West,Office Supplies,Binders,55.424,19.3984
2015-12-01,West,Office Supplies,Paper,146.6,68.084
2015-12-01,West,Office Supplies,Storage,146.73,2.9346
2015-12-03,East,Furniture,Furnishings,2.96,0.777
2015-12-03,East,Office Supplies,Binders,601.1039999999999,209.9832
2015-12-03,East,Office Supplies,Paper,201.108,90.4948
2015-12-03,East,Technology,Accessories,36.784,10.5754
2015-12-03,East,Technology,Machines,482.34,-337.638
2015-12-03,South,Furniture,Furnishings,77.952,12.6672
2015-12-03,South,Office Supplies,Art,9.344,1.168
2015-12-03,South,Office Supplies,Binders,95.97,-73.577
2015-12-03,South,Technology,Phones,105.584,9.2386
2015-12-03,West,Furniture,Bookcases,359.499,-29.6058
2015-12-04,Central,Office Supplies,Paper,85.96,40.4012
2015-12-04,East,Furniture,Chairs,1110.348,106.3114
2015-12-04,East,Furniture,Furnishings,28.44,11.376
2015-12-04,East,Office Supplies,Envelopes,17.94,8.7906
2015-12-04,East,Technology,Phones,1839.71,550.3145999999999
2015-12-04,South,Office Supplies,Art,36.96,12.012
2015-12-04,South,Office Supplies,Binders,1606.284,-1071.4044000000001
2015-12-04,West,Furniture,Furnishings,61.48,22.8608
2015-12-04,West,Office Supplies,Art,16.9,6.253
2015-12-04,West,Office Supplies,Envelopes,271.44,122.148
2015-12-04,West,Technology,Phones,110.352,8.2764
2015-12-05,Central,Office Supplies,Art,45.04,4.504
2015-12-05,Central,Office Supplies,Binders,152.8,76.4
2015-12-05,Central,Office Supplies,Envelopes,12.224,4.4312
2015-12-05,East,Furniture,Chairs,164.646,12.8058
2015-12-05,East,Office Supplies,Binders,258.464,58.452600000000004
2015-12-05,East,Office Supplies,Paper,22.68,11.1132
2015-12-05,East,Technology,Accessories,47.984,0.5998
2015-12-05,South,Furniture,Chairs,97.424,10.9602
2015-12-05,West,Furniture,Furnishings,44.46,14.6718
2015-12-05,West,Office Supplies,Labels,12.6,6.048
2015-12-05,West,Technology,Accessories,39.0,17.55
2015-12-06,Central,Office Supplies,Binders,2.772,-4.851
2015-12-06,Central,Technology,Copiers,999.98,449.991
2015-12-06,East,Furniture,Chairs,70.686,-24.2352
2015-12-06,East,Furniture,Furnishings,113.92,42.1504
2015-12-06,East,Office Supplies,Art,37.376,4.672
2015-12-06,East,Office Supplies,Binders,14.832,-10.3824
2015-12-06,East,Office Supplies,Paper,48.34,23.621799999999997
2015-12-06,East,Technology,Accessories,1619.91,97.1946
2015-12-06,East,Technology,Phones,485.94,-89.089
2015-12-06,South,Technology,Phones,173.94,50.4426
2015-12-06,West,Furniture,Furnishings,206.112,48.9516
2015-12-06,West,Office Supplies,Appliances,7.78,2.0228
2015-12-06,West,Office Supplies,Art,206.454,43.351200000000006
2015-12-06,West,Office Supplies,Labels,14.94,6.8724
2015-12-06,West,Office Supplies,Paper,266.382,91.2488
2015-12-06,West,Office Supplies,Storage,1572.954,179.9658
2015-12-06,West,Technology,Phones,219.184,19.1786
2015-12-07,East,Office Supplies,Binders,28.048,9.5498
2015-12-07,East,Technology,Phones,773.94,224.4426
2015-12-07,South,Furniture,Chairs,283.92,70.98
2015-12-07,South,Office Supplies,Appliances,152.94,41.2938
2015-12-07,West,Furniture,Furnishings,79.92,28.7712
2015-12-07,West,Office Supplies,Fasteners,3.96,0.0
2015-12-07,West,Office Supplies,Labels,2.61,1.2006
2015-12-07,West,Office Supplies,Paper,12.96,6.2208
2015-12-08,Central,Office Supplies,Paper,360.712,130.7581
2015-12-08,Central,Technology,Phones,1838.3600000000001,162.35600000000002
2015-12-08,West,Office Supplies,Paper,15.696,5.1012
2015-12-08,West,Office Supplies,Storage,221.96,4.4392
2015-12-08,West,Technology,Accessories,236.0,40.12
2015-12-09,Central,Office Supplies,Paper,34.02,16.6698
2015-12-10,Central,Furniture,Chairs,191.96,32.6332
2015-12-10,Central,Furniture,Tables,801.96,200.49
2015-12-10,Central,Office Supplies,Appliances,53.088,-108.8304
2015-12-10,Central,Office Supplies,Art,3.9,1.521
2015-12-10,Central,Office Supplies,Labels,2.61,1.2006
2015-12-10,East,Furniture,Chairs,542.94,141.1644
2015-12-10,East,Office Supplies,Art,27.36,9.3024
2015-12-10,East,Office Supplies,Labels,7.31,3.4357
2015-12-10,East,Office Supplies,Paper,297.09,137.1894
2015-12-10,East,Technology,Accessories,25.488,4.4604
2015-12-10,East,Technology,Copiers,799.984,249.995
2015-12-10,East,Technology,Phones,134.99,36.4473
2015-12-10,South,Office Supplies,Art,1.78,0.4984
2015-12-10,South,Office Supplies,Paper,25.92,12.4416
2015-12-10,South,Technology,Accessories,101.94,21.4074
2015-12-10,West,Office Supplies,Art,56.3,15.764
2015-12-10,West,Office Supplies,Labels,5.76,2.8224
2015-12-11,Central,Office Supplies,Binders,23.0,10.35
2015-12-11,Central,Office Supplies,Storage,46.344,4.6344
2015-12-11,Central,Technology,Accessories,335.214,97.3269
2015-12-11,Central,Technology,Phones,125.99,31.4975
2015-12-11,East,Office Supplies,Binders,10.332,-7.5768
2015-12-11,South,Office Supplies,Binders,12.828,-8.9796
2015-12-11,South,Office Supplies,Labels,196.62,96.3438
2015-12-11,West,Furniture,Bookcases,69.576,-143.7904
2015-12-11,West,Furniture,Furnishings,107.336,26.0536
2015-12-11,West,Furniture,Tables,364.95,-248.166
2015-12-11,West,Office Supplies,Art,17.344,1.6232
2015-12-11,West,Office Supplies,Binders,110.528,38.6848
2015-12-11,West,Office Supplies,Paper,112.752,38.4
2015-12-11,West,Technology,Accessories,58.08,-6.534
2015-12-12,Central,Technology,Accessories,22.368,6.4308
2015-12-12,East,Office Supplies,Art,8.22,2.2194
2015-12-12,West,Furniture,Chairs,348.928,34.8928
2015-12-12,West,Furniture,Furnishings,166.5,21.645
2015-12-12,West,Office Supplies,Art,2.21,0.5967
2015-12-12,West,Office Supplies,Binders,24.448,8.8624
2015-12-12,West,Office Supplies,Envelopes,15.52,7.4496
2015-12-12,West,Office Supplies,Fasteners,7.86,3.6156
2015-12-12,West,Office Supplies,Paper,166.72,81.214
2015-12-12,West,Office Supplies,Storage,360.38,93.6988
2015-12-12,West,Office Supplies,Supplies,25.76,0.5152
2015-12-12,West,Technology,Accessories,299.94,128.9742
2015-12-13,East,Office Supplies,Binders,37.88,18.94
2015-12-13,East,Office Supplies,Paper,19.44,9.3312
2015-12-13,West,Office Supplies,Appliances,134.48,34.9648
2015-12-13,West,Office Supplies,Binders,29.2,9.855
2015-12-13,West,Office Supplies,Labels,9.96,4.5816
2015-12-13,West,Office Supplies,Paper,12.96,6.2208
2015-12-13,West,Technology,Accessories,285.09,42.594300000000004
2015-12-13,West,Technology,Phones,494.376,49.4376
2015-12-14,South,Furniture,Furnishings,6.16,1.9712
2015-12-14,South,Office Supplies,Art,56.3,15.764
2015-12-14,South,Office Supplies,Binders,3.76,1.8048
2015-12-14,West,Furniture,Furnishings,44.46,18.0384
2015-12-14,West,Furniture,Tables,273.568,10.2588
2015-12-14,West,Office Supplies,Binders,97.608,35.0151
2015-12-14,West,Office Supplies,Paper,6.48,3.1104
2015-12-14,West,Technology,Accessories,50.0,10.5
2015-12-14,West,Technology,Phones,319.968,35.9964
2015-12-15,East,Furniture,Furnishings,262.864,69.0018
2015-12-15,East,Office Supplies,Art,3.28,1.4104
2015-12-15,East,Technology,Accessories,2025.36,607.608
2015-12-15,East,Technology,Machines,1799.994,-2639.9912
2015-12-15,East,Technology,Phones,101.988,-16.998
2015-12-15,South,Technology,Phones,246.168,21.5397
2015-12-15,West,Office Supplies,Appliances,103.92,36.372
2015-12-15,West,Office Supplies,Binders,51.312,18.6006
2015-12-15,West,Technology,Accessories,899.91,377.9622
2015-12-16,West,Office Supplies,Paper,4.98,2.3406
2015-12-17,Central,Furniture,Chairs,991.96,223.5726
2015-12-17,Central,Furniture,Furnishings,253.682,-4.888100000000001
2015-12-17,Central,Office Supplies,Art,13.12,1.476
2015-12-17,Central,Office Supplies,Binders,29.52,14.4648
2015-12-17,Central,Office Supplies,Storage,180.016,-15.7514
2015-12-17,West,Office Supplies,Art,221.25,60.313
2015-12-17,West,Office Supplies,Binders,92.96,31.374
2015-12-17,West,Technology,Phones,135.984,16.998
2015-12-18,East,Office Supplies,Paper,20.736,7.2576
2015-12-18,East,Office Supplies,Storage,646.776,-145.5246
2015-12-18,East,Technology,Accessories,166.24,24.936
2015-12-18,South,Furniture,Furnishings,20.32,3.556
2015-12-18,South,Office Supplies,Envelopes,55.936,18.8784
2015-12-18,South,Office Supplies,Labels,18.432,5.9904
2015-12-18,West,Office Supplies,Art,6.848,0.5992
2015-12-19,Central,Office Supplies,Binders,7.04,3.3088
2015-12-19,Central,Office Supplies,Fasteners,5.04,0.2016
2015-12-19,Central,Office Supplies,Paper,116.28,56.9772
2015-12-19,Central,Technology,Accessories,25.488,4.779
2015-12-19,Central,Technology,Phones,158.376,13.8579
2015-12-19,East,Furniture,Tables,1053.164,-105.3164
2015-12-19,East,Office Supplies,Appliances,526.736,51.652
2015-12-19,East,Office Supplies,Labels,6.912,2.5056
2015-12-19,East,Office Supplies,Paper,29.9,14.651
2015-12-19,East,Technology,Accessories,2249.91,517.4793
2015-12-19,West,Technology,Accessories,1265.85,556.974
2015-12-19,West,Technology,Phones,675.96,84.495
2015-12-20,Central,Furniture,Bookcases,359.058,-71.8116
2015-12-20,Central,Office Supplies,Storage,88.8,-2.22
2015-12-20,Central,Technology,Accessories,356.768,72.6136
2015-12-20,Central,Technology,Phones,159.984,11.9988
2015-12-20,East,Office Supplies,Paper,55.48,26.6304
2015-12-20,South,Office Supplies,Appliances,36.27,10.881
2015-12-20,South,Office Supplies,Labels,11.696,3.9474
2015-12-20,West,Furniture,Furnishings,14.368,3.9512
2015-12-20,West,Office Supplies,Envelopes,7.92,2.772
2015-12-20,West,Office Supplies,Paper,17.12,7.704
2015-12-21,Central,Furniture,Furnishings,51.756,-33.6414
2015-12-21,Central,Office Supplies,Art,59.904,14.2272
2015-12-21,Central,Technology,Accessories,637.44,135.456
2015-12-21,Central,Technology,Machines,600.53,137.264
2015-12-21,East,Office Supplies,Art,3.008,0.3384
2015-12-21,South,Office Supplies,Envelopes,27.312,9.2178
2015-12-21,South,Technology,Accessories,50.88,14.628
2015-12-21,South,Technology,Phones,47.976,4.7976
2015-12-21,West,Furniture,Tables,1618.37,356.0414
2015-12-21,West,Office Supplies,Appliances,60.984,4.5738
2015-12-21,West,Technology,Accessories,99.6,36.852
2015-12-22,Central,Office Supplies,Art,17.12,4.9648
2015-12-22,East,Furniture,Chairs,422.625,0.0
2015-12-22,East,Office Supplies,Storage,33.568,1.6784
2015-12-23,South,Office Supplies,Appliances,194.32,56.3528
2015-12-24,Central,Furniture,Furnishings,9.68,3.7752
2015-12-24,Central,Technology,Copiers,4899.93,2302.9671
2015-12-24,East,Furniture,Furnishings,72.704,19.0848
2015-12-24,East,Office Supplies,Art,27.168,2.7168
2015-12-24,East,Office Supplies,Binders,19.776,-13.8432
2015-12-24,East,Office Supplies,Fasteners,5.584,1.8148
2015-12-24,East,Office Supplies,Labels,21.56,10.3488
2015-12-24,East,Office Supplies,Paper,168.454,78.19019999999999
2015-12-24,East,Technology,Machines,479.988,-383.9904
2015-12-24,West,Furniture,Bookcases,590.058,-786.744
2015-12-24,West,Furniture,Chairs,883.84,99.432
2015-12-24,West,Furniture,Furnishings,7.712,1.7352
2015-12-24,West,Office Supplies,Art,14.04,1.5795
2015-12-24,West,Office Supplies,Binders,19.936,7.2268
2015-12-24,West,Office Supplies,Fasteners,45.92,21.5824
2015-12-24,West,Office Supplies,Paper,106.232,37.1812
2015-12-24,West,Technology,Phones,111.984,11.1984
2015-12-25,Central,Furniture,Bookcases,160.98,20.9274
2015-12-25,Central,Office Supplies,Art,3.28,0.9512
2015-12-25,Central,Office Supplies,Paper,17.34,8.4966
2015-12-25,Central,Technology,Phones,73.98,19.9746
2015-12-25,East,Furniture,Bookcases,449.568,56.196
2015-12-25,East,Furniture,Furnishings,547.136,-68.392
2015-12-25,East,Office Supplies,Appliances,414.96,124.488
2015-12-25,East,Technology,Accessories,843.9,371.316
2015-12-25,South,Furniture,Furnishings,275.88,46.8996
2015-12-25,South,Office Supplies,Binders,157.9,74.213
2015-12-25,South,Office Supplies,Labels,9.216,3.3408
2015-12-25,South,Office Supplies,Paper,10.368,3.6288
2015-12-25,West,Office Supplies,Paper,40.5,19.1274
2015-12-25,West,Technology,Copiers,1199.96,224.9925
2015-12-26,Central,Furniture,Chairs,275.058,-90.3762
2015-12-26,East,Furniture,Tables,51.588,-15.4764
2015-12-26,East,Office Supplies,Fasteners,22.2,10.434
2015-12-26,East,Office Supplies,Paper,212.64,99.9408
2015-12-27,Central,Furniture,Bookcases,532.3992,-46.9764
2015-12-27,Central,Furniture,Chairs,212.058,-15.147
2015-12-27,Central,Office Supplies,Envelopes,113.328,35.415
2015-12-27,Central,Office Supplies,Paper,195.64,91.9508
2015-12-27,Central,Office Supplies,Storage,12.672,-3.168
2015-12-27,Central,Technology,Phones,611.068,113.7264
2015-12-27,East,Furniture,Tables,1548.99,-464.697
2015-12-27,East,Office Supplies,Appliances,355.96,103.2284
2015-12-27,East,Office Supplies,Envelopes,19.872,6.7068
2015-12-27,East,Office Supplies,Paper,28.9,14.161
2015-12-27,South,Furniture,Bookcases,131.104,8.194
2015-12-27,South,Furniture,Furnishings,53.352,16.0056
2015-12-27,South,Office Supplies,Envelopes,105.42,51.6558
2015-12-27,South,Office Supplies,Storage,22.512,2.2512
2015-12-27,South,Technology,Accessories,77.472,-12.021
2015-12-27,West,Office Supplies,Appliances,106.96,31.0184
2015-12-27,West,Office Supplies,Labels,21.56,10.3488
2015-12-27,West,Office Supplies,Storage,323.1,61.389
2015-12-27,West,Technology,Accessories,7.92,3.4848
2015-12-27,West,Technology,Phones,668.16,75.168
2015-12-28,Central,Office Supplies,Storage,24.816,1.551
2015-12-28,East,Technology,Accessories,54.384,1.3596
2015-12-29,East,Office Supplies,Supplies,6.36,0.0636
2015-12-30,West,Office Supplies,Envelopes,271.44,122.148
2015-12-30,West,Office Supplies,Paper,68.52,31.5192
2015-12-30,West,Office Supplies,Storage,74.94,14.2386
2015-12-30,West,Technology,Machines,2548.56,286.713
2015-12-30,West,Technology,Phones,287.88,35.985
2015-12-31,Central,Furniture,Furnishings,14.76,-11.439
2015-12-31,Central,Office Supplies,Binders,120.05600000000001,46.5304
2015-12-31,Central,Office Supplies,Fasteners,3.488,0.5668
2015-12-31,Central,Office Supplies,Storage,152.688,-26.7204
2015-12-31,Central,Office Supplies,Supplies,5.888,-1.3248
2015-12-31,South,Office Supplies,Binders,596.48,278.3802
2015-12-31,West,Office Supplies,Binders,487.984,152.495
2016-01-02,East,Furniture,Bookcases,173.94,38.2668
2016-01-02,East,Technology,Phones,231.98,67.2742
2016-01-03,Central,Furniture,Tables,1592.85,350.427
2016-01-03,Central,Office Supplies,Binders,11.88,5.346
2016-01-03,Central,Technology,Accessories,195.68,-11.474
2016-01-03,Central,Technology,Phones,180.96,13.572
2016-01-03,West,Office Supplies,Storage,114.46,28.615
2016-01-04,East,Office Supplies,Art,4.672,0.584
2016-01-04,East,Office Supplies,Binders,104.58,-80.178
2016-01-04,South,Technology,Copiers,959.968,119.996
2016-01-05,South,Office Supplies,Art,5.248,0.5904
2016-01-05,South,Technology,Accessories,191.472,40.6878
2016-01-05,South,Technology,Phones,59.184,5.1786
2016-01-07,Central,Furniture,Furnishings,23.076,-10.9611
2016-01-07,Central,Office Supplies,Paper,25.92,9.072
2016-01-07,West,Office Supplies,Art,34.58,10.0282
2016-01-08,Central,Furniture,Bookcases,1565.88,407.1288
2016-01-08,Central,Office Supplies,Binders,106.05,49.8435
2016-01-08,South,Office Supplies,Art,47.616,5.952
2016-01-08,South,Office Supplies,Binders,30.828,-24.6624
2016-01-08,South,Technology,Phones,108.784,10.8784
2016-01-09,East,Furniture,Furnishings,15.168,3.792
2016-01-09,West,Technology,Accessories,349.95,118.983
2016-01-09,West,Technology,Phones,377.928,141.723
2016-01-10,West,Furniture,Furnishings,104.77000000000001,42.0691
2016-01-10,West,Technology,Accessories,69.98,13.2962
2016-01-11,East,Furniture,Furnishings,54.992,8.9362
2016-01-11,East,Office Supplies,Paper,78.864,26.0196
2016-01-11,East,Technology,Phones,15.588,-9.8724
2016-01-14,South,Furniture,Furnishings,315.776,31.5776
2016-01-14,South,Office Supplies,Paper,89.568,32.4684
2016-01-15,East,Furniture,Tables,181.797,-15.5826
2016-01-15,East,Office Supplies,Art,4.66,1.3514
2016-01-15,East,Office Supplies,Binders,49.536,17.3376
2016-01-15,East,Office Supplies,Envelopes,68.86,32.199
2016-01-15,East,Office Supplies,Paper,142.1,69.0278
2016-01-15,East,Technology,Accessories,254.97,91.7892
2016-01-16,West,Office Supplies,Binders,11.648,4.2224
2016-01-16,West,Technology,Accessories,90.57,11.7741
2016-01-17,East,Furniture,Furnishings,322.59,64.518
2016-01-17,East,Technology,Accessories,401.96000000000004,80.1502
2016-01-17,South,Technology,Accessories,316.0,31.6
2016-01-21,West,Furniture,Chairs,1167.056,70.25280000000001
2016-01-22,East,Office Supplies,Binders,26.336,9.2176
2016-01-22,East,Office Supplies,Fasteners,7.56,0.3024
2016-01-22,East,Technology,Accessories,55.176,15.8631
2016-01-22,East,Technology,Phones,110.376,-20.2356
2016-01-22,South,Furniture,Bookcases,451.136,-67.6704
2016-01-22,South,Furniture,Furnishings,14.272,4.2816
2016-01-22,South,Office Supplies,Appliances,64.864,6.4864
2016-01-22,West,Furniture,Furnishings,109.9,37.366
2016-01-22,West,Office Supplies,Labels,65.05,31.698999999999998
2016-01-22,West,Office Supplies,Paper,12.96,6.2208
2016-01-23,East,Office Supplies,Art,8.04,2.7336
2016-01-23,East,Office Supplies,Storage,1564.29,406.7154
2016-01-23,East,Technology,Accessories,99.98,42.9914
2016-01-23,West,Furniture,Furnishings,59.99,21.5964
2016-01-24,South,Office Supplies,Binders,31.36,15.68
2016-01-25,East,Furniture,Furnishings,45.98,7.8166
2016-01-25,East,Furniture,Tables,313.722,-99.3453
2016-01-25,East,Office Supplies,Art,9.21,2.3025
2016-01-25,East,Office Supplies,Binders,43.12,15.092
2016-01-25,East,Office Supplies,Paper,18.0,8.28
2016-01-25,East,Office Supplies,Storage,428.68,0.0
2016-01-28,West,Office Supplies,Art,39.68,10.3168
2016-01-30,Central,Furniture,Tables,626.1,-538.446
2016-01-30,Central,Office Supplies,Binders,1.728,-2.6784
2016-01-30,Central,Office Supplies,Paper,156.512,52.8228
2016-01-30,Central,Technology,Phones,1439.968,143.9968
2016-01-30,West,Furniture,Bookcases,48.58,7.7728
2016-01-30,West,Furniture,Chairs,435.168,-59.8356
2016-01-30,West,Office Supplies,Binders,68.24,23.6658
2016-01-30,West,Office Supplies,Labels,26.01,12.2247
2016-01-30,West,Office Supplies,Storage,305.01,76.2525
2016-01-31,Central,Office Supplies,Paper,15.552,5.4432
2016-01-31,East,Office Supplies,Envelopes,23.36,11.68
2016-01-31,South,Office Supplies,Binders,1270.99,635.495
2016-01-31,South,Office Supplies,Envelopes,125.36,58.9192
2016-01-31,West,Office Supplies,Paper,56.7,27.783
2016-01-31,West,Technology,Phones,109.592,8.2194
2016-02-01,South,Office Supplies,Storage,56.45,14.677
2016-02-01,West,Office Supplies,Paper,105.52,48.5392
2016-02-02,Central,Furniture,Furnishings,73.784,-77.4732
2016-02-02,East,Office Supplies,Storage,117.96,5.898
2016-02-02,South,Furniture,Furnishings,18.69,7.1022
2016-02-02,South,Office Supplies,Binders,36.4,18.2
2016-02-02,South,Technology,Machines,8749.95,2799.984
2016-02-03,South,Furniture,Chairs,866.4,225.264
2016-02-04,East,Technology,Phones,90.48,23.5248
2016-02-04,West,Furniture,Furnishings,14.368,3.9512
2016-02-04,West,Office Supplies,Storage,93.02,3.7208
2016-02-05,South,Furniture,Bookcases,239.98,52.7956
2016-02-05,South,Furniture,Furnishings,18.84,7.1592
2016-02-05,South,Office Supplies,Envelopes,167.96,78.9412
2016-02-05,South,Office Supplies,Fasteners,9.45,0.189
2016-02-05,South,Office Supplies,Paper,814.18,392.10080000000005
2016-02-05,South,Office Supplies,Storage,235.42000000000002,3.1639999999999997
2016-02-05,South,Technology,Phones,589.68,154.3653
2016-02-05,West,Furniture,Tables,557.728,6.9716
2016-02-05,West,Office Supplies,Labels,14.73,7.2177
2016-02-05,West,Office Supplies,Storage,186.54,50.3658
2016-02-05,West,Technology,Phones,159.968,-31.9936
2016-02-06,South,Furniture,Furnishings,132.224,-18.1808
2016-02-07,East,Office Supplies,Paper,30.352,10.6232
2016-02-07,South,Office Supplies,Labels,7.83,3.6018
2016-02-07,South,Technology,Accessories,100.0,21.0
2016-02-07,West,Technology,Phones,623.96,38.9975
2016-02-08,Central,Furniture,Chairs,241.5,0.0
2016-02-08,South,Technology,Phones,1127.976,126.8973
2016-02-09,West,Technology,Accessories,121.83,50.73779999999999
2016-02-11,Central,Technology,Phones,69.93,0.6993
2016-02-12,South,Office Supplies,Binders,15.92,7.4824
2016-02-12,South,Office Supplies,Storage,1350.12,175.5156
2016-02-13,West,Office Supplies,Paper,146.82,73.41
2016-02-14,East,Furniture,Furnishings,10.56,4.6464
2016-02-14,East,Furniture,Tables,550.431,-47.1798
2016-02-14,East,Office Supplies,Art,7.98,2.0748
2016-02-14,East,Office Supplies,Paper,4.77,2.1465
2016-02-14,South,Office Supplies,Art,264.18,68.6868
2016-02-15,East,Office Supplies,Binders,398.352,124.485
2016-02-15,East,Office Supplies,Fasteners,8.72,3.5752
2016-02-16,Central,Furniture,Chairs,62.958,-2.6982
2016-02-16,Central,Office Supplies,Appliances,92.064,-225.5568
2016-02-16,Central,Office Supplies,Fasteners,6.976,1.8312
2016-02-16,Central,Office Supplies,Paper,5.184,1.8144
2016-02-16,East,Furniture,Chairs,554.606,76.39699999999999
2016-02-16,East,Technology,Accessories,89.97,39.5868
2016-02-16,South,Furniture,Furnishings,318.08,34.9888
2016-02-16,South,Office Supplies,Binders,5.8,2.61
2016-02-19,East,Furniture,Furnishings,44.46,14.6718
2016-02-19,East,Office Supplies,Labels,8.67,4.0749
2016-02-19,East,Office Supplies,Storage,242.94,9.7176
2016-02-19,East,Office Supplies,Supplies,25.71,6.6846
2016-02-19,West,Office Supplies,Paper,70.88,33.3136
2016-02-20,South,Office Supplies,Paper,16.496,5.5674
2016-02-21,East,Furniture,Furnishings,204.75,95.501
2016-02-21,East,Office Supplies,Storage,296.37,80.0199
2016-02-21,East,Technology,Phones,39.98,1.999
2016-02-21,South,Office Supplies,Binders,38.622,-29.4848
2016-02-21,South,Office Supplies,Storage,432.456,32.4342
2016-02-21,West,Office Supplies,Binders,49.808,17.4328
2016-02-21,West,Office Supplies,Storage,449.15,8.983
2016-02-21,West,Technology,Accessories,12.99,0.7794
2016-02-22,Central,Office Supplies,Appliances,490.32,137.2896
2016-02-22,West,Office Supplies,Fasteners,10.65,5.0055
2016-02-22,West,Technology,Accessories,36.24,15.2208
2016-02-22,West,Technology,Phones,445.96,55.745
2016-02-23,East,Office Supplies,Envelopes,57.576,21.591
2016-02-25,East,Office Supplies,Envelopes,46.72,17.52
2016-02-27,Central,Furniture,Furnishings,16.192,-6.8816
2016-02-27,Central,Office Supplies,Binders,56.82,28.41
2016-02-27,East,Office Supplies,Appliances,170.88,49.5552
2016-02-28,East,Office Supplies,Fasteners,36.48,18.24
2016-02-29,East,Office Supplies,Art,111.104,8.3328
2016-03-01,East,Furniture,Tables,836.592,-264.9208
2016-03-01,East,Office Supplies,Paper,26.38,12.1348
2016-03-01,East,Office Supplies,Storage,362.92,105.2468
2016-03-01,East,Technology,Machines,4899.93,2400.9657
2016-03-01,West,Technology,Phones,159.984,13.9986
2016-03-03,Central,Furniture,Chairs,563.43,-56.343
2016-03-03,Central,Furniture,Tables,637.896,-127.5792
2016-03-03,Central,Office Supplies,Envelopes,36.6,11.895
2016-03-03,Central,Office Supplies,Fasteners,2.304,0.7776
2016-03-03,Central,Office Supplies,Paper,42.784,15.5092
2016-03-03,Central,Office Supplies,Supplies,3930.072,-786.0144
2016-03-03,Central,Technology,Accessories,41.72,5.7365
2016-03-03,Central,Technology,Machines,287.91,33.5895
2016-03-03,Central,Technology,Phones,566.826,70.15620000000001
2016-03-03,East,Office Supplies,Binders,447.86,219.4514
2016-03-03,East,Office Supplies,Paper,166.44,79.8912
2016-03-03,East,Technology,Phones,479.95,129.5865
2016-03-03,West,Furniture,Furnishings,35.28,11.9952
2016-03-03,West,Office Supplies,Supplies,25.35,7.605
2016-03-04,Central,Office Supplies,Binders,128.4,64.2
2016-03-04,East,Technology,Accessories,159.98,57.5928
2016-03-04,South,Office Supplies,Labels,10.08,3.528
2016-03-04,West,Office Supplies,Art,16.99,4.9271
2016-03-05,Central,Office Supplies,Envelopes,149.352,50.4063
2016-03-05,Central,Office Supplies,Storage,12.992,-0.812
2016-03-06,Central,Furniture,Furnishings,159.04,-194.824
2016-03-06,Central,Furniture,Tables,145.98,-99.2664
2016-03-06,Central,Office Supplies,Appliances,2.334,-6.3018
2016-03-06,Central,Office Supplies,Binders,1.728,-2.7648
2016-03-06,East,Office Supplies,Binders,2.043,-1.4982
2016-03-06,East,Technology,Phones,500.178,-84.5003
2016-03-07,Central,Technology,Phones,21.072,1.5804
2016-03-08,Central,Office Supplies,Appliances,207.144,48.3336
2016-03-08,Central,Office Supplies,Art,13.9,3.753
2016-03-08,Central,Office Supplies,Binders,8.856,-14.1696
2016-03-08,Central,Office Supplies,Envelopes,146.352,49.3938
2016-03-08,Central,Technology,Accessories,27.96,8.388
2016-03-08,East,Furniture,Furnishings,113.6,44.304
2016-03-08,East,Office Supplies,Binders,69.456,22.5732
2016-03-08,East,Office Supplies,Fasteners,5.984,-1.3464
2016-03-08,East,Office Supplies,Paper,12.96,6.3504
2016-03-08,East,Technology,Phones,108.576,-25.3344
2016-03-08,South,Furniture,Furnishings,102.36,-3.8385
2016-03-08,South,Technology,Phones,1363.96,85.2475
2016-03-08,West,Office Supplies,Binders,9.702,-7.1148
2016-03-09,East,Furniture,Chairs,354.9,88.725
2016-03-09,East,Office Supplies,Binders,51.8,23.31
2016-03-09,East,Office Supplies,Paper,17.94,8.7906
2016-03-09,East,Office Supplies,Storage,11.21,3.363
2016-03-09,East,Technology,Accessories,199.75,87.89
2016-03-10,East,Furniture,Bookcases,176.784,-22.098
2016-03-10,East,Technology,Accessories,39.992,7.4985
2016-03-10,West,Office Supplies,Paper,14.9,7.152
2016-03-10,West,Office Supplies,Storage,104.696,6.5435
2016-03-10,West,Technology,Accessories,26.85,5.1015
2016-03-10,West,Technology,Machines,3357.6,377.73
2016-03-10,West,Technology,Phones,4158.912,363.9048
2016-03-11,Central,Office Supplies,Binders,17.46,8.2062
2016-03-11,Central,Technology,Accessories,45.98,19.7714
2016-03-11,East,Furniture,Furnishings,30.336,9.48
2016-03-11,East,Furniture,Tables,244.006,-31.3722
2016-03-11,South,Furniture,Furnishings,76.92,31.5372
2016-03-11,South,Office Supplies,Storage,481.32,125.1432
2016-03-12,East,Office Supplies,Envelopes,29.34,13.4964
2016-03-12,South,Office Supplies,Paper,12.96,6.2208
2016-03-12,West,Furniture,Chairs,770.352,77.0352
2016-03-12,West,Office Supplies,Appliances,154.9,40.274
2016-03-12,West,Office Supplies,Envelopes,30.56,14.9744
2016-03-12,West,Office Supplies,Paper,19.98,8.991
2016-03-12,West,Office Supplies,Storage,676.55,6.7655
2016-03-13,Central,Furniture,Tables,557.585,0.0
2016-03-13,Central,Office Supplies,Binders,1.272,-2.1624
2016-03-13,Central,Office Supplies,Paper,70.08,24.528
2016-03-13,East,Furniture,Chairs,386.68,-5.524
2016-03-13,East,Office Supplies,Binders,75.057,-56.9576
2016-03-13,East,Office Supplies,Paper,41.24,13.9185
2016-03-13,East,Office Supplies,Storage,678.64,-166.50799999999998
2016-03-13,East,Technology,Accessories,379.96,47.495
2016-03-13,East,Technology,Machines,449.1,-643.71
2016-03-13,East,Technology,Phones,539.91,-116.9805
2016-03-13,South,Furniture,Furnishings,127.88,40.9216
2016-03-13,South,Office Supplies,Appliances,160.32,44.8896
2016-03-13,South,Office Supplies,Binders,46.0,20.7
2016-03-13,West,Furniture,Furnishings,28.28,7.3528
2016-03-13,West,Office Supplies,Appliances,157.92,17.766
2016-03-13,West,Office Supplies,Binders,51.184,19.194
2016-03-13,West,Office Supplies,Supplies,4912.59,196.5036
2016-03-13,West,Technology,Phones,203.184,15.2388
2016-03-14,Central,Furniture,Bookcases,241.332,-14.196
2016-03-14,Central,Furniture,Furnishings,16.74,4.3524
2016-03-14,Central,Office Supplies,Art,145.544,16.3737
2016-03-14,Central,Office Supplies,Paper,5.184,1.8792
2016-03-14,East,Furniture,Furnishings,21.88,6.2905
2016-03-14,West,Furniture,Chairs,196.784,-22.1382
2016-03-14,West,Office Supplies,Binders,41.904,14.1426
2016-03-15,Central,Furniture,Chairs,528.43,-143.431
2016-03-15,Central,Office Supplies,Binders,22.386,-35.8176
2016-03-15,East,Technology,Accessories,83.976,-13.6461
2016-03-15,South,Office Supplies,Paper,365.44,168.1024
2016-03-15,West,Furniture,Chairs,1352.032,84.502
2016-03-15,West,Office Supplies,Binders,4.544,1.6472
2016-03-17,East,Furniture,Furnishings,971.5,252.59
2016-03-17,East,Office Supplies,Appliances,901.95,297.6435
2016-03-17,East,Office Supplies,Art,39.68,10.3168
2016-03-17,East,Office Supplies,Binders,32.54,15.9446
2016-03-17,East,Office Supplies,Envelopes,199.9,89.955
2016-03-17,East,Technology,Phones,129.98,62.3904
2016-03-17,West,Technology,Phones,84.784,-20.1362
2016-03-18,South,Furniture,Tables,189.882,-94.941
2016-03-18,South,Office Supplies,Appliances,871.8,87.18
2016-03-19,East,Furniture,Furnishings,35.3,13.7996
2016-03-19,South,Office Supplies,Binders,31.086,-20.724
2016-03-19,West,Furniture,Bookcases,72.294,-98.8018
2016-03-20,Central,Furniture,Tables,697.16,146.4036
2016-03-20,Central,Technology,Phones,11.992,0.8994
2016-03-20,South,Furniture,Furnishings,86.45,38.038
2016-03-20,West,Office Supplies,Binders,16.821,-12.8961
2016-03-20,West,Office Supplies,Paper,31.104,10.8864
2016-03-20,West,Technology,Phones,84.784,-20.1362
2016-03-21,Central,Furniture,Chairs,528.43,0.0
2016-03-21,Central,Furniture,Tables,99.372,-1.4196
2016-03-21,Central,Office Supplies,Art,14.735999999999999,2.0106
2016-03-21,Central,Office Supplies,Binders,3.168,-4.752
2016-03-22,West,Furniture,Chairs,167.888,14.6902
2016-03-22,West,Technology,Accessories,58.58,19.3314
2016-03-24,Central,Office Supplies,Paper,22.48,10.3408
2016-03-24,East,Furniture,Bookcases,301.47,-241.176
2016-03-24,East,Office Supplies,Art,18.656,1.6324
2016-03-24,West,Technology,Phones,403.168,25.198
2016-03-25,Central,Technology,Accessories,1287.45,244.6155
2016-03-25,East,Office Supplies,Art,59.52,17.856
2016-03-26,East,Office Supplies,Storage,459.95,18.398
2016-03-26,South,Office Supplies,Storage,67.64,5.9185
2016-03-26,South,Technology,Accessories,119.976,-17.9964
2016-03-26,West,Office Supplies,Binders,17.04,5.538
2016-03-26,West,Office Supplies,Paper,17.64,8.6436
2016-03-27,South,Furniture,Furnishings,60.16,19.8808
2016-03-27,South,Office Supplies,Binders,32.54,15.9446
2016-03-28,South,Office Supplies,Storage,31.4,7.85
2016-03-28,West,Office Supplies,Paper,5.98,2.9302
2016-03-28,West,Office Supplies,Storage,87.92,0.8792
2016-03-29,Central,Furniture,Chairs,844.116,-36.1764
2016-03-29,Central,Office Supplies,Paper,45.528,15.9348
2016-03-29,Central,Technology,Phones,812.736,60.9552
2016-03-29,East,Furniture,Bookcases,299.975,-167.986
2016-03-29,East,Furniture,Furnishings,414.0,124.2
2016-03-29,East,Office Supplies,Binders,71.128,24.2939
2016-03-29,East,Office Supplies,Paper,13.48,6.74
2016-03-29,East,Technology,Phones,158.376,-36.9544
2016-03-30,East,Office Supplies,Paper,11.34,5.5566
2016-03-31,East,Furniture,Chairs,327.996,54.666
2016-03-31,East,Technology,Accessories,31.984,1.1994
2016-03-31,East,Technology,Phones,280.782,-60.8361
2016-04-01,Central,Technology,Phones,12.99,0.2598
2016-04-01,East,Furniture,Chairs,1317.492,292.776
2016-04-01,East,Office Supplies,Art,451.76,120.39160000000001
2016-04-01,East,Office Supplies,Binders,17.944,5.786899999999999
2016-04-01,East,Office Supplies,Labels,20.7,9.936
2016-04-01,East,Office Supplies,Storage,161.94,9.7164
2016-04-01,East,Office Supplies,Supplies,74.79,21.7986
2016-04-01,East,Technology,Phones,35.12,9.1312
2016-04-01,South,Furniture,Furnishings,7.04,3.0976
2016-04-01,West,Office Supplies,Appliances,30.144,3.0144
2016-04-01,West,Office Supplies,Fasteners,31.56,9.8625
2016-04-02,Central,Furniture,Chairs,1454.9,378.274
2016-04-03,Central,Furniture,Furnishings,71.12,22.0472
2016-04-03,Central,Office Supplies,Paper,10.272,3.21
2016-04-03,Central,Technology,Phones,259.96,124.7808
2016-04-03,East,Office Supplies,Binders,99.846,-83.205
2016-04-04,East,Furniture,Furnishings,82.64,7.4376
2016-04-04,East,Office Supplies,Binders,588.784,183.995
2016-04-04,East,Office Supplies,Storage,31.02,8.0652
2016-04-04,East,Technology,Accessories,89.97,37.7874
2016-04-04,South,Office Supplies,Paper,27.81,13.0707
2016-04-04,South,Technology,Phones,149.97,5.9988
2016-04-05,Central,Office Supplies,Storage,158.368,13.8572
2016-04-05,East,Office Supplies,Supplies,769.184,-163.4516
2016-04-05,East,Technology,Phones,118.782,-27.7158
2016-04-06,East,Technology,Phones,1294.75,336.635
2016-04-07,East,Furniture,Chairs,658.746,146.388
2016-04-07,East,Office Supplies,Appliances,33.528,2.5146
2016-04-07,East,Office Supplies,Art,3.64,0.9828
2016-04-07,East,Office Supplies,Paper,37.94,18.2112
2016-04-07,East,Office Supplies,Storage,36.744,3.6744
2016-04-07,West,Technology,Copiers,1199.976,374.9925
2016-04-08,Central,Furniture,Chairs,95.984,-4.1136
2016-04-08,Central,Office Supplies,Binders,1088.792,-1850.9464
2016-04-08,Central,Technology,Accessories,431.928,64.7892
2016-04-08,East,Furniture,Bookcases,388.704,-4.8588
2016-04-08,East,Office Supplies,Art,17.04,6.9864
2016-04-08,East,Office Supplies,Binders,121.104,-100.92
2016-04-08,East,Office Supplies,Envelopes,17.131999999999998,7.0157
2016-04-08,East,Office Supplies,Paper,34.4,15.824
2016-04-08,South,Furniture,Bookcases,354.9,88.725
2016-04-08,South,Furniture,Furnishings,159.92,31.984
2016-04-08,South,Office Supplies,Envelopes,17.92,8.6016
2016-04-08,South,Office Supplies,Fasteners,30.0,14.4
2016-04-08,South,Office Supplies,Paper,25.92,12.7008
2016-04-08,West,Furniture,Furnishings,24.7,10.374
2016-04-08,West,Office Supplies,Paper,33.0,15.84
2016-04-08,West,Office Supplies,Storage,64.96,2.5984
2016-04-09,Central,Office Supplies,Binders,5.28,2.4288
2016-04-09,Central,Technology,Phones,517.9,134.654
2016-04-09,West,Furniture,Bookcases,556.665,6.549
2016-04-09,West,Office Supplies,Binders,35.352,12.8151
2016-04-10,Central,Office Supplies,Art,13.568,3.2224
2016-04-10,East,Office Supplies,Binders,8.904,-6.5296
2016-04-10,West,Office Supplies,Appliances,113.76,44.3664
2016-04-10,West,Office Supplies,Binders,71.232,23.7304
2016-04-10,West,Office Supplies,Paper,12.96,6.2208
2016-04-10,West,Office Supplies,Storage,730.17,87.1578
2016-04-12,South,Furniture,Tables,343.92,75.6624
2016-04-12,South,Office Supplies,Envelopes,63.9,28.755
2016-04-12,South,Office Supplies,Paper,51.262,23.5519
2016-04-12,South,Office Supplies,Storage,181.536,-27.87
2016-04-12,West,Furniture,Chairs,832.64,-68.3554
2016-04-12,West,Office Supplies,Binders,49.832,18.3568
2016-04-12,West,Office Supplies,Paper,19.44,9.3312
2016-04-13,West,Office Supplies,Envelopes,6.12,2.8764
2016-04-14,East,Office Supplies,Binders,25.06,11.7782
2016-04-14,South,Office Supplies,Storage,81.2,12.18
2016-04-14,West,Furniture,Chairs,1317.336,143.4028
2016-04-14,West,Office Supplies,Storage,42.976,4.2976
2016-04-15,Central,Office Supplies,Art,33.488,5.8604
2016-04-15,Central,Office Supplies,Fasteners,8.04,2.9145
2016-04-15,South,Office Supplies,Binders,189.588,-145.3508
2016-04-15,South,Office Supplies,Storage,4.768,-0.7748
2016-04-15,South,Technology,Accessories,700.704,131.382
2016-04-15,West,Furniture,Chairs,1121.568,0.0
2016-04-15,West,Office Supplies,Paper,143.7,68.976
2016-04-16,East,Furniture,Furnishings,9.96,3.2868
2016-04-16,East,Office Supplies,Binders,25.3,11.891
2016-04-16,East,Technology,Machines,9099.93,2365.9818
2016-04-16,South,Office Supplies,Art,12.84,3.7236
2016-04-16,South,Office Supplies,Paper,123.088,40.0036
2016-04-16,South,Technology,Accessories,35.168,8.3524
2016-04-16,West,Office Supplies,Supplies,28.8,0.864
2016-04-17,Central,Office Supplies,Fasteners,29.05,9.0055
2016-04-17,South,Furniture,Furnishings,97.744,20.1316
2016-04-17,South,Technology,Phones,36.792,4.1391
2016-04-17,West,Furniture,Bookcases,257.499,24.2352
2016-04-18,Central,Furniture,Chairs,344.372,-93.4724
2016-04-18,Central,Furniture,Furnishings,127.88,-67.137
2016-04-18,Central,Office Supplies,Paper,9.664,3.2616
2016-04-18,Central,Office Supplies,Storage,1785.312,28.79189999999999
2016-04-18,East,Office Supplies,Art,6.99,2.0271
2016-04-18,East,Office Supplies,Supplies,6.84,1.8468
2016-04-18,South,Office Supplies,Appliances,203.92,55.0584
2016-04-18,South,Technology,Phones,29.56,7.9812
2016-04-19,East,Furniture,Tables,205.176,-58.1332
2016-04-19,East,Office Supplies,Art,75.24,19.465999999999998
2016-04-19,East,Office Supplies,Binders,9.28,3.248
2016-04-19,East,Office Supplies,Paper,419.4,146.79
2016-04-19,East,Office Supplies,Storage,459.88,13.7964
2016-04-19,East,Office Supplies,Supplies,62.66,17.6224
2016-04-19,East,Technology,Phones,25.98,0.7794
2016-04-19,West,Office Supplies,Art,78.66,22.756800000000002
2016-04-19,West,Office Supplies,Binders,15.176,5.2386
2016-04-19,West,Office Supplies,Paper,22.72,10.224
2016-04-19,West,Technology,Phones,39.96,12.987
2016-04-21,Central,Office Supplies,Appliances,48.792,-126.8592
2016-04-21,Central,Office Supplies,Binders,44.848,-67.272
2016-04-21,Central,Office Supplies,Storage,102.336,-12.792
2016-04-21,East,Office Supplies,Art,15.48,4.4892
2016-04-21,East,Office Supplies,Paper,51.84,24.8832
2016-04-21,West,Office Supplies,Binders,8.32,2.808
2016-04-22,Central,Furniture,Furnishings,86.62,8.662
2016-04-22,Central,Office Supplies,Storage,23.952,2.3952
2016-04-22,East,Office Supplies,Art,35.010000000000005,9.1602
2016-04-22,West,Furniture,Furnishings,55.12,17.482799999999997
2016-04-22,West,Furniture,Tables,1272.63,-814.4832
2016-04-22,West,Office Supplies,Appliances,78.272,5.8704
2016-04-22,West,Office Supplies,Binders,28.485,-20.889
2016-04-22,West,Office Supplies,Supplies,185.376,-34.758
2016-04-23,East,Office Supplies,Paper,186.64,67.2816
2016-04-23,East,Office Supplies,Storage,55.92,6.291
2016-04-23,South,Office Supplies,Paper,36.24,11.325
2016-04-23,West,Office Supplies,Binders,269.608,88.3009
2016-04-23,West,Office Supplies,Envelopes,71.97,35.985
2016-04-23,West,Technology,Accessories,99.99,34.9965
2016-04-24,Central,Technology,Accessories,258.696,64.674
2016-04-24,West,Furniture,Chairs,1325.76,149.148
2016-04-24,West,Office Supplies,Binders,7.0920000000000005,-0.7812000000000001
2016-04-24,West,Office Supplies,Paper,15.552,5.4432
2016-04-25,East,Office Supplies,Binders,25.62,-17.2432
2016-04-25,East,Technology,Phones,82.8,-20.7
2016-04-26,East,Furniture,Chairs,434.646,62.7822
2016-04-28,Central,Furniture,Furnishings,30.344,-31.8612
2016-04-28,Central,Office Supplies,Labels,15.712,5.6956
2016-04-28,Central,Technology,Phones,369.576,41.5773
2016-04-28,West,Furniture,Chairs,41.568,2.598
2016-04-28,West,Office Supplies,Paper,29.472,9.9468
2016-04-30,Central,Furniture,Furnishings,22.608,-10.1736
2016-04-30,East,Office Supplies,Binders,7.712,2.7956
2016-04-30,West,Furniture,Furnishings,111.888,22.3776
2016-05-01,South,Furniture,Tables,370.62,-142.071
2016-05-01,South,Office Supplies,Art,11.16,4.3524
2016-05-01,South,Office Supplies,Binders,2.742,-2.0108
2016-05-01,South,Office Supplies,Labels,3.984,1.2948
2016-05-01,South,Office Supplies,Paper,129.36,63.192
2016-05-02,Central,Furniture,Chairs,366.744,-110.0232
2016-05-02,Central,Office Supplies,Art,86.352,5.397
2016-05-02,Central,Office Supplies,Labels,5.04,1.764
2016-05-02,Central,Office Supplies,Storage,31.608,-6.9552
2016-05-02,East,Furniture,Furnishings,227.26,87.7522
2016-05-02,East,Office Supplies,Binders,136.056,49.8816
2016-05-02,East,Office Supplies,Paper,13.08,6.0168
2016-05-02,East,Office Supplies,Storage,44.94,12.5832
2016-05-02,South,Furniture,Chairs,187.056,11.691
2016-05-03,Central,Office Supplies,Appliances,26.406,-71.2962
2016-05-03,Central,Office Supplies,Art,27.384,2.7384
2016-05-03,Central,Office Supplies,Binders,2.182,-3.6003
2016-05-03,East,Furniture,Furnishings,51.968,10.3936
2016-05-03,East,Office Supplies,Labels,6.0,2.1
2016-05-03,East,Office Supplies,Storage,195.64,-44.019
2016-05-03,East,Technology,Accessories,564.496,-40.8093
2016-05-03,East,Technology,Machines,224.937,-164.9538
2016-05-05,South,Furniture,Furnishings,16.72,3.344
2016-05-05,South,Office Supplies,Paper,186.74,73.07820000000001
2016-05-05,South,Technology,Phones,177.48,19.9665
2016-05-05,West,Furniture,Tables,2055.744,326.0094
2016-05-05,West,Office Supplies,Binders,12.448,4.3568
2016-05-05,West,Office Supplies,Storage,5.98,1.0166
2016-05-05,West,Technology,Phones,246.168,21.5397
2016-05-06,Central,Office Supplies,Appliances,54.48,15.2544
2016-05-06,Central,Office Supplies,Binders,3.208,-5.2932
2016-05-06,Central,Technology,Accessories,26.176,-3.272
2016-05-06,East,Furniture,Furnishings,54.712,11.6263
2016-05-06,East,Office Supplies,Fasteners,7.216,1.7138
2016-05-06,East,Office Supplies,Paper,49.568,15.49
2016-05-06,West,Furniture,Furnishings,41.6,14.144
2016-05-07,East,Furniture,Chairs,442.764,59.0352
2016-05-07,East,Furniture,Furnishings,63.68,28.0192
2016-05-07,East,Office Supplies,Binders,85.232,30.8966
2016-05-07,East,Office Supplies,Labels,44.4,22.2
2016-05-07,East,Technology,Accessories,199.95,21.9945
2016-05-07,East,Technology,Machines,3999.95,1159.9855
2016-05-08,East,Furniture,Furnishings,211.96,42.392
2016-05-08,East,Office Supplies,Paper,21.056,7.3696
2016-05-08,East,Office Supplies,Storage,1031.176,89.59989999999999
2016-05-08,East,Technology,Accessories,58.112,7.264
2016-05-08,West,Office Supplies,Paper,17.94,8.073
2016-05-09,Central,Office Supplies,Appliances,48.784,-131.7168
2016-05-09,Central,Office Supplies,Binders,31.711999999999996,-48.227199999999996
2016-05-09,Central,Office Supplies,Paper,76.64,26.824
2016-05-09,Central,Office Supplies,Storage,856.656,107.082
2016-05-09,Central,Technology,Phones,19.136,1.9136
2016-05-09,East,Office Supplies,Art,87.36,13.36
2016-05-09,East,Office Supplies,Envelopes,9.344,3.504
2016-05-09,South,Office Supplies,Art,27.86,9.1938
2016-05-09,West,Office Supplies,Paper,32.04,14.418
2016-05-09,West,Technology,Accessories,93.98,13.1572
2016-05-10,Central,Office Supplies,Envelopes,7.072,2.3868
2016-05-10,East,Technology,Phones,743.988,-123.998
2016-05-10,West,Office Supplies,Paper,11.96,5.8604
2016-05-11,West,Office Supplies,Paper,5.98,2.691
2016-05-12,East,Furniture,Furnishings,10.02,4.4088
2016-05-12,East,Office Supplies,Storage,82.368,-19.5624
2016-05-12,East,Technology,Phones,631.96,303.3408
2016-05-12,South,Office Supplies,Art,10.96,2.9592
2016-05-12,West,Office Supplies,Appliances,8.67,2.3409
2016-05-12,West,Office Supplies,Envelopes,54.9,26.901
2016-05-12,West,Technology,Accessories,120.0,46.8
2016-05-14,East,Furniture,Furnishings,79.384,29.769
2016-05-14,South,Furniture,Furnishings,30.192,8.3028
2016-05-14,South,Office Supplies,Art,4.768,0.4172
2016-05-14,South,Office Supplies,Binders,81.354,-61.579
2016-05-14,South,Office Supplies,Paper,31.104,10.8864
2016-05-14,South,Technology,Phones,43.6,4.36
2016-05-14,West,Technology,Accessories,185.528,48.7011
2016-05-15,East,Office Supplies,Binders,13.776,4.4772
2016-05-15,East,Office Supplies,Paper,15.232,5.5216
2016-05-15,South,Office Supplies,Art,100.3,27.9172
2016-05-15,South,Office Supplies,Binders,519.6039999999999,235.3888
2016-05-16,East,Office Supplies,Storage,552.56,0.0
2016-05-16,West,Furniture,Furnishings,282.84,19.7988
2016-05-16,West,Office Supplies,Labels,27.72,13.3056
2016-05-16,West,Office Supplies,Paper,17.34,8.4966
2016-05-17,Central,Furniture,Furnishings,22.608,-10.1736
2016-05-17,Central,Office Supplies,Binders,2.89,-4.7685
2016-05-17,Central,Office Supplies,Fasteners,7.896,2.4675
2016-05-17,Central,Office Supplies,Paper,30.528,9.54
2016-05-17,East,Furniture,Furnishings,173.24,17.324
2016-05-17,East,Office Supplies,Labels,14.62,6.8714
2016-05-17,East,Office Supplies,Supplies,65.17,18.8993
2016-05-17,South,Office Supplies,Binders,29.97,-23.7792
2016-05-18,West,Office Supplies,Paper,17.94,8.7906
2016-05-18,West,Office Supplies,Storage,104.28,26.07
2016-05-19,Central,Office Supplies,Art,21.4,6.206
2016-05-19,East,Furniture,Furnishings,75.68,27.412
2016-05-19,East,Office Supplies,Appliances,242.9,70.441
2016-05-19,East,Office Supplies,Binders,47.744,14.92
2016-05-19,East,Office Supplies,Storage,454.9,0.0
2016-05-19,South,Furniture,Chairs,641.96,179.7488
2016-05-19,West,Office Supplies,Appliances,87.84,23.7168
2016-05-19,West,Office Supplies,Binders,9.584,3.3544
2016-05-20,South,Office Supplies,Binders,2.694,-2.245
2016-05-20,South,Technology,Phones,1363.96,85.2475
2016-05-20,West,Furniture,Furnishings,1049.2,272.792
2016-05-20,West,Office Supplies,Binders,56.059,-27.495200000000004
2016-05-21,Central,Office Supplies,Binders,5.7620000000000005,-9.1275
2016-05-21,Central,Office Supplies,Paper,82.656,30.996
2016-05-21,East,Office Supplies,Paper,111.96,54.8604
2016-05-21,West,Technology,Accessories,66.26,27.1666
2016-05-21,West,Technology,Machines,2396.4,179.73
2016-05-21,West,Technology,Phones,55.176,-12.4146
2016-05-22,East,Furniture,Tables,174.286,-19.9184
2016-05-22,East,Office Supplies,Appliances,662.84,172.3384
2016-05-22,East,Office Supplies,Envelopes,26.88,12.9024
2016-05-22,East,Technology,Accessories,95.1,30.432
2016-05-22,East,Technology,Phones,602.98,161.0642
2016-05-22,South,Office Supplies,Labels,14.73,7.2177
2016-05-22,West,Technology,Phones,222.384,22.2384
2016-05-23,Central,Technology,Phones,1979.928,148.4946
2016-05-23,East,Office Supplies,Binders,6.294,-4.196
2016-05-23,East,Office Supplies,Paper,10.368,3.6288
2016-05-23,East,Technology,Copiers,8399.976,1119.9968
2016-05-23,East,Technology,Phones,122.382,-24.4764
2016-05-23,South,Office Supplies,Paper,4.98,2.4402
2016-05-23,West,Furniture,Furnishings,37.05,16.302
2016-05-24,East,Office Supplies,Art,16.656,3.3312
2016-05-24,South,Office Supplies,Paper,191.6,91.968
2016-05-24,South,Office Supplies,Supplies,69.5,20.155
2016-05-25,South,Furniture,Furnishings,24.96,6.24
2016-05-25,South,Office Supplies,Paper,19.36,9.2928
2016-05-25,South,Office Supplies,Storage,1267.65,152.118
2016-05-26,Central,Furniture,Chairs,388.43,-88.784
2016-05-26,Central,Furniture,Furnishings,26.94,11.3148
2016-05-26,Central,Office Supplies,Paper,24.72,8.8314
2016-05-26,Central,Technology,Accessories,63.992,-7.1991
2016-05-26,East,Furniture,Furnishings,41.37,17.3754
2016-05-26,East,Office Supplies,Appliances,34.848,6.534
2016-05-26,East,Office Supplies,Art,1.504,0.1692
2016-05-26,East,Office Supplies,Binders,9.64,4.4344
2016-05-26,East,Office Supplies,Paper,32.14,15.173200000000001
2016-05-26,South,Office Supplies,Storage,184.704,13.8528
2016-05-26,South,Technology,Accessories,47.92,11.98
2016-05-26,West,Furniture,Chairs,484.704,-84.8232
2016-05-26,West,Office Supplies,Fasteners,5.94,0.0
2016-05-26,West,Office Supplies,Paper,45.36,21.7728
2016-05-26,West,Technology,Machines,371.976,116.2425
2016-05-26,West,Technology,Phones,211.168,23.7564
2016-05-27,Central,Furniture,Chairs,3504.9,700.98
2016-05-27,Central,Furniture,Furnishings,30.759999999999998,-35.03339999999999
2016-05-27,Central,Office Supplies,Paper,458.67,220.16160000000002
2016-05-27,Central,Office Supplies,Storage,1297.368,97.3026
2016-05-27,West,Office Supplies,Paper,13.38,6.1548
2016-05-28,Central,Technology,Phones,286.4,25.06
2016-05-28,East,Office Supplies,Supplies,54.9,15.372
2016-05-28,South,Furniture,Chairs,390.272,-24.392
2016-05-28,South,Office Supplies,Art,185.88,50.1876
2016-05-28,South,Office Supplies,Paper,62.192,19.435
2016-05-28,West,Office Supplies,Appliances,262.24,78.672
2016-05-28,West,Office Supplies,Binders,22.72,7.384
2016-05-28,West,Office Supplies,Paper,182.72,84.0512
2016-05-28,West,Technology,Accessories,131.6,7.896
2016-05-28,West,Technology,Machines,558.4,41.88
2016-05-29,South,Furniture,Furnishings,44.76,14.547
2016-05-29,South,Office Supplies,Art,4.448,0.3336
2016-05-29,South,Office Supplies,Binders,34.027,2.7293000000000003
2016-05-29,South,Technology,Phones,979.95,274.386
2016-05-30,Central,Furniture,Furnishings,47.4,21.33
2016-05-30,Central,Office Supplies,Appliances,364.74,109.422
2016-05-30,Central,Office Supplies,Art,20.259999999999998,5.4146
2016-05-30,Central,Office Supplies,Paper,674.46,323.74080000000004
2016-05-30,Central,Office Supplies,Storage,49.76,13.9328
2016-05-30,Central,Technology,Accessories,223.96,11.198
2016-05-30,Central,Technology,Phones,205.95,43.2732
2016-05-30,East,Office Supplies,Appliances,123.92,9.294
2016-05-30,East,Technology,Copiers,839.988,69.999
2016-05-30,South,Furniture,Tables,2275.5,386.835
2016-05-30,South,Office Supplies,Binders,3.282,-2.6256
2016-05-30,South,Office Supplies,Envelopes,26.55,12.744
2016-05-30,South,Office Supplies,Labels,62.1,29.808
2016-05-30,South,Technology,Accessories,2091.68,680.1762
2016-05-30,West,Furniture,Chairs,801.568,50.098
2016-05-30,West,Furniture,Furnishings,167.84,11.7488
2016-05-30,West,Office Supplies,Binders,39.948,-28.9424
2016-05-30,West,Office Supplies,Paper,71.672,30.549500000000002
2016-05-31,Central,Furniture,Chairs,191.079,-38.2158
2016-05-31,Central,Furniture,Furnishings,32.064,-12.8256
2016-05-31,Central,Office Supplies,Paper,28.863999999999997,10.3336
2016-05-31,East,Office Supplies,Binders,7.152,2.3244
2016-05-31,East,Technology,Phones,179.7,88.053
2016-06-02,East,Office Supplies,Storage,64.784,-12.9568
2016-06-02,West,Office Supplies,Binders,62.88,22.6536
2016-06-02,West,Office Supplies,Paper,30.18,13.8828
2016-06-03,West,Furniture,Tables,71.088,-1.7772
2016-06-04,Central,Furniture,Furnishings,435.41200000000003,-364.23400000000004
2016-06-04,Central,Furniture,Tables,177.225,-120.513
2016-06-04,Central,Office Supplies,Art,7.408,1.2038
2016-06-04,Central,Office Supplies,Paper,25.92,9.396
2016-06-04,Central,Technology,Phones,31.984,11.1944
2016-06-04,East,Furniture,Bookcases,136.784,5.1294
2016-06-04,East,Furniture,Furnishings,61.12,20.7808
2016-06-04,East,Office Supplies,Paper,14.94,7.0218
2016-06-04,East,Technology,Machines,1349.85,364.4595
2016-06-04,South,Office Supplies,Paper,75.88,35.6636
2016-06-05,East,Office Supplies,Art,11.16,2.79
2016-06-05,East,Office Supplies,Labels,22.5,9.5184
2016-06-05,East,Office Supplies,Storage,484.988,70.3348
2016-06-05,West,Office Supplies,Appliances,58.24,15.7248
2016-06-05,West,Office Supplies,Binders,21.552,7.0044
2016-06-05,West,Office Supplies,Supplies,61.38,15.9588
2016-06-06,Central,Technology,Phones,328.224,28.7196
2016-06-06,East,Furniture,Furnishings,548.96,34.974
2016-06-06,East,Office Supplies,Paper,105.52,48.5392
2016-06-06,East,Office Supplies,Storage,714.3,207.147
2016-06-06,South,Office Supplies,Binders,75.81,36.388799999999996
2016-06-06,South,Office Supplies,Paper,72.9,34.3926
2016-06-06,South,Technology,Accessories,530.16,210.0243
2016-06-06,West,Office Supplies,Labels,22.05,10.584
2016-06-06,West,Office Supplies,Paper,99.9,46.953
2016-06-06,West,Technology,Accessories,26.96,3.7744
2016-06-06,West,Technology,Phones,3501.528,387.9846
2016-06-07,East,Office Supplies,Fasteners,9.648,3.4974
2016-06-07,East,Office Supplies,Paper,32.4,15.552
2016-06-07,West,Office Supplies,Binders,4.784,1.5548
2016-06-07,West,Office Supplies,Paper,4.73,2.3177
2016-06-09,Central,Furniture,Tables,692.94,173.235
2016-06-09,South,Technology,Machines,695.7,-27.828
2016-06-09,West,Furniture,Chairs,122.352,13.7646
2016-06-09,West,Technology,Phones,177.48,19.9665
2016-06-10,East,Office Supplies,Labels,23.616,7.9704
2016-06-10,West,Furniture,Tables,1335.68,-217.048
2016-06-10,West,Office Supplies,Labels,20.7,9.936
2016-06-10,West,Office Supplies,Paper,32.4,15.552
2016-06-11,Central,Furniture,Furnishings,12.544,-9.0944
2016-06-11,Central,Office Supplies,Binders,9.616,-15.799199999999999
2016-06-11,East,Technology,Accessories,239.97,71.991
2016-06-11,West,Furniture,Tables,902.712,33.8517
2016-06-11,West,Office Supplies,Binders,53.984,17.5448
2016-06-11,West,Office Supplies,Labels,14.62,6.8714
2016-06-11,West,Technology,Accessories,389.97,132.5898
2016-06-12,Central,Furniture,Chairs,379.372,-119.2312
2016-06-12,Central,Furniture,Furnishings,6.984,-4.5396
2016-06-12,Central,Office Supplies,Appliances,64.384,-160.96
2016-06-12,Central,Office Supplies,Art,11.264,3.9424
2016-06-12,Central,Office Supplies,Binders,1.524,-2.667
2016-06-12,Central,Office Supplies,Paper,352.16,127.658
2016-06-12,Central,Office Supplies,Storage,67.536,6.7536
2016-06-12,Central,Technology,Machines,1007.979,43.1991
2016-06-12,East,Furniture,Furnishings,47.04,18.3456
2016-06-12,East,Office Supplies,Appliances,52.56,18.396
2016-06-12,East,Office Supplies,Binders,30.84,13.878
2016-06-12,East,Office Supplies,Envelopes,115.02,51.759
2016-06-12,East,Office Supplies,Paper,92.94,41.823
2016-06-12,East,Office Supplies,Storage,226.56,63.4368
2016-06-12,East,Technology,Phones,68.04,19.7316
2016-06-12,South,Office Supplies,Appliances,208.16,56.2032
2016-06-12,South,Office Supplies,Binders,16.74,8.0352
2016-06-12,West,Office Supplies,Labels,14.62,6.8714
2016-06-12,West,Office Supplies,Paper,198.84,89.8668
2016-06-13,Central,Office Supplies,Labels,18.9,8.694
2016-06-13,Central,Technology,Phones,377.97,94.4925
2016-06-13,East,Office Supplies,Binders,33.568,11.7488
2016-06-14,East,Furniture,Tables,337.176,-118.0116
2016-06-14,South,Office Supplies,Binders,39.936,-26.624
2016-06-14,South,Technology,Accessories,18.464,2.308
2016-06-14,West,Furniture,Bookcases,599.165,35.245
2016-06-14,West,Furniture,Furnishings,8.73,4.1031
2016-06-14,West,Furniture,Tables,2408.6580000000004,415.394
2016-06-14,West,Office Supplies,Art,15.68,4.5472
2016-06-14,West,Technology,Accessories,29.29,9.6657
2016-06-15,Central,Office Supplies,Paper,173.488,54.215
2016-06-16,East,Office Supplies,Labels,9.45,4.536
2016-06-16,South,Technology,Machines,91.475,-1.8295
2016-06-16,West,Office Supplies,Paper,46.35,21.7845
2016-06-17,East,Furniture,Chairs,319.41,7.098
2016-06-17,East,Furniture,Tables,376.866,-213.5574
2016-06-17,East,Office Supplies,Art,11.52,3.6936
2016-06-17,East,Office Supplies,Binders,56.44,20.103199999999998
2016-06-17,East,Office Supplies,Paper,46.96,22.5408
2016-06-17,East,Office Supplies,Storage,249.3,52.5474
2016-06-17,East,Technology,Accessories,30.0,3.3
2016-06-17,East,Technology,Phones,566.97,153.0819
2016-06-17,West,Furniture,Bookcases,239.666,14.098
2016-06-17,West,Furniture,Chairs,483.136,54.3528
2016-06-17,West,Furniture,Furnishings,266.352,-13.3176
2016-06-17,West,Office Supplies,Labels,22.5,10.8
2016-06-17,West,Office Supplies,Paper,331.8,162.582
2016-06-18,Central,Office Supplies,Paper,76.864,26.9024
2016-06-18,East,Office Supplies,Appliances,453.6,90.72
2016-06-18,East,Office Supplies,Binders,4.626,-3.855
2016-06-18,East,Office Supplies,Paper,6.848,2.14
2016-06-19,West,Office Supplies,Paper,17.12,8.0464
2016-06-20,Central,Furniture,Furnishings,57.69,23.6529
2016-06-20,Central,Office Supplies,Paper,10.368,3.6288
2016-06-20,Central,Technology,Accessories,102.86800000000001,26.9432
2016-06-20,East,Office Supplies,Appliances,447.696,33.5772
2016-06-20,East,Office Supplies,Binders,29.718,-21.7932
2016-06-20,East,Office Supplies,Paper,60.608,20.6496
2016-06-20,East,Technology,Accessories,45.0,4.95
2016-06-20,East,Technology,Phones,21.8,6.104
2016-06-20,West,Furniture,Chairs,161.568,-8.0784
2016-06-20,West,Office Supplies,Appliances,21.78,5.6628
2016-06-20,West,Office Supplies,Art,5.16,1.3416
2016-06-20,West,Office Supplies,Binders,17.712,6.4206
2016-06-20,West,Office Supplies,Paper,85.64,41.107200000000006
2016-06-20,West,Office Supplies,Storage,161.94,9.7164
2016-06-21,Central,Office Supplies,Binders,0.836,-1.3376
2016-06-21,East,Furniture,Bookcases,353.568,-44.196
2016-06-21,East,Office Supplies,Binders,222.704,73.2928
2016-06-23,East,Office Supplies,Fasteners,3.96,1.4652
2016-06-23,East,Office Supplies,Labels,166.4,76.9868
2016-06-23,East,Office Supplies,Paper,146.73,68.9631
2016-06-23,East,Office Supplies,Storage,324.9,38.988
2016-06-23,East,Office Supplies,Supplies,835.17,16.7034
2016-06-23,West,Office Supplies,Labels,21.93,10.3071
2016-06-23,West,Office Supplies,Paper,19.98,9.3906
2016-06-23,West,Office Supplies,Storage,93.68,25.2936
2016-06-23,West,Technology,Phones,862.344,97.0137
2016-06-24,Central,Office Supplies,Appliances,8.712,-19.602
2016-06-24,Central,Technology,Phones,440.91,123.4548
2016-06-24,West,Office Supplies,Appliances,241.44,72.432
2016-06-24,West,Office Supplies,Paper,104.85,50.328
2016-06-24,West,Technology,Machines,4476.8,503.64
2016-06-24,West,Technology,Phones,38.24,-9.56
2016-06-25,Central,Furniture,Chairs,85.246,-6.089
2016-06-25,Central,Furniture,Furnishings,32.712,-26.1696
2016-06-25,East,Furniture,Chairs,422.058,-18.0882
2016-06-25,East,Office Supplies,Binders,38.088,-27.9312
2016-06-25,East,Office Supplies,Storage,254.352,-50.8704
2016-06-25,West,Office Supplies,Appliances,60.81,17.0268
2016-06-26,Central,Office Supplies,Art,5.304,0.4641
2016-06-26,Central,Office Supplies,Binders,8.02,3.7694
2016-06-26,Central,Office Supplies,Paper,368.91,180.7659
2016-06-26,Central,Office Supplies,Storage,171.04,44.4704
2016-06-26,Central,Technology,Accessories,13.616,3.5742
2016-06-26,East,Furniture,Furnishings,37.74,12.8316
2016-06-26,East,Office Supplies,Art,14.7,6.615
2016-06-26,East,Office Supplies,Storage,719.15,85.55300000000001
2016-06-26,East,Technology,Accessories,160.93,18.8143
2016-06-26,South,Technology,Phones,135.95,39.4255
2016-06-26,West,Furniture,Furnishings,22.14,6.4206
2016-06-26,West,Office Supplies,Fasteners,17.9,8.95
2016-06-26,West,Office Supplies,Paper,12.48,5.616
2016-06-26,West,Office Supplies,Supplies,231.72,11.586
2016-06-27,Central,Furniture,Chairs,539.658,-7.7094
2016-06-27,Central,Office Supplies,Paper,37.464,12.1758
2016-06-27,West,Technology,Phones,201.584,12.599
2016-06-28,Central,Technology,Phones,359.976,35.9976
2016-06-28,East,Furniture,Chairs,121.96,20.7332
2016-06-28,East,Office Supplies,Appliances,283.98,123.378
2016-06-28,East,Office Supplies,Binders,7.96,3.7412
2016-06-28,East,Office Supplies,Paper,61.96,27.882
2016-06-28,West,Office Supplies,Binders,41.32,14.5589
2016-06-29,South,Office Supplies,Storage,191.88,19.188
2016-06-30,Central,Technology,Accessories,50.12,-0.6265
2016-06-30,South,Furniture,Bookcases,1266.86,291.3778
2016-06-30,South,Office Supplies,Art,35.97,9.7119
2016-07-01,East,Office Supplies,Labels,30.53,14.0438
2016-07-01,East,Office Supplies,Paper,75.06,33.777
2016-07-01,East,Technology,Accessories,30.84,6.168
2016-07-01,South,Office Supplies,Binders,72.54,34.5352
2016-07-01,South,Office Supplies,Paper,12.96,6.2208
2016-07-01,West,Office Supplies,Binders,2.496,0.9048
2016-07-01,West,Technology,Copiers,1499.95,449.985
2016-07-02,Central,Furniture,Chairs,528.43,0.0
2016-07-02,Central,Office Supplies,Paper,41.472,14.5152
2016-07-02,South,Office Supplies,Art,7.7,3.157
2016-07-02,West,Furniture,Chairs,195.184,19.5184
2016-07-03,East,Office Supplies,Appliances,706.86,197.9208
2016-07-03,East,Office Supplies,Paper,123.92,38.725
2016-07-03,West,Office Supplies,Fasteners,3.96,0.0792
2016-07-03,West,Office Supplies,Paper,12.96,6.2208
2016-07-04,West,Furniture,Bookcases,1279.165,225.735
2016-07-04,West,Furniture,Furnishings,50.8,17.272
2016-07-04,West,Office Supplies,Envelopes,43.96,20.6612
2016-07-04,West,Office Supplies,Storage,27.92,0.5584
2016-07-04,West,Technology,Phones,249.456,28.9635
2016-07-07,Central,Furniture,Chairs,253.372,-14.4784
2016-07-07,Central,Furniture,Furnishings,60.288,-27.1296
2016-07-07,Central,Office Supplies,Fasteners,2.632,0.8225
2016-07-07,Central,Office Supplies,Paper,23.688,7.6986
2016-07-07,East,Office Supplies,Binders,15.135,-12.6125
2016-07-07,East,Office Supplies,Labels,10.08,3.276
2016-07-07,East,Technology,Phones,59.994,-12.9987
2016-07-07,South,Office Supplies,Supplies,45.584,5.1282
2016-07-07,West,Furniture,Chairs,287.968,-3.5996
2016-07-07,West,Furniture,Furnishings,215.65,73.321
2016-07-07,West,Office Supplies,Art,45.98,12.8744
2016-07-07,West,Office Supplies,Paper,61.9,30.6908
2016-07-07,West,Technology,Copiers,2799.96,944.9865
2016-07-08,Central,Office Supplies,Art,47.616,3.5712
2016-07-08,Central,Technology,Phones,863.64,107.955
2016-07-08,East,Office Supplies,Paper,12.96,6.2208
2016-07-08,South,Office Supplies,Paper,15.984,4.995
2016-07-08,South,Technology,Phones,823.96,51.4975
2016-07-08,West,Furniture,Chairs,662.88,74.574
2016-07-08,West,Office Supplies,Binders,48.0,-13.397199999999998
2016-07-08,West,Office Supplies,Storage,33.488,-1.2558
2016-07-08,West,Technology,Phones,107.984,9.4486
2016-07-09,East,Furniture,Chairs,408.006,72.5344
2016-07-09,East,Furniture,Furnishings,165.28,14.8752
2016-07-10,Central,Office Supplies,Art,154.24,17.352
2016-07-10,Central,Office Supplies,Storage,338.04,-33.804
2016-07-10,East,Technology,Machines,341.991,-319.1916
2016-07-10,West,Office Supplies,Binders,44.856,-35.8848
2016-07-10,West,Office Supplies,Storage,16.768,1.4672
2016-07-12,West,Technology,Phones,95.76,7.182
2016-07-14,Central,Office Supplies,Paper,219.84,79.692
2016-07-14,Central,Technology,Phones,419.944,52.493
2016-07-14,East,Furniture,Bookcases,579.136,21.7176
2016-07-14,East,Office Supplies,Art,41.86,10.465
2016-07-14,East,Office Supplies,Binders,31.848,11.217
2016-07-14,East,Office Supplies,Fasteners,43.68,20.2188
2016-07-14,East,Office Supplies,Storage,11.21,3.363
2016-07-14,East,Office Supplies,Supplies,11.632,1.0178
2016-07-14,South,Furniture,Furnishings,51.75,15.525
2016-07-14,South,Office Supplies,Binders,36.4,17.108
2016-07-14,South,Technology,Accessories,29.0,7.25
2016-07-14,West,Furniture,Furnishings,30.8,10.164
2016-07-14,West,Office Supplies,Appliances,151.62,50.0346
2016-07-14,West,Technology,Phones,491.24,50.503699999999995
2016-07-15,West,Furniture,Chairs,230.28,23.028
2016-07-15,West,Office Supplies,Paper,105.52,34.294
2016-07-15,West,Office Supplies,Supplies,44.4,12.432
2016-07-16,Central,Furniture,Furnishings,9.552,-3.8208
2016-07-16,Central,Office Supplies,Paper,20.016,6.255
2016-07-16,Central,Office Supplies,Storage,37.224,3.7224
2016-07-16,East,Office Supplies,Supplies,5.84,0.73
2016-07-16,East,Technology,Phones,638.358,-144.1508
2016-07-16,South,Office Supplies,Art,22.32,5.58
2016-07-16,South,Office Supplies,Binders,30.560000000000002,14.2514
2016-07-16,South,Office Supplies,Envelopes,10.2,4.794
2016-07-16,South,Office Supplies,Paper,60.12,28.8576
2016-07-16,South,Technology,Accessories,75.98,18.2352
2016-07-17,Central,Office Supplies,Paper,81.41,39.233
2016-07-17,Central,Office Supplies,Storage,508.11,52.589400000000005
2016-07-17,East,Office Supplies,Appliances,208.6,59.327200000000005
2016-07-17,East,Office Supplies,Paper,55.48,26.6304
2016-07-17,East,Technology,Phones,597.0,280.59
2016-07-17,West,Furniture,Furnishings,37.17,15.3612
2016-07-17,West,Office Supplies,Binders,12.816,4.1652
2016-07-17,West,Office Supplies,Labels,87.71,41.2237
2016-07-17,West,Office Supplies,Storage,147.39999999999998,21.274
2016-07-17,West,Technology,Accessories,428.4,89.964
2016-07-17,West,Technology,Phones,20.784,-4.6764
2016-07-18,Central,Technology,Accessories,15.576,3.3099
2016-07-18,East,Office Supplies,Art,11.264,1.2672
2016-07-18,East,Office Supplies,Paper,18.496,6.7048
2016-07-18,East,Office Supplies,Storage,284.08,24.857
2016-07-18,South,Furniture,Chairs,140.81,39.4268
2016-07-18,West,Furniture,Chairs,1398.3600000000001,51.480000000000004
2016-07-18,West,Office Supplies,Binders,1.872,-1.4352
2016-07-18,West,Office Supplies,Storage,931.608,-33.804
2016-07-18,West,Office Supplies,Supplies,33.8,4.225
2016-07-18,West,Technology,Phones,55.992,3.4995
2016-07-19,South,Furniture,Bookcases,504.9,126.225
2016-07-19,South,Furniture,Furnishings,185.58,76.0878
2016-07-19,South,Office Supplies,Binders,86.16,39.7196
2016-07-19,South,Office Supplies,Paper,245.94,120.5106
2016-07-19,South,Office Supplies,Storage,87.92,0.8792
2016-07-19,West,Technology,Accessories,389.97,132.5898
2016-07-19,West,Technology,Phones,35.984,4.498
2016-07-20,East,Technology,Phones,89.95,43.176
2016-07-21,East,Office Supplies,Art,18.656,1.3992
2016-07-21,East,Office Supplies,Binders,13.029,-9.4252
2016-07-21,East,Office Supplies,Storage,166.176,12.8732
2016-07-21,South,Furniture,Chairs,363.92,0.0
2016-07-21,South,Office Supplies,Labels,6.264,2.0358
2016-07-21,West,Office Supplies,Envelopes,419.9,197.353
2016-07-21,West,Office Supplies,Labels,3.15,1.512
2016-07-22,Central,Office Supplies,Art,29.2,10.512
2016-07-22,Central,Office Supplies,Paper,32.4,15.552
2016-07-22,Central,Office Supplies,Storage,965.85,135.219
2016-07-22,Central,Technology,Accessories,109.95,36.2835
2016-07-22,East,Furniture,Furnishings,39.068,12.671600000000002
2016-07-22,East,Office Supplies,Appliances,37.68,10.5504
2016-07-22,East,Office Supplies,Art,4.16,0.364
2016-07-22,East,Office Supplies,Binders,5.4,2.592
2016-07-22,East,Office Supplies,Paper,51.84,24.8832
2016-07-22,West,Office Supplies,Labels,6.3,3.024
2016-07-22,West,Office Supplies,Supplies,86.2,24.998
2016-07-23,Central,Office Supplies,Art,180.368,15.726600000000001
2016-07-23,Central,Office Supplies,Binders,16.168,-27.1524
2016-07-23,Central,Office Supplies,Paper,5.184,1.8144
2016-07-23,Central,Office Supplies,Supplies,13.344,1.0008
2016-07-23,Central,Technology,Phones,115.136,11.5136
2016-07-23,South,Office Supplies,Appliances,23.696,6.5164
2016-07-23,South,Office Supplies,Art,35.216,2.6412
2016-07-23,South,Technology,Machines,265.475,-111.4995
2016-07-24,East,Furniture,Chairs,253.764,31.0156
2016-07-24,South,Office Supplies,Art,73.2,21.228
2016-07-25,Central,Furniture,Chairs,403.56,96.8544
2016-07-25,Central,Furniture,Furnishings,95.2,27.608
2016-07-25,Central,Office Supplies,Envelopes,20.936,7.0659
2016-07-25,Central,Office Supplies,Labels,15.712,5.6956
2016-07-25,Central,Office Supplies,Paper,20.62,9.6914
2016-07-25,Central,Technology,Accessories,124.25,48.4575
2016-07-25,Central,Technology,Phones,297.55,83.314
2016-07-25,East,Office Supplies,Appliances,243.88,27.4365
2016-07-25,East,Technology,Copiers,1439.976,191.9968
2016-07-25,South,Furniture,Tables,2430.08,388.8128
2016-07-25,South,Office Supplies,Binders,10.44,4.8024
2016-07-25,South,Office Supplies,Paper,65.5,32.095
2016-07-25,South,Office Supplies,Storage,7.89,0.3156
2016-07-25,West,Furniture,Chairs,241.568,18.1176
2016-07-25,West,Furniture,Furnishings,325.06,104.7122
2016-07-25,West,Office Supplies,Art,37.17,11.151
2016-07-25,West,Office Supplies,Binders,119.616,40.3704
2016-07-25,West,Office Supplies,Fasteners,21.48,10.74
2016-07-28,Central,Furniture,Furnishings,327.42,-388.28
2016-07-28,Central,Office Supplies,Fasteners,20.44,9.198
2016-07-28,Central,Office Supplies,Paper,109.92,53.8608
2016-07-28,East,Furniture,Bookcases,177.45,-78.078
2016-07-28,East,Office Supplies,Appliances,9.48,0.711
2016-07-28,East,Office Supplies,Binders,1369.764,-913.176
2016-07-28,West,Office Supplies,Labels,18.9,8.694
2016-07-29,East,Office Supplies,Storage,84.784,-16.9568
2016-07-29,South,Office Supplies,Binders,29.61,-21.566399999999998
2016-07-29,South,Office Supplies,Storage,704.76,26.4285
2016-07-30,Central,Office Supplies,Binders,9.264,-13.896
2016-07-30,Central,Office Supplies,Labels,9.248,3.1212
2016-07-30,Central,Office Supplies,Storage,1036.624,51.8312
2016-07-30,West,Office Supplies,Appliances,715.64,178.91
2016-07-31,Central,Furniture,Furnishings,272.94,30.0234
2016-07-31,Central,Office Supplies,Appliances,283.14,72.358
2016-07-31,Central,Technology,Phones,754.95,198.66680000000002
2016-07-31,West,Furniture,Tables,863.128,-32.3673
2016-08-01,Central,Office Supplies,Paper,19.648,6.6312
2016-08-01,East,Furniture,Furnishings,19.312,3.1382
2016-08-01,West,Office Supplies,Appliances,45.96,13.788
2016-08-01,West,Technology,Phones,1039.728,90.9762
2016-08-02,West,Furniture,Tables,136.464,15.3522
2016-08-02,West,Office Supplies,Binders,12.544,4.704
2016-08-02,West,Technology,Phones,333.576,33.3576
2016-08-03,Central,Office Supplies,Envelopes,81.54,38.3238
2016-08-03,Central,Technology,Accessories,167.28,23.4192
2016-08-04,Central,Office Supplies,Binders,3.98,-6.567
2016-08-04,South,Furniture,Furnishings,109.8,46.116
2016-08-04,South,Office Supplies,Labels,13.95,6.7116
2016-08-04,South,Office Supplies,Supplies,35.06,10.518
2016-08-04,West,Office Supplies,Binders,32.736000000000004,11.0484
2016-08-04,West,Technology,Phones,302.384,30.2384
2016-08-05,South,Office Supplies,Art,197.05,59.115
2016-08-06,East,Office Supplies,Art,38.34,15.7194
2016-08-06,East,Office Supplies,Paper,70.88,33.3136
2016-08-06,West,Technology,Phones,211.168,18.4772
2016-08-07,West,Technology,Accessories,179.97,86.3856
2016-08-08,Central,Office Supplies,Fasteners,11.168,3.6296
2016-08-08,Central,Office Supplies,Paper,64.512,22.2864
2016-08-08,South,Office Supplies,Fasteners,23.34,0.2334
2016-08-08,West,Furniture,Tables,513.024,12.8256
2016-08-08,West,Office Supplies,Appliances,487.92,136.6176
2016-08-08,West,Office Supplies,Binders,15.24,5.334
2016-08-09,South,Office Supplies,Appliances,569.536,64.0728
2016-08-09,South,Office Supplies,Binders,16.218,-10.9566
2016-08-09,South,Office Supplies,Paper,30.816,9.63
2016-08-09,South,Technology,Phones,44.784,4.4784
2016-08-11,Central,Office Supplies,Binders,119.42,54.9332
2016-08-11,Central,Office Supplies,Paper,32.4,15.552
2016-08-12,Central,Office Supplies,Paper,6.48,3.1104
2016-08-12,Central,Technology,Accessories,1399.944,52.4979
2016-08-12,East,Furniture,Chairs,145.764,-8.098
2016-08-12,East,Furniture,Tables,209.148,-66.2302
2016-08-12,East,Office Supplies,Art,37.312,2.7984
2016-08-12,East,Office Supplies,Storage,1591.02,286.3836
2016-08-12,South,Furniture,Tables,562.2925,-255.5875
2016-08-13,Central,Furniture,Bookcases,241.96,24.196
2016-08-13,Central,Office Supplies,Appliances,58.924,-153.2024
2016-08-13,Central,Office Supplies,Binders,8.52,4.1748
2016-08-13,Central,Office Supplies,Supplies,185.376,-34.758
2016-08-13,South,Office Supplies,Appliances,17.34,4.6818
2016-08-13,South,Office Supplies,Binders,33.552,2.476799999999999
2016-08-13,South,Office Supplies,Labels,103.6,51.8
2016-08-13,South,Office Supplies,Paper,10.272,3.21
2016-08-13,South,Technology,Accessories,71.98,15.1158
2016-08-14,East,Technology,Accessories,279.96,48.993
2016-08-14,East,Technology,Phones,507.084,-105.7484
2016-08-14,South,Office Supplies,Paper,15.552,5.4432
2016-08-14,West,Office Supplies,Paper,15.54,7.6146
2016-08-14,West,Technology,Machines,105.552,35.6238
2016-08-15,South,Furniture,Chairs,225.296,22.5296
2016-08-15,South,Technology,Phones,705.544,70.5544
2016-08-15,West,Furniture,Furnishings,312.03,43.6842
2016-08-15,West,Office Supplies,Appliances,122.328,12.2328
2016-08-15,West,Office Supplies,Binders,18.882,-13.8468
2016-08-15,West,Office Supplies,Labels,3.15,1.512
2016-08-15,West,Office Supplies,Paper,37.52,18.0096
2016-08-15,West,Office Supplies,Storage,17.94,3.0498
2016-08-15,West,Technology,Phones,237.576,17.5476
2016-08-16,West,Furniture,Tables,161.28,12.096
2016-08-16,West,Office Supplies,Envelopes,10.86,5.1042
2016-08-16,West,Office Supplies,Paper,32.4,15.552
2016-08-17,West,Office Supplies,Binders,15.712,5.6956
2016-08-18,Central,Furniture,Furnishings,14.896,-5.9584
2016-08-18,Central,Office Supplies,Binders,2.068,-3.4122
2016-08-18,Central,Office Supplies,Paper,83.84,30.392
2016-08-18,East,Office Supplies,Appliances,355.32,99.4896
2016-08-18,East,Technology,Phones,39.99,11.5971
2016-08-19,East,Office Supplies,Binders,448.792,154.1413
2016-08-20,Central,Technology,Phones,14.78,3.9906
2016-08-21,East,Furniture,Chairs,573.174,63.686
2016-08-21,East,Furniture,Tables,815.292,-339.705
2016-08-21,South,Office Supplies,Labels,9.216,3.3408
2016-08-21,South,Office Supplies,Supplies,28.048,3.506
2016-08-21,West,Furniture,Tables,2887.056,180.441
2016-08-21,West,Office Supplies,Binders,46.111999999999995,16.456
2016-08-21,West,Office Supplies,Paper,60.480000000000004,27.6048
2016-08-21,West,Technology,Accessories,254.97,91.7892
2016-08-21,West,Technology,Phones,123.94399999999999,-28.686999999999998
2016-08-22,Central,Office Supplies,Binders,4.312,-6.8992
2016-08-22,East,Office Supplies,Appliances,113.552,8.5164
2016-08-22,East,Office Supplies,Binders,3.318,-2.6544
2016-08-22,East,Office Supplies,Envelopes,134.288,45.3222
2016-08-22,West,Furniture,Furnishings,98.328,9.8328
2016-08-22,West,Office Supplies,Art,5.76,1.6704
2016-08-22,West,Office Supplies,Binders,26.352,-18.4464
2016-08-22,West,Office Supplies,Paper,19.44,9.3312
2016-08-23,Central,Furniture,Furnishings,22.608,-10.1736
2016-08-23,Central,Office Supplies,Labels,62.790000000000006,29.259300000000003
2016-08-23,Central,Office Supplies,Storage,742.2660000000001,-168.5412
2016-08-23,Central,Technology,Accessories,668.38,-32.429
2016-08-23,East,Office Supplies,Appliances,1040.8,281.016
2016-08-23,East,Office Supplies,Art,50.64,16.6548
2016-08-23,West,Furniture,Chairs,532.704,-39.9528
2016-08-23,West,Office Supplies,Appliances,43.1,11.206
2016-08-23,West,Office Supplies,Envelopes,135.9,63.873
2016-08-23,West,Office Supplies,Paper,34.68,16.9932
2016-08-23,West,Office Supplies,Supplies,15.88,0.1588
2016-08-23,West,Technology,Machines,837.6,62.82
2016-08-26,Central,Furniture,Chairs,1024.716,-29.2776
2016-08-26,Central,Furniture,Tables,447.84,98.5248
2016-08-26,Central,Office Supplies,Art,8.64,2.5056
2016-08-26,Central,Office Supplies,Paper,11.56,5.6644
2016-08-26,Central,Technology,Accessories,687.924,222.0561
2016-08-26,Central,Technology,Phones,209.97,58.7916
2016-08-26,East,Office Supplies,Art,5.472,1.6416
2016-08-26,East,Office Supplies,Binders,146.688,45.84
2016-08-26,East,Technology,Accessories,297.93399999999997,100.6781
2016-08-26,East,Technology,Phones,33.0,8.25
2016-08-26,South,Furniture,Furnishings,186.54,41.0388
2016-08-26,South,Office Supplies,Paper,31.008,11.2404
2016-08-26,West,Furniture,Chairs,1603.136,100.196
2016-08-26,West,Office Supplies,Art,8.26,3.7996
2016-08-26,West,Office Supplies,Fasteners,10.23,4.9104
2016-08-26,West,Office Supplies,Paper,161.38,72.8154
2016-08-27,Central,Office Supplies,Paper,88.072,30.794800000000002
2016-08-27,Central,Office Supplies,Storage,14.16,1.062
2016-08-27,Central,Office Supplies,Supplies,106.688,-4.7416
2016-08-27,East,Furniture,Tables,244.615,20.967
2016-08-27,East,Office Supplies,Binders,29.0,13.92
2016-08-27,East,Office Supplies,Fasteners,11.68,5.256
2016-08-27,East,Office Supplies,Paper,204.51,96.94829999999999
2016-08-27,East,Technology,Phones,59.97,28.7856
2016-08-27,South,Office Supplies,Labels,9.216,3.3408
2016-08-28,Central,Furniture,Bookcases,156.3728,-52.8908
2016-08-28,Central,Office Supplies,Binders,23.164,-38.220600000000005
2016-08-28,East,Office Supplies,Binders,18.432,-12.288
2016-08-28,West,Office Supplies,Paper,15.48,5.6115
2016-08-28,West,Technology,Phones,108.576,8.1432
2016-08-29,Central,Office Supplies,Binders,1.788,-3.0396
2016-08-29,Central,Office Supplies,Paper,64.624,22.6184
2016-08-29,Central,Technology,Accessories,95.976,-10.7973
2016-08-29,East,Furniture,Bookcases,163.88,-81.94
2016-08-29,East,Furniture,Tables,241.92,-56.448
2016-08-29,East,Office Supplies,Binders,3.486,-2.7888
2016-08-29,East,Office Supplies,Fasteners,10.584,-2.3814
2016-08-29,East,Office Supplies,Supplies,27.93,8.0997
2016-08-29,East,Technology,Phones,22.0,5.5
2016-08-30,East,Furniture,Chairs,786.744,-258.5016
2016-08-30,East,Office Supplies,Binders,37.764,-27.6936
2016-08-30,East,Office Supplies,Labels,100.24,33.831
2016-08-30,East,Office Supplies,Storage,54.224,3.389
2016-08-30,East,Technology,Phones,290.898,-67.8762
2016-08-30,West,Furniture,Furnishings,47.04,15.9936
2016-08-30,West,Technology,Phones,339.96,42.495
2016-08-31,Central,Office Supplies,Storage,23.968,2.3968
2016-09-01,Central,Office Supplies,Appliances,376.74,71.162
2016-09-01,Central,Office Supplies,Art,11.96,2.99
2016-09-01,Central,Office Supplies,Binders,80.02,38.2228
2016-09-01,Central,Technology,Phones,8.78,2.2828
2016-09-01,East,Furniture,Furnishings,191.82,61.3824
2016-09-01,East,Office Supplies,Binders,4358.215999999999,1416.4964
2016-09-01,East,Office Supplies,Fasteners,16.688,5.4236
2016-09-01,East,Office Supplies,Paper,104.16,44.5356
2016-09-01,East,Office Supplies,Supplies,10.95,3.285
2016-09-01,East,Technology,Accessories,548.17,239.0662
2016-09-01,East,Technology,Phones,23.988,-4.7976
2016-09-01,West,Office Supplies,Envelopes,34.66,16.691
2016-09-02,Central,Furniture,Furnishings,84.272,-75.8448
2016-09-02,Central,Office Supplies,Binders,16.868000000000002,-9.4602
2016-09-02,Central,Office Supplies,Fasteners,1.81,0.6516
2016-09-02,Central,Office Supplies,Labels,29.24,9.8685
2016-09-02,Central,Office Supplies,Storage,35.168,-8.3524
2016-09-02,Central,Technology,Accessories,159.56,33.9065
2016-09-02,Central,Technology,Machines,1362.9,-19.47
2016-09-02,East,Furniture,Furnishings,39.98,9.995
2016-09-02,East,Office Supplies,Art,75.48,19.6248
2016-09-02,South,Furniture,Tables,472.518,-149.6307
2016-09-02,South,Office Supplies,Appliances,309.456,34.8138
2016-09-02,South,Office Supplies,Art,19.456,3.4048
2016-09-02,South,Office Supplies,Binders,40.131,-30.1931
2016-09-02,South,Technology,Accessories,1012.68,303.804
2016-09-02,West,Furniture,Chairs,215.976,-2.6997
2016-09-02,West,Furniture,Furnishings,94.68,31.2444
2016-09-02,West,Furniture,Tables,568.728,28.4364
2016-09-02,West,Office Supplies,Art,18.69,5.2332
2016-09-02,West,Office Supplies,Binders,7.312,2.5592
2016-09-02,West,Office Supplies,Envelopes,65.94,30.9918
2016-09-02,West,Office Supplies,Storage,70.2,13.044599999999999
2016-09-02,West,Technology,Copiers,999.98,449.991
2016-09-02,West,Technology,Phones,1091.168,68.198
2016-09-03,Central,Furniture,Bookcases,198.744,0.0
2016-09-03,Central,Furniture,Furnishings,83.952,-90.2484
2016-09-03,Central,Office Supplies,Binders,8.808,-14.9736
2016-09-03,Central,Office Supplies,Storage,54.5,14.17
2016-09-03,East,Furniture,Bookcases,344.94,31.0446
2016-09-03,East,Furniture,Furnishings,14.76,4.2804
2016-09-03,East,Office Supplies,Binders,1154.23,-755.1104
2016-09-03,East,Office Supplies,Labels,58.48,27.4856
2016-09-03,East,Office Supplies,Paper,79.12,33.3766
2016-09-03,East,Technology,Phones,280.782,-46.797
2016-09-03,South,Office Supplies,Binders,87.28,41.0216
2016-09-04,Central,Office Supplies,Art,66.288,8.0442
2016-09-04,Central,Office Supplies,Envelopes,16.56,7.7832
2016-09-04,Central,Office Supplies,Storage,535.41,160.623
2016-09-04,Central,Technology,Accessories,279.95,67.188
2016-09-04,East,Furniture,Furnishings,63.94,24.9366
2016-09-04,East,Office Supplies,Binders,60.6,20.4525
2016-09-04,East,Office Supplies,Supplies,22.72,6.5888
2016-09-04,South,Furniture,Furnishings,42.6,16.614
2016-09-04,South,Office Supplies,Appliances,87.168,8.7168
2016-09-04,South,Office Supplies,Art,37.024,10.8672
2016-09-04,South,Office Supplies,Binders,113.94,54.6912
2016-09-04,South,Office Supplies,Paper,251.692,119.0748
2016-09-04,South,Office Supplies,Storage,129.92,5.1968
2016-09-04,West,Furniture,Furnishings,24.27,8.7372
2016-09-04,West,Technology,Copiers,2799.96,944.9865
2016-09-05,Central,Furniture,Chairs,590.742,4.309799999999999
2016-09-05,Central,Furniture,Furnishings,33.424,-7.9962
2016-09-05,Central,Office Supplies,Appliances,62.79,-166.3935
2016-09-05,Central,Office Supplies,Art,107.94,26.985
2016-09-05,Central,Office Supplies,Fasteners,44.248000000000005,9.6012
2016-09-05,Central,Office Supplies,Labels,22.05,10.584
2016-09-05,Central,Office Supplies,Paper,136.89600000000002,58.2084
2016-09-05,Central,Office Supplies,Storage,359.346,26.445300000000003
2016-09-05,Central,Technology,Phones,278.4,80.736
2016-09-05,East,Furniture,Chairs,1043.763,-83.9325
2016-09-05,East,Furniture,Furnishings,141.048,21.9996
2016-09-05,East,Office Supplies,Art,7.872,0.5904
2016-09-05,East,Office Supplies,Binders,27.363,-21.279899999999998
2016-09-05,East,Office Supplies,Paper,192.16,92.2368
2016-09-05,East,Technology,Phones,43.6,12.208
2016-09-05,South,Furniture,Tables,1652.94,314.0586
2016-09-05,South,Office Supplies,Binders,86.058,-63.1092
2016-09-05,South,Office Supplies,Envelopes,23.472,7.6284
2016-09-05,South,Office Supplies,Labels,25.06,11.7782
2016-09-05,South,Office Supplies,Paper,10.272,3.21
2016-09-05,South,Technology,Phones,108.784,6.799
2016-09-05,West,Office Supplies,Binders,11.68,3.942
2016-09-05,West,Office Supplies,Fasteners,4.36,1.7876
2016-09-05,West,Office Supplies,Paper,96.08,46.1184
2016-09-05,West,Technology,Accessories,116.0,29.0
2016-09-06,Central,Office Supplies,Appliances,77.88,22.5852
2016-09-06,Central,Office Supplies,Paper,41.92,15.196
2016-09-06,Central,Office Supplies,Storage,10.784,0.8088
2016-09-06,Central,Technology,Phones,329.584,37.0782
2016-09-06,East,Furniture,Bookcases,722.352,90.294
2016-09-06,East,Technology,Accessories,31.86,11.151
2016-09-06,South,Office Supplies,Binders,3.204,-2.4564
2016-09-06,South,Office Supplies,Envelopes,95.952,29.985
2016-09-08,Central,Furniture,Bookcases,2396.2656,-317.1528
2016-09-08,Central,Furniture,Furnishings,14.136,-7.7748
2016-09-08,Central,Furniture,Tables,601.47,-300.735
2016-09-08,Central,Office Supplies,Art,70.368,6.1572
2016-09-08,Central,Office Supplies,Storage,167.088,-29.1888
2016-09-08,Central,Technology,Accessories,57.584,0.7198
2016-09-08,Central,Technology,Phones,59.96,21.7355
2016-09-08,East,Furniture,Bookcases,173.94,13.9152
2016-09-08,East,Office Supplies,Appliances,207.48,62.244
2016-09-08,East,Office Supplies,Labels,14.76,6.9372
2016-09-08,South,Office Supplies,Paper,64.704,23.4552
2016-09-08,South,Technology,Accessories,35.168,8.3524
2016-09-08,West,Furniture,Furnishings,43.13,14.6642
2016-09-08,West,Furniture,Tables,146.04,-12.7785
2016-09-08,West,Office Supplies,Art,14.88,3.72
2016-09-08,West,Office Supplies,Binders,100.16,35.056
2016-09-08,West,Office Supplies,Paper,65.11,29.6082
2016-09-08,West,Office Supplies,Storage,261.74,65.435
2016-09-09,Central,Furniture,Furnishings,15.008,-12.0064
2016-09-09,East,Office Supplies,Binders,14.624,5.484
2016-09-09,West,Office Supplies,Binders,55.36,18.684
2016-09-10,Central,Furniture,Tables,300.93,-34.392
2016-09-10,Central,Technology,Phones,719.96,53.997
2016-09-10,East,Office Supplies,Paper,6.69,3.0774
2016-09-10,East,Office Supplies,Storage,59.48,8.922
2016-09-10,South,Office Supplies,Art,67.56,8.445
2016-09-10,South,Technology,Phones,519.68,58.464
2016-09-10,West,Office Supplies,Binders,330.664,108.2782
2016-09-10,West,Office Supplies,Labels,7.38,3.4686
2016-09-10,West,Office Supplies,Paper,81.98,40.1702
2016-09-11,Central,Office Supplies,Binders,1.908,-3.2436
2016-09-11,Central,Office Supplies,Envelopes,99.568,33.6042
2016-09-11,Central,Office Supplies,Labels,6.0,2.1
2016-09-11,Central,Technology,Phones,224.75,62.93
2016-09-11,East,Office Supplies,Binders,22.428,-17.9424
2016-09-11,East,Office Supplies,Paper,8.448,2.64
2016-09-11,East,Office Supplies,Storage,37.52,3.752
2016-09-11,East,Technology,Phones,728.946,-157.9383
2016-09-11,South,Office Supplies,Envelopes,11.09,5.4341
2016-09-11,South,Technology,Copiers,1599.92,751.9624
2016-09-11,West,Office Supplies,Art,2.912,0.91
2016-09-11,West,Office Supplies,Binders,39.872,12.9584
2016-09-11,West,Office Supplies,Paper,37.914,13.824300000000001
2016-09-11,West,Office Supplies,Storage,332.94,6.6588
2016-09-11,West,Technology,Accessories,3347.37,636.0003
2016-09-12,Central,Office Supplies,Paper,68.52,31.5192
2016-09-12,East,Furniture,Furnishings,40.48,14.5728
2016-09-12,South,Furniture,Chairs,1059.12,307.1448
2016-09-12,South,Office Supplies,Fasteners,11.34,5.2164
2016-09-12,South,Office Supplies,Storage,67.9,0.679
2016-09-12,South,Technology,Accessories,20.7,1.656
2016-09-12,West,Furniture,Chairs,549.904,57.7074
2016-09-12,West,Furniture,Furnishings,30.368,5.308400000000001
2016-09-12,West,Office Supplies,Binders,20.704,7.764
2016-09-12,West,Office Supplies,Fasteners,10.47,4.8162
2016-09-12,West,Office Supplies,Labels,17.334,7.2387
2016-09-12,West,Technology,Phones,146.952,9.1845
2016-09-13,Central,Furniture,Furnishings,1336.44,387.5676
2016-09-13,Central,Office Supplies,Appliances,378.0,136.08
2016-09-13,Central,Office Supplies,Labels,14.4,7.056
2016-09-13,Central,Office Supplies,Paper,35.25,17.0964
2016-09-13,Central,Office Supplies,Storage,413.82,101.139
2016-09-13,Central,Office Supplies,Supplies,16.9,5.07
2016-09-13,Central,Technology,Phones,179.92,42.2857
2016-09-14,East,Office Supplies,Binders,673.568,252.588
2016-09-14,East,Technology,Phones,437.85,131.355
2016-09-14,South,Office Supplies,Paper,25.92,12.4416
2016-09-15,East,Office Supplies,Binders,841.568,294.5488
2016-09-15,East,Office Supplies,Paper,5.344,1.8704
2016-09-15,West,Furniture,Tables,1128.39,259.5297
2016-09-15,West,Office Supplies,Art,35.4,13.452
2016-09-15,West,Office Supplies,Binders,69.08,22.451
2016-09-15,West,Office Supplies,Paper,21.4,10.058
2016-09-16,South,Furniture,Chairs,121.78,30.445
2016-09-16,West,Furniture,Bookcases,273.666,-12.8784
2016-09-16,West,Office Supplies,Appliances,17.48,4.5448
2016-09-16,West,Office Supplies,Paper,12.96,6.3504
2016-09-17,Central,Office Supplies,Art,33.4,12.358
2016-09-17,East,Furniture,Furnishings,316.12,101.54560000000001
2016-09-17,East,Office Supplies,Binders,232.4,78.435
2016-09-17,East,Office Supplies,Storage,295.4,-62.7725
2016-09-17,East,Technology,Phones,437.85,131.355
2016-09-17,South,Technology,Machines,396.0,190.08
2016-09-17,West,Furniture,Chairs,113.888,9.9652
2016-09-17,West,Office Supplies,Art,20.1,6.633
2016-09-17,West,Office Supplies,Labels,12.32,5.9136
2016-09-17,West,Office Supplies,Paper,6.48,3.1104
2016-09-17,West,Technology,Phones,179.168,16.197
2016-09-18,East,Furniture,Chairs,731.154,133.29799999999997
2016-09-18,East,Furniture,Furnishings,66.072,27.7152
2016-09-18,East,Office Supplies,Art,2.672,0.3674
2016-09-18,East,Office Supplies,Binders,4.616,1.731
2016-09-18,South,Furniture,Chairs,350.98,84.2352
2016-09-18,South,Furniture,Tables,383.438,-167.3184
2016-09-18,South,Office Supplies,Labels,3.0,1.05
2016-09-18,South,Office Supplies,Paper,13.08,6.0168
2016-09-18,South,Office Supplies,Storage,900.08,117.0104
2016-09-18,West,Furniture,Chairs,1687.096,-49.5239
2016-09-18,West,Office Supplies,Paper,368.91,180.7659
2016-09-18,West,Technology,Phones,239.984,23.9984
2016-09-19,Central,Furniture,Chairs,701.372,-50.098
2016-09-19,Central,Office Supplies,Binders,2.308,-3.462
2016-09-19,East,Furniture,Chairs,872.32,244.2496
2016-09-19,East,Furniture,Furnishings,25.632,3.8448
2016-09-19,East,Office Supplies,Binders,74.97,36.4944
2016-09-19,East,Office Supplies,Paper,17.04,7.668
2016-09-19,East,Office Supplies,Storage,1675.75,499.249
2016-09-19,East,Office Supplies,Supplies,27.93,8.0997
2016-09-19,South,Office Supplies,Supplies,5.04,0.1512
2016-09-19,South,Technology,Accessories,249.95,107.4785
2016-09-19,West,Office Supplies,Binders,20.880000000000003,7.308
2016-09-19,West,Office Supplies,Paper,159.88,73.5448
2016-09-19,West,Office Supplies,Supplies,6.24,1.872
2016-09-20,Central,Office Supplies,Binders,83.7,41.013
2016-09-20,East,Office Supplies,Appliances,393.25,129.7725
2016-09-20,South,Furniture,Chairs,98.392,-11.0691
2016-09-20,South,Furniture,Furnishings,17.088,1.068
2016-09-20,West,Furniture,Bookcases,163.88,40.97
2016-09-20,West,Office Supplies,Art,11.76,3.1752
2016-09-20,West,Office Supplies,Binders,320.62399999999997,104.2028
2016-09-20,West,Office Supplies,Paper,143.31,68.2482
2016-09-22,Central,Furniture,Furnishings,18.96,7.584
2016-09-22,Central,Office Supplies,Paper,71.44,32.8592
2016-09-22,Central,Technology,Phones,97.98,27.4344
2016-09-22,East,Office Supplies,Art,7.872,0.8856
2016-09-22,East,Office Supplies,Envelopes,63.968,19.99
2016-09-22,East,Office Supplies,Labels,16.52,5.369
2016-09-22,East,Office Supplies,Storage,128.34,37.2186
2016-09-22,South,Furniture,Furnishings,13.28,6.3744
2016-09-22,South,Office Supplies,Art,40.776,4.5873
2016-09-22,South,Office Supplies,Binders,7.506,-6.0048
2016-09-22,South,Office Supplies,Labels,16.56,5.796
2016-09-22,South,Technology,Phones,63.936,5.5944
2016-09-22,West,Furniture,Furnishings,68.432,8.554
2016-09-23,East,Furniture,Furnishings,560.704,-18.935200000000002
2016-09-23,East,Office Supplies,Art,4.912,0.307
2016-09-23,East,Office Supplies,Binders,22.729,-6.076
2016-09-23,East,Office Supplies,Paper,11.952,4.0338
2016-09-23,South,Furniture,Chairs,368.97,81.1734
2016-09-23,South,Office Supplies,Storage,118.25,34.2925
2016-09-23,West,Furniture,Chairs,184.752,-20.7846
2016-09-23,West,Office Supplies,Binders,13.216,4.4604
2016-09-23,West,Office Supplies,Envelopes,4.08,1.9176
2016-09-23,West,Office Supplies,Labels,18.9,8.694
2016-09-23,West,Office Supplies,Supplies,13.68,3.6936
2016-09-24,Central,Furniture,Furnishings,127.95,21.7515
2016-09-24,Central,Office Supplies,Binders,448.752,-726.979
2016-09-24,Central,Office Supplies,Paper,6.48,3.1104
2016-09-24,East,Furniture,Chairs,155.372,-13.3176
2016-09-24,West,Furniture,Chairs,563.24,56.324
2016-09-24,West,Furniture,Furnishings,84.64,30.887999999999998
2016-09-24,West,Office Supplies,Envelopes,304.9,143.303
2016-09-24,West,Office Supplies,Paper,41.7,20.85
2016-09-24,West,Office Supplies,Storage,553.016,-92.88579999999999
2016-09-25,Central,Furniture,Chairs,201.96,50.49
2016-09-25,Central,Furniture,Furnishings,68.64,17.16
2016-09-25,Central,Office Supplies,Art,3.04,1.0336
2016-09-25,Central,Office Supplies,Labels,15.936,5.1792
2016-09-25,Central,Technology,Accessories,499.95,174.9825
2016-09-25,East,Office Supplies,Appliances,286.256,17.891
2016-09-25,East,Office Supplies,Storage,355.76,-87.7288
2016-09-25,West,Furniture,Bookcases,477.666,84.294
2016-09-25,West,Furniture,Chairs,483.136,60.392
2016-09-25,West,Furniture,Tables,393.165,-204.4458
2016-09-25,West,Office Supplies,Art,22.32,8.6256
2016-09-25,West,Office Supplies,Binders,5.022,-3.5154
2016-09-25,West,Office Supplies,Labels,34.58,17.0908
2016-09-25,West,Office Supplies,Paper,70.94800000000001,27.641000000000002
2016-09-25,West,Technology,Copiers,479.976,161.9919
2016-09-25,West,Technology,Phones,44.736,4.4736
2016-09-26,Central,Furniture,Chairs,1202.523,-232.6041
2016-09-26,Central,Office Supplies,Appliances,93.032,-251.1864
2016-09-26,Central,Office Supplies,Binders,22.44,-36.5856
2016-09-26,Central,Office Supplies,Envelopes,8.928,3.348
2016-09-26,Central,Office Supplies,Paper,9.99,4.4955
2016-09-26,South,Technology,Accessories,431.976,-75.5958
2016-09-26,West,Furniture,Bookcases,424.9575,19.998
2016-09-26,West,Office Supplies,Appliances,236.88,66.3264
2016-09-26,West,Office Supplies,Art,35.4,13.452
2016-09-26,West,Office Supplies,Labels,7.83,3.6018
2016-09-26,West,Office Supplies,Paper,72.75999999999999,34.3268
2016-09-26,West,Office Supplies,Storage,51.45,13.8915
2016-09-26,West,Technology,Accessories,100.0,21.0
2016-09-27,Central,Furniture,Bookcases,956.6648,-225.0976
2016-09-27,East,Office Supplies,Binders,2.907,-2.0349
2016-09-27,South,Office Supplies,Art,13.89,4.5837
2016-09-27,South,Office Supplies,Paper,17.94,8.7906
2016-09-27,West,Technology,Phones,1001.584,125.198
2016-09-28,Central,Office Supplies,Paper,99.136,30.98
2016-09-29,Central,Office Supplies,Art,40.88,10.6288
2016-09-29,East,Office Supplies,Labels,15.936,5.1792
2016-09-29,South,Office Supplies,Art,25.92,7.776
2016-09-29,South,Office Supplies,Binders,62.94,30.2112
2016-09-29,South,Technology,Accessories,209.97,71.3898
2016-09-29,West,Office Supplies,Art,10.496,1.1808
2016-09-29,West,Office Supplies,Binders,27.24,9.534
2016-09-29,West,Office Supplies,Paper,18.97,9.1056
2016-09-29,West,Technology,Accessories,36.24,15.2208
2016-09-29,West,Technology,Phones,859.2,75.18
2016-09-30,Central,Office Supplies,Binders,1.964,-3.2406
2016-09-30,East,Furniture,Bookcases,523.92,-26.196
2016-10-01,Central,Furniture,Furnishings,41.85,10.881
2016-10-01,Central,Office Supplies,Paper,28.352,9.5688
2016-10-01,Central,Technology,Accessories,79.512,20.8719
2016-10-01,Central,Technology,Phones,69.9,18.873
2016-10-01,East,Furniture,Tables,330.588,-115.7058
2016-10-01,South,Office Supplies,Art,30.976,5.0336
2016-10-01,South,Office Supplies,Binders,5.388,-4.49
2016-10-01,West,Furniture,Chairs,194.848,12.178
2016-10-02,Central,Office Supplies,Art,33.96,9.5088
2016-10-02,Central,Office Supplies,Binders,770.35,348.03229999999996
2016-10-02,Central,Office Supplies,Storage,32.48,4.872
2016-10-02,Central,Technology,Copiers,17499.95,8399.976
2016-10-02,East,Office Supplies,Appliances,61.44,16.5888
2016-10-02,West,Office Supplies,Binders,54.792,-40.1808
2016-10-03,Central,Furniture,Furnishings,38.08,-29.512
2016-10-03,Central,Office Supplies,Envelopes,15.648,5.0856
2016-10-03,East,Furniture,Chairs,599.292,93.2232
2016-10-03,West,Furniture,Chairs,915.136,102.9528
2016-10-03,West,Office Supplies,Labels,6.16,2.9568
2016-10-03,West,Office Supplies,Paper,106.38,49.8274
2016-10-04,Central,Office Supplies,Envelopes,59.752,19.4194
2016-10-04,East,Furniture,Tables,239.372,-23.9372
2016-10-04,East,Office Supplies,Binders,30.4,13.984
2016-10-04,East,Office Supplies,Storage,119.1,34.539
2016-10-04,East,Technology,Copiers,5399.91,2591.9568
2016-10-04,South,Furniture,Furnishings,11.568,2.6028
2016-10-04,South,Technology,Phones,52.68,19.755
2016-10-06,Central,Office Supplies,Binders,28.85,14.425
2016-10-06,West,Office Supplies,Binders,29.880000000000003,-24.101599999999998
2016-10-06,West,Technology,Accessories,67.96,0.8495
2016-10-06,West,Technology,Machines,703.71,-938.28
2016-10-07,East,Office Supplies,Labels,4.928,1.7248
2016-10-07,West,Office Supplies,Binders,27.264,8.8608
2016-10-07,West,Office Supplies,Fasteners,93.36,0.9336
2016-10-07,West,Office Supplies,Paper,10.56,5.0688
2016-10-07,West,Technology,Machines,837.6,62.82
2016-10-08,Central,Furniture,Furnishings,51.712,-32.32
2016-10-08,Central,Office Supplies,Labels,60.144,20.2986
2016-10-08,South,Office Supplies,Storage,387.72,-67.851
2016-10-08,West,Office Supplies,Paper,61.96,27.882
2016-10-09,East,Furniture,Furnishings,332.832,-24.9624
2016-10-09,East,Office Supplies,Paper,19.136,5.98
2016-10-09,East,Technology,Phones,23.976,-15.5844
2016-10-09,West,Furniture,Furnishings,169.568,0.0
2016-10-09,West,Office Supplies,Art,1.408,0.1584
2016-10-10,Central,Furniture,Furnishings,14.0,-6.3
2016-10-10,Central,Office Supplies,Binders,16.392,-26.2272
2016-10-10,South,Office Supplies,Binders,4.095,-2.73
2016-10-10,South,Office Supplies,Supplies,20.608,-4.3792
2016-10-10,West,Furniture,Bookcases,90.882,-190.8522
2016-10-10,West,Furniture,Chairs,120.784,13.5882
2016-10-10,West,Technology,Phones,15.992,-2.9985
2016-10-11,Central,Office Supplies,Art,33.064,4.133
2016-10-13,Central,Furniture,Furnishings,139.92,-150.414
2016-10-13,Central,Office Supplies,Art,15.872,1.1904
2016-10-13,Central,Office Supplies,Binders,6.286,-11.0005
2016-10-13,Central,Office Supplies,Paper,8.288,3.0044
2016-10-13,Central,Technology,Accessories,191.976,23.997
2016-10-13,East,Furniture,Furnishings,82.26,33.7266
2016-10-13,East,Office Supplies,Art,34.7,12.492
2016-10-13,East,Office Supplies,Labels,24.9,11.454
2016-10-13,East,Office Supplies,Paper,37.94,18.2112
2016-10-13,East,Office Supplies,Storage,99.87,23.9688
2016-10-13,West,Furniture,Furnishings,68.08,25.065600000000003
2016-10-13,West,Furniture,Tables,727.45,-465.568
2016-10-13,West,Office Supplies,Art,11.52,3.456
2016-10-13,West,Office Supplies,Binders,76.176,26.6616
2016-10-13,West,Office Supplies,Fasteners,4.02,1.9698
2016-10-13,West,Office Supplies,Paper,55.48,26.276
2016-10-13,West,Office Supplies,Supplies,65.88,18.4464
2016-10-14,Central,Technology,Accessories,1649.75,544.4175
2016-10-14,East,Office Supplies,Paper,111.96,54.8604
2016-10-14,East,Technology,Phones,1091.93,272.9825
2016-10-14,South,Furniture,Chairs,102.592,10.2592
2016-10-14,South,Office Supplies,Envelopes,35.008,13.128
2016-10-14,South,Office Supplies,Paper,132.176,48.403200000000005
2016-10-14,South,Office Supplies,Supplies,12.768,1.4364
2016-10-14,South,Technology,Accessories,22.704,5.9598
2016-10-14,West,Technology,Accessories,177.0,30.09
2016-10-15,Central,Office Supplies,Appliances,868.59,251.8911
2016-10-15,Central,Office Supplies,Binders,121.6,55.936
2016-10-15,Central,Office Supplies,Labels,49.620000000000005,24.3138
2016-10-15,Central,Office Supplies,Paper,12.96,6.2208
2016-10-15,Central,Technology,Phones,5.5,1.375
2016-10-15,South,Office Supplies,Appliances,43.26,14.2758
2016-10-15,South,Office Supplies,Binders,232.96,116.48
2016-10-15,South,Office Supplies,Envelopes,66.54,32.6046
2016-10-15,West,Office Supplies,Binders,41.72,13.0375
2016-10-15,West,Office Supplies,Paper,177.39999999999998,82.8064
2016-10-16,East,Furniture,Tables,142.182,-37.9152
2016-10-17,Central,Office Supplies,Appliances,1927.59,751.7601
2016-10-17,Central,Technology,Phones,449.97,220.4853
2016-10-17,East,Furniture,Bookcases,120.98,12.098
2016-10-17,East,Office Supplies,Binders,315.98,148.5106
2016-10-17,West,Furniture,Bookcases,120.666,21.294
2016-10-17,West,Office Supplies,Binders,18.16,6.583
2016-10-18,West,Furniture,Chairs,307.92,-34.641
2016-10-20,Central,Furniture,Chairs,56.686,-14.5764
2016-10-20,Central,Office Supplies,Fasteners,25.248,7.89
2016-10-20,Central,Office Supplies,Paper,51.016,15.9425
2016-10-20,Central,Office Supplies,Storage,20.86,1.4602
2016-10-20,Central,Technology,Phones,317.68,87.03059999999999
2016-10-20,East,Office Supplies,Art,7.152,0.7152
2016-10-20,South,Furniture,Furnishings,61.1,18.33
2016-10-20,West,Furniture,Chairs,387.136,4.8392
2016-10-20,West,Office Supplies,Binders,19.296,6.03
2016-10-21,Central,Technology,Accessories,106.08,-9.282
2016-10-21,East,Furniture,Bookcases,1043.92,271.4192
2016-10-21,East,Furniture,Tables,661.176,-231.4116
2016-10-21,East,Office Supplies,Binders,31.119999999999997,14.004
2016-10-21,East,Office Supplies,Storage,104.79,29.3412
2016-10-21,East,Office Supplies,Supplies,7.36,0.1472
2016-10-21,East,Technology,Accessories,98.16,9.816
2016-10-21,East,Technology,Phones,235.152,-47.0304
2016-10-21,South,Furniture,Furnishings,45.568,9.6832
2016-10-21,South,Office Supplies,Binders,28.752,-21.0848
2016-10-21,South,Office Supplies,Storage,111.672,6.9795
2016-10-21,West,Furniture,Chairs,242.136,12.1068
2016-10-21,West,Furniture,Furnishings,19.96,5.5888
2016-10-21,West,Office Supplies,Art,125.61,35.1366
2016-10-21,West,Office Supplies,Binders,4535.976,1644.2913
2016-10-21,West,Office Supplies,Paper,58.800000000000004,28.811999999999998
2016-10-21,West,Office Supplies,Storage,495.36,4.9536
2016-10-22,Central,Furniture,Furnishings,31.4,10.048
2016-10-22,South,Furniture,Furnishings,39.92,11.1776
2016-10-22,West,Furniture,Furnishings,101.94,30.582
2016-10-22,West,Office Supplies,Art,8.34,2.2518
2016-10-22,West,Office Supplies,Paper,6.68,3.2064
2016-10-23,Central,Furniture,Furnishings,16.156,-12.117
2016-10-23,Central,Office Supplies,Paper,54.816,17.8152
2016-10-23,East,Office Supplies,Paper,379.4,178.318
2016-10-23,West,Office Supplies,Fasteners,17.05,8.184
2016-10-24,Central,Office Supplies,Paper,15.552,5.4432
2016-10-24,South,Technology,Phones,239.976,17.9982
2016-10-24,West,Technology,Accessories,1109.97,290.5945
2016-10-25,South,Technology,Phones,783.96,78.396
2016-10-27,East,Furniture,Chairs,427.644,80.7772
2016-10-27,East,Furniture,Furnishings,40.2,19.296
2016-10-27,East,Office Supplies,Binders,9.728,3.2832
2016-10-27,East,Office Supplies,Fasteners,40.67,12.6077
2016-10-27,East,Office Supplies,Storage,33.48,1.3392
2016-10-27,South,Furniture,Chairs,290.98,75.6548
2016-10-27,West,Office Supplies,Appliances,43.92,11.8584
2016-10-27,West,Office Supplies,Binders,92.16799999999999,32.9985
2016-10-28,East,Furniture,Furnishings,834.4,113.70400000000001
2016-10-28,East,Office Supplies,Art,12.42,5.2164
2016-10-28,East,Office Supplies,Binders,14.28,6.5688
2016-10-28,East,Office Supplies,Paper,89.31,42.8688
2016-10-28,East,Office Supplies,Storage,1082.48,10.8248
2016-10-28,South,Furniture,Furnishings,276.968,55.0482
2016-10-28,South,Office Supplies,Binders,93.231,-70.7658
2016-10-28,West,Office Supplies,Binders,49.536,17.3376
2016-10-28,West,Office Supplies,Paper,50.96,25.48
2016-10-28,West,Office Supplies,Storage,93.06,26.0568
2016-10-28,West,Technology,Phones,302.376,22.6782
2016-10-29,Central,Furniture,Furnishings,67.0,32.16
2016-10-29,East,Office Supplies,Appliances,11.67,3.0342
2016-10-29,East,Office Supplies,Storage,40.74,0.4074
2016-10-29,West,Office Supplies,Binders,11.744,3.8168
2016-10-30,Central,Office Supplies,Art,11.68,3.504
2016-10-30,East,Office Supplies,Art,114.95,32.186
2016-10-30,East,Office Supplies,Binders,28.752,10.0632
2016-10-30,West,Office Supplies,Fasteners,3.62,1.1946
2016-10-31,Central,Furniture,Chairs,368.97,81.1734
2016-10-31,Central,Office Supplies,Art,12.39,3.4692
2016-10-31,Central,Office Supplies,Storage,332.94,9.9882
2016-10-31,Central,Office Supplies,Supplies,21.96,6.1488
2016-10-31,East,Furniture,Chairs,492.835,-14.081
2016-10-31,South,Office Supplies,Paper,32.064,11.2224
2016-10-31,West,Furniture,Chairs,1403.92,70.196
2016-10-31,West,Office Supplies,Storage,1085.42,282.2092
2016-11-01,Central,Office Supplies,Storage,111.672,6.9795
2016-11-01,Central,Technology,Accessories,68.112,17.8794
2016-11-01,South,Office Supplies,Envelopes,251.79,118.3413
2016-11-01,South,Technology,Phones,21.8,6.104
2016-11-03,Central,Office Supplies,Art,75.96,22.788
2016-11-03,Central,Office Supplies,Binders,27.24,13.3476
2016-11-03,Central,Office Supplies,Paper,9.248,3.3524
2016-11-03,East,Furniture,Chairs,470.155,-13.433
2016-11-03,East,Technology,Accessories,72.0,14.4
2016-11-03,South,Furniture,Furnishings,24.1,9.158
2016-11-03,South,Furniture,Tables,842.94,160.1586
2016-11-03,South,Office Supplies,Art,16.73,4.6998
2016-11-03,South,Office Supplies,Fasteners,20.0,9.6
2016-11-03,West,Furniture,Chairs,217.584,-29.9178
2016-11-03,West,Office Supplies,Appliances,1144.8,443.8728
2016-11-03,West,Office Supplies,Art,8.82,2.3814
2016-11-03,West,Office Supplies,Binders,57.038000000000004,15.355400000000001
2016-11-03,West,Office Supplies,Fasteners,15.26,5.0358
2016-11-03,West,Office Supplies,Labels,87.71,41.2237
2016-11-03,West,Office Supplies,Paper,450.27,217.29240000000001
2016-11-03,West,Technology,Accessories,82.95,29.0325
2016-11-03,West,Technology,Machines,179.991,-251.9874
2016-11-04,Central,Furniture,Furnishings,77.488,-89.9808
2016-11-04,South,Furniture,Furnishings,50.496,8.2056
2016-11-04,South,Furniture,Tables,876.3,-292.1
2016-11-04,South,Office Supplies,Fasteners,10.74,5.2626
2016-11-04,South,Office Supplies,Storage,45.248,3.9592
2016-11-04,South,Office Supplies,Supplies,185.376,-34.758
2016-11-04,West,Furniture,Chairs,755.136,-111.9606
2016-11-04,West,Furniture,Furnishings,248.17,52.1443
2016-11-04,West,Office Supplies,Art,192.8,55.912
2016-11-04,West,Office Supplies,Binders,11.888,4.1006
2016-11-04,West,Office Supplies,Labels,629.184,228.0792
2016-11-04,West,Office Supplies,Paper,102.00800000000001,40.757200000000005
2016-11-04,West,Office Supplies,Supplies,17.584,-4.1762
2016-11-04,West,Technology,Machines,686.4,77.22
2016-11-05,Central,Furniture,Bookcases,956.6648,-225.0976
2016-11-05,Central,Furniture,Tables,863.128,-160.2952
2016-11-05,Central,Office Supplies,Art,39.68,16.2688
2016-11-05,Central,Office Supplies,Binders,121.052,23.974199999999996
2016-11-05,Central,Office Supplies,Labels,63.59,29.28
2016-11-05,Central,Technology,Accessories,171.96,45.1395
2016-11-05,East,Technology,Phones,23.988,-15.992
2016-11-05,South,Furniture,Furnishings,1030.76,146.9096
2016-11-05,South,Technology,Accessories,89.97,18.8937
2016-11-05,West,Furniture,Chairs,113.888,9.9652
2016-11-05,West,Office Supplies,Binders,82.368,29.796
2016-11-05,West,Office Supplies,Envelopes,158.13,77.4837
2016-11-05,West,Technology,Accessories,551.72,65.72919999999999
2016-11-06,South,Furniture,Chairs,207.984,-28.5978
2016-11-06,South,Furniture,Furnishings,35.568,5.7798
2016-11-06,South,Office Supplies,Paper,124.88,43.708
2016-11-06,West,Furniture,Chairs,81.424,-9.1602
2016-11-06,West,Furniture,Furnishings,238.56,26.2416
2016-11-06,West,Office Supplies,Storage,84.84,22.9068
2016-11-07,Central,Furniture,Furnishings,44.46,-17.784
2016-11-07,Central,Office Supplies,Storage,314.088,19.6305
2016-11-07,East,Office Supplies,Binders,276.784,89.9548
2016-11-07,East,Office Supplies,Fasteners,14.96,0.2992
2016-11-07,East,Office Supplies,Paper,12.96,6.2208
2016-11-07,East,Office Supplies,Storage,116.82,5.841
2016-11-07,East,Technology,Accessories,119.976,22.4955
2016-11-07,East,Technology,Phones,623.9300000000001,172.0608
2016-11-07,West,Furniture,Chairs,1603.136,100.196
2016-11-07,West,Furniture,Furnishings,14.82,6.2244
2016-11-07,West,Office Supplies,Binders,149.68,50.3096
2016-11-07,West,Office Supplies,Labels,14.62,6.8714
2016-11-07,West,Office Supplies,Paper,12.9,6.321
2016-11-07,West,Office Supplies,Supplies,11.36,3.2944
2016-11-07,West,Technology,Accessories,479.97,163.1898
2016-11-08,South,Furniture,Bookcases,261.96,41.9136
2016-11-08,South,Furniture,Chairs,731.94,219.582
2016-11-09,West,Technology,Accessories,479.97,177.5889
2016-11-10,Central,Furniture,Bookcases,341.96,54.7136
2016-11-10,Central,Furniture,Furnishings,37.3,17.158
2016-11-10,Central,Office Supplies,Binders,81.96,39.3408
2016-11-10,Central,Technology,Accessories,279.944,48.9902
2016-11-10,Central,Technology,Phones,221.98,62.1544
2016-11-10,East,Furniture,Furnishings,148.288,29.6576
2016-11-10,East,Office Supplies,Appliances,334.88,29.302
2016-11-10,East,Office Supplies,Binders,143.744,-21.019900000000003
2016-11-10,East,Office Supplies,Labels,9.216,3.3408
2016-11-10,East,Office Supplies,Paper,147.54399999999998,52.5397
2016-11-10,East,Office Supplies,Storage,38.976,-2.436
2016-11-10,East,Office Supplies,Supplies,14.72,-3.312
2016-11-10,East,Technology,Accessories,178.92,-29.0745
2016-11-10,East,Technology,Phones,923.8879999999999,210.6923
2016-11-10,South,Office Supplies,Art,41.86,10.465
2016-11-10,West,Furniture,Furnishings,477.44,194.453
2016-11-10,West,Office Supplies,Appliances,129.92,38.976
2016-11-10,West,Office Supplies,Art,14.7,3.969
2016-11-10,West,Office Supplies,Binders,88.408,30.7776
2016-11-10,West,Office Supplies,Paper,161.51,76.9108
2016-11-10,West,Office Supplies,Storage,906.3199999999999,233.93
2016-11-11,Central,Furniture,Chairs,47.992,-2.0568
2016-11-11,Central,Furniture,Tables,2678.94,241.1046
2016-11-11,Central,Office Supplies,Art,14.112,1.2348
2016-11-11,Central,Technology,Accessories,95.968,1.1996
2016-11-11,Central,Technology,Phones,257.98,74.8142
2016-11-11,East,Furniture,Chairs,245.646,8.1882
2016-11-11,East,Office Supplies,Art,92.94,25.0938
2016-11-11,East,Office Supplies,Binders,90.24000000000001,28.6404
2016-11-11,East,Office Supplies,Storage,111.5,28.7192
2016-11-11,East,Technology,Accessories,95.97,21.4725
2016-11-11,South,Office Supplies,Appliances,671.544,50.3658
2016-11-11,South,Office Supplies,Binders,9.888,-6.9216
2016-11-11,West,Furniture,Chairs,451.152,0.0
2016-11-11,West,Furniture,Furnishings,48.92,13.1368
2016-11-11,West,Office Supplies,Binders,31.504,11.0264
2016-11-12,Central,Furniture,Furnishings,22.752,-8.532
2016-11-12,Central,Office Supplies,Appliances,37.68,10.5504
2016-11-12,Central,Office Supplies,Art,20.58,5.5566
2016-11-12,Central,Office Supplies,Binders,17.38,8.69
2016-11-12,Central,Office Supplies,Envelopes,287.52,129.384
2016-11-12,Central,Office Supplies,Paper,19.98,8.991
2016-11-12,East,Furniture,Chairs,3461.248,-33.9078
2016-11-12,East,Office Supplies,Appliances,110.096,33.0288
2016-11-12,East,Office Supplies,Fasteners,16.752,5.4444
2016-11-12,West,Furniture,Tables,674.352,-8.4294
2016-11-12,West,Office Supplies,Binders,10.638,-7.9468
2016-11-12,West,Technology,Accessories,31.984,1.999
2016-11-12,West,Technology,Phones,203.976,25.497
2016-11-13,Central,Furniture,Furnishings,30.36,13.0548
2016-11-13,Central,Office Supplies,Binders,3.136,-4.704
2016-11-13,East,Office Supplies,Art,140.75,39.41
2016-11-13,East,Office Supplies,Labels,14.94,6.8724
2016-11-13,East,Office Supplies,Paper,217.056,78.6828
2016-11-13,East,Office Supplies,Storage,139.06,37.0195
2016-11-13,East,Technology,Phones,2279.96,592.7896
2016-11-13,South,Office Supplies,Supplies,52.136,5.8653
2016-11-13,West,Furniture,Furnishings,23.72,8.7346
2016-11-13,West,Office Supplies,Art,44.02,11.4452
2016-11-14,Central,Office Supplies,Binders,2.296,-3.9032
2016-11-14,East,Furniture,Chairs,788.064,50.8168
2016-11-14,East,Furniture,Furnishings,68.49600000000001,16.2888
2016-11-14,East,Office Supplies,Art,23.65,6.149
2016-11-14,East,Office Supplies,Paper,16.45,7.567
2016-11-14,East,Office Supplies,Storage,40.44,10.5144
2016-11-14,East,Technology,Copiers,1199.976,179.9964
2016-11-14,East,Technology,Phones,103.95,29.106
2016-11-14,South,Office Supplies,Binders,8.26,3.8822
2016-11-14,South,Office Supplies,Paper,5.28,2.376
2016-11-14,South,Technology,Accessories,499.98,114.9954
2016-11-14,West,Office Supplies,Art,9.84,2.8536
2016-11-14,West,Office Supplies,Labels,7.38,3.4686
2016-11-15,South,Furniture,Tables,630.024,-199.5076
2016-11-15,West,Office Supplies,Binders,1054.928,394.6446
2016-11-15,West,Technology,Accessories,99.39,40.7499
2016-11-15,West,Technology,Phones,361.376,27.1032
2016-11-16,West,Office Supplies,Binders,8.32,2.808
2016-11-16,West,Office Supplies,Envelopes,28.4,13.348
2016-11-17,Central,Office Supplies,Paper,15.232,5.5216
2016-11-17,Central,Technology,Phones,67.176,6.7176
2016-11-17,West,Office Supplies,Binders,10.776,3.3675
2016-11-17,West,Office Supplies,Supplies,49.5,13.365
2016-11-18,Central,Furniture,Chairs,557.068,14.9936
2016-11-18,Central,Office Supplies,Art,6.368,1.0348
2016-11-18,Central,Office Supplies,Labels,48.848,15.8756
2016-11-18,Central,Office Supplies,Paper,19.648,6.6312
2016-11-18,Central,Office Supplies,Storage,1117.92,55.896
2016-11-18,East,Office Supplies,Appliances,103.968,16.8948
2016-11-18,South,Technology,Accessories,1319.96,527.984
2016-11-18,West,Office Supplies,Appliances,67.84,18.3168
2016-11-18,West,Office Supplies,Binders,61.12,22.156
2016-11-18,West,Technology,Accessories,595.0,95.2
2016-11-18,West,Technology,Phones,61.192,6.1192
2016-11-19,Central,Furniture,Furnishings,2.328,-0.7566
2016-11-19,Central,Office Supplies,Appliances,54.96,15.9384
2016-11-19,Central,Office Supplies,Binders,11.972,-19.2744
2016-11-19,Central,Office Supplies,Envelopes,40.968,13.8267
2016-11-19,Central,Office Supplies,Fasteners,58.368,21.888
2016-11-19,Central,Office Supplies,Paper,10.368,3.6288
2016-11-19,Central,Office Supplies,Storage,100.704,-16.3644
2016-11-19,Central,Technology,Phones,71.96,25.186
2016-11-19,East,Office Supplies,Appliances,8.74,2.2724
2016-11-19,East,Office Supplies,Art,17.28,5.0112
2016-11-19,East,Office Supplies,Binders,32.064,11.085
2016-11-19,East,Office Supplies,Paper,44.75,20.585
2016-11-19,East,Office Supplies,Storage,133.56,21.120399999999997
2016-11-19,South,Office Supplies,Art,18.48,6.006
2016-11-19,West,Furniture,Furnishings,31.96,1.598
2016-11-20,Central,Furniture,Chairs,318.43,-77.333
2016-11-20,Central,Furniture,Furnishings,7.068,-2.8272
2016-11-20,Central,Office Supplies,Binders,4.91,2.3077
2016-11-20,Central,Office Supplies,Labels,14.62,6.8714
2016-11-20,Central,Office Supplies,Paper,323.63,155.07000000000002
2016-11-20,Central,Technology,Phones,1219.042,295.5568
2016-11-20,East,Furniture,Bookcases,86.97,-48.7032
2016-11-20,East,Office Supplies,Binders,145.455,50.40899999999999
2016-11-20,East,Office Supplies,Fasteners,19.096,6.6836
2016-11-20,East,Office Supplies,Labels,18.496,6.2424
2016-11-20,East,Office Supplies,Paper,15.696,5.1012
2016-11-20,East,Technology,Accessories,255.984,54.3966
2016-11-20,South,Furniture,Bookcases,289.568,10.8588
2016-11-20,South,Office Supplies,Storage,39.72,4.4685
2016-11-20,South,Technology,Phones,244.768,24.4768
2016-11-20,West,Office Supplies,Appliances,39.0,11.31
2016-11-20,West,Technology,Accessories,27.88,3.9032
2016-11-21,Central,Office Supplies,Paper,78.892,33.2766
2016-11-21,Central,Office Supplies,Storage,21.568,1.6176
2016-11-21,Central,Technology,Accessories,81.576,2.0394
2016-11-21,Central,Technology,Phones,404.94,109.3338
2016-11-21,East,Furniture,Bookcases,113.568,12.7764
2016-11-21,East,Furniture,Chairs,127.554,-9.111
2016-11-21,East,Furniture,Furnishings,77.952,15.5904
2016-11-21,East,Office Supplies,Paper,12.96,6.3504
2016-11-21,East,Technology,Machines,30.345,-24.276
2016-11-21,West,Furniture,Chairs,195.136,-12.196
2016-11-21,West,Office Supplies,Paper,32.4,15.552
2016-11-22,Central,Office Supplies,Art,23.616,2.6568
2016-11-22,Central,Office Supplies,Binders,60.144,7.8588
2016-11-22,Central,Office Supplies,Labels,2.088,0.6786
2016-11-22,Central,Technology,Accessories,24.032,-0.6008
2016-11-22,East,Furniture,Furnishings,39.88,11.1664
2016-11-22,East,Office Supplies,Art,20.82,7.4952
2016-11-22,East,Office Supplies,Binders,146.464,51.11
2016-11-23,East,Furniture,Furnishings,84.81599999999999,16.279600000000002
2016-11-23,East,Office Supplies,Fasteners,15.8,2.37
2016-11-24,Central,Office Supplies,Art,14.04,1.5795
2016-11-24,Central,Office Supplies,Fasteners,4.344,0.8688
2016-11-24,Central,Office Supplies,Paper,74.352,23.235
2016-11-24,Central,Office Supplies,Storage,41.92,3.668
2016-11-24,Central,Technology,Accessories,392.56800000000004,-9.8142
2016-11-24,Central,Technology,Phones,657.552,49.3164
2016-11-24,East,Furniture,Furnishings,207.76,85.1816
2016-11-24,East,Office Supplies,Binders,17.216,6.0256
2016-11-24,East,Office Supplies,Envelopes,40.752,15.282
2016-11-24,East,Office Supplies,Fasteners,4.416,1.6008
2016-11-24,East,Office Supplies,Paper,18.04,8.774799999999999
2016-11-24,East,Technology,Accessories,228.36,-11.2515
2016-11-24,South,Furniture,Bookcases,339.92,8.498
2016-11-24,South,Office Supplies,Appliances,42.384,4.2384
2016-11-24,South,Office Supplies,Paper,10.528,3.4216
2016-11-24,West,Furniture,Chairs,1684.752,210.594
2016-11-24,West,Furniture,Furnishings,92.2,36.808
2016-11-24,West,Office Supplies,Binders,1219.96,381.2375
2016-11-24,West,Office Supplies,Paper,24.784,7.745
2016-11-24,West,Office Supplies,Supplies,25.35,7.605
2016-11-24,West,Technology,Accessories,1219.82,408.13980000000004
2016-11-24,West,Technology,Phones,33.52,3.352
2016-11-25,Central,Furniture,Tables,1568.61,329.4081
2016-11-25,Central,Office Supplies,Binders,17.3,8.304
2016-11-25,Central,Technology,Accessories,160.0,62.4
2016-11-25,East,Office Supplies,Binders,456.588,-304.392
2016-11-25,East,Office Supplies,Storage,563.4,67.608
2016-11-25,East,Technology,Accessories,59.976,11.9952
2016-11-25,East,Technology,Machines,4819.905,-6481.6076
2016-11-25,South,Office Supplies,Paper,5.08,1.651
2016-11-25,South,Office Supplies,Storage,73.36,19.8072
2016-11-25,South,Technology,Phones,59.98,17.994
2016-11-25,West,Furniture,Chairs,194.352,19.4352
2016-11-26,Central,Office Supplies,Art,17.856,4.2408
2016-11-26,East,Furniture,Tables,313.176,-120.0508
2016-11-26,East,Office Supplies,Binders,78.759,-57.7566
2016-11-26,East,Office Supplies,Paper,13.36,6.4128
2016-11-26,East,Technology,Accessories,59.97,14.9925
2016-11-26,East,Technology,Phones,494.982,-115.4958
2016-11-26,South,Office Supplies,Binders,129.174,60.0942
2016-11-26,South,Office Supplies,Paper,70.98,34.7802
2016-11-26,South,Technology,Machines,3040.0,1459.2
2016-11-26,West,Furniture,Bookcases,3406.664,160.3136
2016-11-26,West,Furniture,Furnishings,595.38,297.69
2016-11-26,West,Office Supplies,Appliances,64.96,19.488
2016-11-26,West,Office Supplies,Art,37.17,10.4076
2016-11-26,West,Office Supplies,Binders,7.312,2.5592
2016-11-27,Central,Office Supplies,Appliances,167.292,29.7408
2016-11-27,Central,Office Supplies,Binders,152.0,69.92
2016-11-27,Central,Office Supplies,Storage,97.984,-24.496
2016-11-27,Central,Technology,Accessories,97.35,34.878
2016-11-27,East,Furniture,Furnishings,31.56,10.4148
2016-11-27,East,Office Supplies,Art,34.65,9.702
2016-11-27,East,Office Supplies,Binders,79.95,38.376
2016-11-27,East,Office Supplies,Paper,230.87,112.8671
2016-11-27,South,Furniture,Tables,331.023,-114.3534
2016-11-27,South,Technology,Phones,116.76,14.595
2016-11-27,West,Office Supplies,Storage,39.808,3.9808
2016-11-27,West,Technology,Phones,271.992,23.7993
2016-11-28,East,Furniture,Chairs,347.802,-24.843
2016-11-28,East,Office Supplies,Binders,14.048,-1.6143999999999998
2016-11-28,East,Office Supplies,Fasteners,12.672,2.6928
2016-11-28,East,Office Supplies,Storage,32.544,-7.7292
2016-11-28,East,Technology,Phones,340.182,-73.7061
2016-11-28,South,Furniture,Chairs,182.67,52.9743
2016-11-28,South,Office Supplies,Binders,7.434,-5.6994
2016-11-28,South,Office Supplies,Storage,2389.3199999999997,372.126
2016-11-28,South,Technology,Accessories,101.7,6.102
2016-11-29,Central,Furniture,Furnishings,242.176,-302.72
2016-11-29,Central,Technology,Accessories,58.416,16.7946
2016-11-30,Central,Furniture,Chairs,389.97,35.0973
2016-11-30,Central,Office Supplies,Paper,47.12,23.0096
2016-11-30,Central,Office Supplies,Storage,496.86,24.843
2016-11-30,South,Technology,Phones,36.192,2.7144
2016-12-01,Central,Furniture,Chairs,333.676,-18.9628
2016-12-01,Central,Furniture,Furnishings,17.31,5.193
2016-12-01,Central,Office Supplies,Appliances,11.648,-30.8672
2016-12-01,Central,Office Supplies,Paper,23.92,11.7208
2016-12-01,East,Furniture,Chairs,924.42,202.134
2016-12-01,East,Furniture,Furnishings,111.15,48.906
2016-12-01,East,Furniture,Tables,366.009,-47.0583
2016-12-01,East,Office Supplies,Appliances,901.95,297.6435
2016-12-01,East,Office Supplies,Binders,88.08,40.5168
2016-12-01,East,Technology,Phones,317.90999999999997,80.8569
2016-12-01,South,Office Supplies,Appliances,2104.55,694.5015
2016-12-01,South,Office Supplies,Art,4.704,0.4116
2016-12-01,South,Office Supplies,Supplies,40.7,11.803
2016-12-01,South,Technology,Phones,863.928,86.3928
2016-12-01,West,Furniture,Furnishings,48.7,5.9504
2016-12-01,West,Office Supplies,Art,23.04,6.912
2016-12-01,West,Office Supplies,Envelopes,22.92,11.2308
2016-12-01,West,Office Supplies,Paper,47.9,22.992
2016-12-01,West,Office Supplies,Storage,1112.94,222.588
2016-12-02,Central,Furniture,Bookcases,781.864,-137.976
2016-12-02,Central,Office Supplies,Binders,115.84,54.4448
2016-12-02,Central,Office Supplies,Paper,30.816,9.63
2016-12-02,East,Furniture,Furnishings,72.42,23.8986
2016-12-02,East,Office Supplies,Binders,450.408,146.3826
2016-12-02,East,Office Supplies,Paper,54.96,26.9304
2016-12-02,East,Office Supplies,Storage,2079.4,582.232
2016-12-02,East,Technology,Phones,629.95,176.386
2016-12-02,West,Furniture,Furnishings,14.52,5.6628
2016-12-02,West,Office Supplies,Appliances,59.7,26.865
2016-12-02,West,Office Supplies,Binders,128.888,43.1238
2016-12-02,West,Office Supplies,Paper,66.38,32.266999999999996
2016-12-02,West,Office Supplies,Storage,33.87,8.8062
2016-12-02,West,Technology,Accessories,165.6,-6.21
2016-12-03,Central,Furniture,Chairs,29.98,8.0946
2016-12-03,Central,Furniture,Tables,581.96,104.7528
2016-12-03,East,Furniture,Chairs,542.646,102.4998
2016-12-03,East,Furniture,Tables,400.032,-153.3456
2016-12-03,East,Office Supplies,Appliances,394.816,93.7688
2016-12-03,East,Office Supplies,Binders,18.192,-14.5536
2016-12-03,East,Office Supplies,Labels,6.3,3.024
2016-12-03,East,Office Supplies,Paper,182.72,84.0512
2016-12-03,East,Office Supplies,Storage,33.63,10.089
2016-12-03,West,Furniture,Bookcases,205.666,-12.098
2016-12-03,West,Furniture,Furnishings,111.9,51.474
2016-12-03,West,Furniture,Tables,268.704,6.7176
2016-12-03,West,Office Supplies,Art,21.92,5.9184
2016-12-03,West,Office Supplies,Storage,821.4,115.48320000000001
2016-12-03,West,Technology,Accessories,1649.95,659.98
2016-12-04,East,Furniture,Furnishings,113.79,20.4822
2016-12-04,East,Office Supplies,Binders,17.256,6.4278
2016-12-04,East,Office Supplies,Paper,40.56,19.8744
2016-12-04,East,Office Supplies,Storage,589.6800000000001,15.2904
2016-12-04,East,Technology,Accessories,78.15,34.386
2016-12-04,West,Office Supplies,Paper,104.85,50.328
2016-12-05,Central,Furniture,Chairs,1951.84,585.552
2016-12-05,Central,Office Supplies,Art,3.536,0.3094
2016-12-05,Central,Office Supplies,Binders,171.55,80.6285
2016-12-05,Central,Office Supplies,Labels,11.952,3.8844
2016-12-05,Central,Technology,Phones,534.42,109.80030000000001
2016-12-05,East,Furniture,Bookcases,81.94,20.485
2016-12-05,East,Furniture,Furnishings,13.4,6.432
2016-12-05,East,Office Supplies,Art,33.92,13.2288
2016-12-05,East,Office Supplies,Envelopes,109.69,51.5543
2016-12-05,East,Office Supplies,Paper,4.98,2.3406
2016-12-05,East,Office Supplies,Storage,465.18,120.9468
2016-12-05,South,Furniture,Furnishings,191.82,74.8098
2016-12-05,South,Office Supplies,Storage,584.82,70.1784
2016-12-05,South,Technology,Phones,699.98,195.9944
2016-12-05,West,Office Supplies,Binders,407.976,132.5922
2016-12-06,East,Office Supplies,Binders,1191.096,392.66499999999996
2016-12-06,East,Technology,Copiers,479.984,89.997
2016-12-06,West,Office Supplies,Art,18.69,5.2332
2016-12-06,West,Office Supplies,Binders,557.864,192.577
2016-12-06,West,Office Supplies,Envelopes,35.89,16.1505
2016-12-06,West,Office Supplies,Fasteners,13.86,0.0
2016-12-06,West,Office Supplies,Paper,470.58,221.5006
2016-12-06,West,Technology,Phones,1110.312,99.1118
2016-12-08,Central,Furniture,Bookcases,405.86,32.4688
2016-12-08,Central,Furniture,Chairs,680.01,176.8026
2016-12-08,Central,Furniture,Furnishings,190.92,-147.963
2016-12-08,Central,Technology,Phones,1212.4940000000001,125.7727
2016-12-08,East,Office Supplies,Binders,12.957,-9.5018
2016-12-08,East,Office Supplies,Paper,10.584,3.4398
2016-12-08,South,Technology,Accessories,84.672,15.3954
2016-12-08,South,Technology,Phones,249.584,31.198
2016-12-08,West,Furniture,Tables,1421.664,-195.4788
2016-12-08,West,Office Supplies,Art,8.56,2.4824
2016-12-08,West,Office Supplies,Paper,45.36,21.7728
2016-12-08,West,Office Supplies,Storage,386.43,90.5814
2016-12-09,Central,Office Supplies,Appliances,126.625,27.3226
2016-12-09,Central,Office Supplies,Art,28.788,5.8758
2016-12-09,Central,Office Supplies,Paper,9.392,3.2872
2016-12-09,Central,Office Supplies,Supplies,20.568,1.5426
2016-12-09,Central,Technology,Accessories,79.02,23.7636
2016-12-09,Central,Technology,Phones,10.9,3.052
2016-12-09,East,Office Supplies,Labels,125.81,57.909499999999994
2016-12-09,South,Furniture,Tables,1136.8339999999998,129.2052
2016-12-09,South,Office Supplies,Binders,2.946,-2.0622
2016-12-09,South,Technology,Phones,40.68,-9.153
2016-12-09,West,Office Supplies,Binders,273.92,99.296
2016-12-10,Central,Furniture,Chairs,1424.9,356.225
2016-12-10,East,Office Supplies,Binders,679.96,220.987
2016-12-10,East,Office Supplies,Envelopes,361.92,162.864
2016-12-10,East,Office Supplies,Paper,87.84,41.3496
2016-12-10,East,Office Supplies,Storage,80.58,22.5624
2016-12-10,West,Furniture,Chairs,321.568,28.1372
2016-12-10,West,Office Supplies,Appliances,100.44,35.153999999999996
2016-12-10,West,Office Supplies,Binders,153.552,51.8238
2016-12-10,West,Office Supplies,Paper,204.2,92.6928
2016-12-10,West,Technology,Accessories,44.75,8.5025
2016-12-11,East,Furniture,Chairs,458.43,-137.529
2016-12-11,East,Furniture,Tables,328.59,-147.8655
2016-12-11,East,Office Supplies,Appliances,460.672,33.388000000000005
2016-12-11,East,Office Supplies,Fasteners,15.26,6.2566
2016-12-11,East,Office Supplies,Storage,64.96,-4.06
2016-12-11,East,Office Supplies,Supplies,13.52,1.69
2016-12-11,East,Technology,Phones,1029.95,298.6855
2016-12-11,South,Office Supplies,Art,6.672,1.668
2016-12-11,South,Office Supplies,Storage,85.224,7.4571
2016-12-11,West,Furniture,Chairs,767.84,-6.597999999999999
2016-12-11,West,Furniture,Furnishings,14.8,6.068
2016-12-11,West,Furniture,Tables,892.136,111.517
2016-12-11,West,Office Supplies,Appliances,83.42,24.1918
2016-12-11,West,Office Supplies,Art,23.32,6.0632
2016-12-11,West,Office Supplies,Binders,373.968,121.3122
2016-12-11,West,Office Supplies,Paper,30.98,13.941
2016-12-11,West,Office Supplies,Storage,293.604,-49.7103
2016-12-11,West,Technology,Accessories,555.76,86.7416
2016-12-11,West,Technology,Phones,603.144,52.754999999999995
2016-12-12,Central,Furniture,Furnishings,33.48,8.7048
2016-12-12,Central,Office Supplies,Art,13.9,3.614
2016-12-12,Central,Office Supplies,Storage,26.86,6.715
2016-12-12,Central,Technology,Phones,657.93,184.2204
2016-12-12,East,Furniture,Furnishings,60.35,19.9155
2016-12-12,East,Office Supplies,Art,11.2,4.816
2016-12-12,East,Office Supplies,Binders,18.693,-14.3313
2016-12-12,East,Office Supplies,Supplies,35.52,9.9456
2016-12-12,East,Technology,Accessories,383.952,76.7904
2016-12-12,South,Office Supplies,Paper,49.12,23.0864
2016-12-12,South,Technology,Accessories,249.95,19.996
2016-12-12,West,Furniture,Furnishings,383.64,122.7648
2016-12-12,West,Office Supplies,Appliances,56.52,15.8256
2016-12-13,Central,Technology,Accessories,63.88,24.9132
2016-12-13,West,Furniture,Tables,1114.272,41.7852
2016-12-13,West,Office Supplies,Art,9.84,3.2472
2016-12-13,West,Office Supplies,Binders,6.096,2.2098
2016-12-14,East,Furniture,Furnishings,396.92,198.46
2016-12-14,East,Office Supplies,Binders,23.12,7.803
2016-12-14,East,Office Supplies,Fasteners,21.48,10.5252
2016-12-14,East,Office Supplies,Labels,5.76,2.8224
2016-12-14,East,Office Supplies,Paper,14.62,6.7252
2016-12-14,East,Office Supplies,Storage,17.15,4.6305
2016-12-14,South,Furniture,Furnishings,133.38,58.6872
2016-12-14,West,Furniture,Chairs,81.424,-9.1602
2016-12-14,West,Office Supplies,Storage,134.8,35.048
2016-12-15,Central,Furniture,Tables,1652.94,231.4116
2016-12-15,Central,Office Supplies,Storage,296.37,80.0199
2016-12-15,East,Office Supplies,Binders,2.214,-1.476
2016-12-15,South,Office Supplies,Paper,19.44,9.3312
2016-12-15,West,Furniture,Furnishings,14.76,4.2804
2016-12-15,West,Furniture,Tables,564.195,-304.6653
2016-12-15,West,Office Supplies,Appliances,87.168,8.7168
2016-12-16,Central,Office Supplies,Binders,4.788,-7.9002
2016-12-16,East,Office Supplies,Fasteners,3.68,1.8032
2016-12-16,South,Office Supplies,Appliances,34.944,3.0576
2016-12-16,West,Furniture,Chairs,563.92,7.049
2016-12-16,West,Technology,Accessories,21.21,4.4541
2016-12-17,Central,Office Supplies,Binders,9892.74,4946.37
2016-12-17,Central,Office Supplies,Paper,51.84,18.144
2016-12-17,Central,Technology,Accessories,165.6,-6.21
2016-12-17,West,Furniture,Tables,2003.52,-325.572
2016-12-17,West,Office Supplies,Binders,24.904,8.2365
2016-12-17,West,Office Supplies,Storage,46.53,13.0284
2016-12-18,Central,Furniture,Chairs,563.94,112.788
2016-12-18,Central,Furniture,Furnishings,18.84,6.0288
2016-12-18,East,Office Supplies,Binders,1793.98,843.1706
2016-12-18,East,Office Supplies,Storage,900.08,117.0104
2016-12-18,South,Office Supplies,Appliances,194.528,24.316
2016-12-18,South,Office Supplies,Binders,254.058,-169.372
2016-12-18,South,Office Supplies,Supplies,961.48,-204.3145
2016-12-18,West,Furniture,Furnishings,223.76,73.6832
2016-12-18,West,Furniture,Tables,377.45,-264.215
2016-12-18,West,Office Supplies,Art,18.688,2.336
2016-12-18,West,Office Supplies,Binders,45.24,-30.16
2016-12-18,West,Office Supplies,Labels,15.936,5.1792
2016-12-18,West,Office Supplies,Paper,50.528000000000006,22.448
2016-12-18,West,Office Supplies,Supplies,579.3,28.965
2016-12-18,West,Technology,Accessories,957.886,160.10309999999998
2016-12-18,West,Technology,Phones,95.656,-0.4723999999999995
2016-12-19,Central,Office Supplies,Binders,1.8,-2.88
2016-12-19,East,Furniture,Furnishings,303.92,-30.392
2016-12-19,East,Office Supplies,Art,3.52,1.0208
2016-12-19,East,Office Supplies,Binders,34.248,11.5587
2016-12-19,West,Furniture,Tables,455.97,-218.8656
2016-12-19,West,Office Supplies,Binders,15.654,-11.8272
2016-12-20,Central,Office Supplies,Paper,33.9,15.594
2016-12-20,South,Furniture,Furnishings,18.92,7.3788
2016-12-20,South,Office Supplies,Binders,15.42,6.939
2016-12-20,South,Technology,Accessories,66.3,8.619
2016-12-22,East,Office Supplies,Binders,25.584,8.9544
2016-12-22,West,Furniture,Furnishings,919.3040000000001,221.11200000000002
2016-12-22,West,Office Supplies,Binders,86.68,-5.68
2016-12-22,West,Technology,Machines,11.56,3.757
2016-12-23,Central,Furniture,Bookcases,141.372,-14.1372
2016-12-23,Central,Furniture,Furnishings,2.328,-0.7566
2016-12-23,Central,Office Supplies,Fasteners,24.85,11.6795
2016-12-23,Central,Office Supplies,Labels,45.36,14.742
2016-12-23,Central,Technology,Phones,873.336,90.5094
2016-12-23,East,Office Supplies,Binders,5.553,-4.0722
2016-12-23,East,Office Supplies,Paper,7.968,2.6892
2016-12-23,East,Technology,Copiers,1999.96,899.982
2016-12-23,East,Technology,Phones,1499.97,-374.9925
2016-12-23,South,Furniture,Furnishings,859.14,249.1506
2016-12-23,West,Office Supplies,Art,13.02,3.7337999999999996
2016-12-23,West,Office Supplies,Envelopes,61.96,30.3604
2016-12-23,West,Office Supplies,Paper,85.84,41.2032
2016-12-23,West,Office Supplies,Storage,1345.2,58.168800000000005
2016-12-24,East,Furniture,Furnishings,799.56,207.8856
2016-12-24,East,Technology,Phones,197.97,53.4519
2016-12-24,South,Office Supplies,Binders,27.882,-20.4468
2016-12-24,South,Office Supplies,Storage,540.048,-47.2542
2016-12-24,South,Technology,Accessories,255.68,76.704
2016-12-24,West,Furniture,Furnishings,43.96,18.4632
2016-12-24,West,Office Supplies,Envelopes,39.76,18.6872
2016-12-24,West,Office Supplies,Paper,33.4,16.032
2016-12-25,East,Furniture,Chairs,3429.702,486.59159999999997
2016-12-25,East,Furniture,Furnishings,21.12,6.5472
2016-12-25,East,Furniture,Tables,313.176,-120.0508
2016-12-25,East,Office Supplies,Binders,33.568,11.7488
2016-12-25,South,Furniture,Furnishings,343.85,137.54
2016-12-25,South,Office Supplies,Art,19.89,5.3703
2016-12-25,South,Office Supplies,Paper,106.32,49.9704
2016-12-25,South,Technology,Accessories,399.98,171.9914
2016-12-25,West,Furniture,Chairs,746.3199999999999,56.5736
2016-12-25,West,Furniture,Tables,1782.695,604.9073999999999
2016-12-25,West,Office Supplies,Paper,45.36,21.7728
2016-12-25,West,Technology,Accessories,400.15999999999997,89.796
2016-12-25,West,Technology,Machines,269.97,-386.957
2016-12-25,West,Technology,Phones,2575.944,257.5944
2016-12-26,East,Furniture,Chairs,212.94,25.5528
2016-12-26,East,Office Supplies,Appliances,26.49,7.4172
2016-12-26,East,Office Supplies,Binders,4.992,1.6848
2016-12-26,East,Technology,Accessories,89.97,18.8937
2016-12-26,West,Furniture,Chairs,146.352,-5.4882
2016-12-26,West,Furniture,Tables,902.712,33.8517
2016-12-26,West,Office Supplies,Appliances,26.619999999999997,5.564
2016-12-26,West,Office Supplies,Art,65.298,17.6604
2016-12-26,West,Office Supplies,Paper,33.9,15.594
2016-12-26,West,Office Supplies,Supplies,17.76,4.9728
2016-12-26,West,Technology,Phones,302.384,30.2384
2016-12-27,Central,Furniture,Chairs,845.488,-12.0784
2016-12-27,Central,Office Supplies,Paper,34.048,11.0288
2016-12-27,East,Office Supplies,Fasteners,17.184,6.2292
2016-12-27,East,Technology,Accessories,40.0,0.5
2016-12-27,South,Office Supplies,Labels,2.61,1.2006
2016-12-27,West,Office Supplies,Labels,20.16,9.8784
2016-12-29,Central,Furniture,Chairs,754.45,60.356
2016-12-29,Central,Furniture,Furnishings,70.56,23.9904
2016-12-29,Central,Office Supplies,Appliances,81.96,22.9488
2016-12-29,Central,Office Supplies,Paper,186.048,67.4424
2016-12-29,South,Office Supplies,Binders,40.896,-29.8968
2016-12-29,South,Office Supplies,Paper,62.752,21.9632
2016-12-29,West,Office Supplies,Binders,11.232,3.9312
2016-12-29,West,Office Supplies,Envelopes,27.792,10.422
2016-12-29,West,Office Supplies,Storage,14.03,4.0687
2016-12-29,West,Office Supplies,Supplies,27.96,7.2696
2016-12-30,Central,Office Supplies,Binders,6.924,-10.386
2016-12-30,East,Furniture,Chairs,170.786,0.0
2016-12-30,East,Office Supplies,Art,16.52,1.652
2016-12-30,East,Office Supplies,Labels,5.904,1.9926
2016-12-30,East,Office Supplies,Supplies,13.712,1.0284
2016-12-30,South,Office Supplies,Paper,72.224,25.2784
2016-12-30,West,Office Supplies,Binders,6.384,2.1546
2016-12-30,West,Office Supplies,Storage,481.32,125.1432
2016-12-31,East,Office Supplies,Storage,156.512,-35.2152
2016-12-31,South,Office Supplies,Art,47.616,3.5712
2016-12-31,South,Office Supplies,Paper,23.48,8.218
2016-12-31,West,Office Supplies,Art,3.64,1.638
2016-12-31,West,Office Supplies,Binders,198.144,67.3533
2016-12-31,West,Technology,Phones,302.376,22.6782
2017-01-01,Central,Furniture,Chairs,310.744,-26.6352
2017-01-01,Central,Furniture,Furnishings,141.42,-187.3815
2017-01-01,Central,Office Supplies,Appliances,15.224,-38.8212
2017-01-01,Central,Office Supplies,Art,12.736,2.2288
2017-01-01,Central,Office Supplies,Binders,23.817999999999998,-30.6612
2017-01-01,Central,Office Supplies,Storage,454.56,-107.958
2017-01-01,East,Furniture,Furnishings,48.896,8.5568
2017-01-01,West,Furniture,Furnishings,474.43,199.2606
2017-01-02,Central,Furniture,Tables,913.43,-169.637
2017-01-02,Central,Office Supplies,Appliances,5.432,-13.58
2017-01-02,Central,Office Supplies,Art,31.744,3.968
2017-01-02,Central,Office Supplies,Storage,372.144,27.9108
2017-01-02,South,Office Supplies,Binders,44.513999999999996,-33.6876
2017-01-02,South,Technology,Machines,695.7,-27.828
2017-01-02,West,Technology,Accessories,16.59,5.8065
2017-01-03,West,Office Supplies,Art,9.12,3.1008
2017-01-03,West,Office Supplies,Binders,2022.272,682.5168
2017-01-03,West,Office Supplies,Paper,38.88,18.6624
2017-01-06,South,Office Supplies,Binders,33.74,15.5204
2017-01-07,Central,Technology,Machines,3059.982,679.996
2017-01-07,South,Office Supplies,Binders,2.808,-1.9656
2017-01-07,West,Office Supplies,Fasteners,7.89,3.5505
2017-01-07,West,Office Supplies,Storage,214.8,45.2064
2017-01-07,West,Office Supplies,Supplies,110.11,31.9319
2017-01-08,West,Furniture,Tables,892.98,80.3682
2017-01-09,East,Office Supplies,Binders,274.491,-228.7425
2017-01-12,Central,Office Supplies,Binders,760.98,-1141.47
2017-01-12,East,Furniture,Furnishings,37.68,15.8256
2017-01-12,East,Office Supplies,Paper,40.08,19.2384
2017-01-12,West,Office Supplies,Envelopes,9.78,4.89
2017-01-13,Central,Furniture,Bookcases,212.94,53.235
2017-01-13,Central,Office Supplies,Art,209.94,54.5844
2017-01-13,Central,Office Supplies,Paper,32.4,15.552
2017-01-13,Central,Office Supplies,Supplies,4164.05,83.281
2017-01-14,Central,Furniture,Furnishings,18.96,8.532
2017-01-14,Central,Office Supplies,Fasteners,2.52,0.1008
2017-01-14,Central,Office Supplies,Paper,11.34,5.5566
2017-01-14,Central,Office Supplies,Storage,86.16000000000001,22.7768
2017-01-14,Central,Technology,Accessories,171.92000000000002,72.85719999999999
2017-01-14,Central,Technology,Phones,67.8,1.356
2017-01-14,South,Office Supplies,Binders,8.478,-6.4162
2017-01-14,South,Office Supplies,Envelopes,40.08,13.985399999999998
2017-01-14,South,Office Supplies,Paper,36.288,12.7008
2017-01-14,South,Technology,Phones,119.904,7.691999999999999
2017-01-14,West,Office Supplies,Paper,154.9,69.705
2017-01-14,West,Office Supplies,Storage,168.624,14.7546
2017-01-14,West,Technology,Accessories,169.064,-14.7931
2017-01-15,Central,Office Supplies,Binders,37.06,-59.0822
2017-01-15,Central,Technology,Accessories,110.576,27.696
2017-01-15,East,Office Supplies,Appliances,1958.544,316.5442
2017-01-15,East,Office Supplies,Paper,12.7,5.842
2017-01-15,West,Office Supplies,Art,21.4,6.206
2017-01-16,Central,Furniture,Chairs,302.67,72.6408
2017-01-16,Central,Office Supplies,Binders,5443.96,2504.2216
2017-01-16,Central,Office Supplies,Paper,56.07,25.2315
2017-01-16,West,Furniture,Furnishings,27.92,8.0968
2017-01-16,West,Furniture,Tables,399.672,-14.9877
2017-01-19,Central,Office Supplies,Labels,6.0,2.1
2017-01-19,East,Furniture,Chairs,887.271,-63.3765
2017-01-19,East,Furniture,Furnishings,31.968,6.3936
2017-01-19,East,Office Supplies,Appliances,542.94,152.0232
2017-01-19,East,Office Supplies,Envelopes,2.04,0.9588
2017-01-19,East,Office Supplies,Paper,113.896,50.3852
2017-01-19,East,Technology,Phones,429.6,-93.08
2017-01-20,Central,Office Supplies,Labels,11.52,4.176
2017-01-20,East,Furniture,Chairs,207.846,2.3094
2017-01-20,East,Office Supplies,Art,3.52,1.0208
2017-01-20,West,Office Supplies,Art,24.2,7.986
2017-01-20,West,Technology,Phones,520.752,140.53979999999999
2017-01-21,Central,Office Supplies,Binders,103.92,49.130399999999995
2017-01-21,Central,Office Supplies,Envelopes,268.576,90.6444
2017-01-21,Central,Technology,Accessories,619.95,111.591
2017-01-21,Central,Technology,Machines,350.973,152.0883
2017-01-21,Central,Technology,Phones,164.99,49.497
2017-01-21,South,Office Supplies,Binders,35.784,-28.6272
2017-01-21,South,Office Supplies,Storage,348.208,30.4682
2017-01-21,West,Furniture,Bookcases,84.98,18.6956
2017-01-21,West,Office Supplies,Binders,146.352,49.62779999999999
2017-01-21,West,Office Supplies,Storage,242.94,9.7176
2017-01-21,West,Technology,Accessories,179.97,86.3856
2017-01-22,Central,Office Supplies,Art,7.872,0.8856
2017-01-22,Central,Office Supplies,Fasteners,15.12,4.914
2017-01-22,West,Office Supplies,Paper,11.96,5.382
2017-01-22,West,Office Supplies,Storage,1177.47,70.1925
2017-01-22,West,Technology,Copiers,2999.95,1379.977
2017-01-23,Central,Furniture,Tables,210.98,21.098
2017-01-23,West,Office Supplies,Binders,24.618,3.2668
2017-01-23,West,Office Supplies,Paper,32.400000000000006,15.552
2017-01-23,West,Technology,Accessories,95.984,11.998
2017-01-23,West,Technology,Phones,86.352,8.6352
2017-01-24,South,Office Supplies,Fasteners,5.67,0.1134
2017-01-24,West,Office Supplies,Appliances,25.86,6.7236
2017-01-24,West,Office Supplies,Binders,276.784,89.9548
2017-01-24,West,Technology,Phones,110.352,8.2764
2017-01-26,Central,Office Supplies,Storage,18.16,1.816
2017-01-26,South,Furniture,Furnishings,62.72,24.4608
2017-01-26,South,Office Supplies,Art,15.47,4.1769
2017-01-26,South,Office Supplies,Binders,7.16,3.4368
2017-01-26,South,Technology,Phones,2939.93,764.3818
2017-01-26,West,Office Supplies,Fasteners,11.84,5.6832
2017-01-27,East,Office Supplies,Art,14.016,1.752
2017-01-27,East,Technology,Accessories,71.976,-8.997
2017-01-27,East,Technology,Phones,245.922,8.868900000000004
2017-01-28,Central,Office Supplies,Paper,279.9,137.151
2017-01-28,East,Technology,Accessories,449.91,157.4685
2017-01-28,West,Furniture,Furnishings,37.74,12.8316
2017-01-28,West,Technology,Accessories,239.97,26.3967
2017-01-29,Central,Furniture,Furnishings,14.91,4.6221
2017-01-29,Central,Office Supplies,Binders,12.128,-20.6176
2017-01-29,Central,Office Supplies,Paper,107.81,51.748799999999996
2017-01-29,Central,Office Supplies,Storage,13.48,3.5048
2017-01-29,East,Office Supplies,Art,4.768,0.4768
2017-01-29,East,Office Supplies,Labels,5.22,2.4012
2017-01-29,West,Office Supplies,Art,8.34,2.1684
2017-01-29,West,Office Supplies,Binders,119.616,40.3704
2017-01-29,West,Office Supplies,Supplies,8.57,2.2282
2017-01-30,Central,Furniture,Furnishings,34.58,14.5236
2017-01-30,Central,Furniture,Tables,69.375,-47.175
2017-01-30,Central,Office Supplies,Art,49.644,14.034600000000001
2017-01-30,Central,Office Supplies,Binders,58.34,28.7845
2017-01-30,Central,Office Supplies,Supplies,31.68,2.772
2017-01-30,Central,Technology,Phones,2210.1679999999997,302.14599999999996
2017-01-30,South,Furniture,Chairs,419.136,-68.1096
2017-01-30,West,Furniture,Chairs,120.784,-13.5882
2017-01-30,West,Office Supplies,Art,21.560000000000002,8.1144
2017-01-30,West,Office Supplies,Storage,129.3,6.465
2017-01-30,West,Technology,Phones,604.768,60.4768
2017-02-02,East,Office Supplies,Fasteners,21.456,6.9732
2017-02-02,East,Office Supplies,Paper,78.304,29.364
2017-02-02,East,Technology,Phones,59.97,-11.994
2017-02-02,West,Furniture,Furnishings,296.84000000000003,41.9632
2017-02-02,West,Office Supplies,Appliances,46.8,16.38
2017-02-02,West,Office Supplies,Binders,30.96,10.062
2017-02-02,West,Office Supplies,Storage,139.04,38.9312
2017-02-02,West,Technology,Machines,239.984,38.9974
2017-02-03,Central,Furniture,Furnishings,22.2,-26.085
2017-02-03,Central,Office Supplies,Paper,490.168,172.3786
2017-02-03,East,Office Supplies,Binders,5.229,-4.1832
2017-02-03,East,Office Supplies,Storage,285.552,35.694
2017-02-03,South,Office Supplies,Binders,3.882,-2.588
2017-02-03,South,Office Supplies,Paper,115.296,40.3536
2017-02-04,East,Office Supplies,Appliances,32.67,8.4942
2017-02-05,Central,Office Supplies,Art,7.12,0.712
2017-02-05,Central,Office Supplies,Binders,243.992,-426.986
2017-02-05,West,Office Supplies,Appliances,1640.7,459.396
2017-02-05,West,Technology,Phones,371.2,41.76
2017-02-06,East,Furniture,Bookcases,240.784,30.098
2017-02-06,East,Office Supplies,Binders,46.24,15.606
2017-02-06,East,Technology,Phones,227.46,65.9634
2017-02-06,South,Furniture,Bookcases,359.97,79.1934
2017-02-06,West,Office Supplies,Paper,29.9,13.455
2017-02-09,Central,Furniture,Furnishings,3.984,-2.6892
2017-02-09,Central,Office Supplies,Appliances,12.992,-32.48
2017-02-09,Central,Office Supplies,Binders,252.784,-417.0936
2017-02-09,Central,Technology,Accessories,127.984,15.998
2017-02-09,West,Furniture,Furnishings,21.12,6.5472
2017-02-09,West,Office Supplies,Storage,354.9,17.745
2017-02-10,East,Office Supplies,Paper,23.12,11.3288
2017-02-10,West,Furniture,Bookcases,203.983,16.7986
2017-02-11,East,Furniture,Furnishings,147.568,-3.6892
2017-02-11,East,Office Supplies,Labels,20.7,9.936
2017-02-11,West,Furniture,Chairs,963.136,108.3528
2017-02-11,West,Office Supplies,Binders,21.336,7.7343
2017-02-11,West,Technology,Phones,88.776,7.7679
2017-02-13,Central,Office Supplies,Appliances,90.64,38.9752
2017-02-13,East,Office Supplies,Art,10.71,2.7846
2017-02-13,East,Office Supplies,Paper,17.94,8.7906
2017-02-13,East,Office Supplies,Supplies,25.02,6.5052
2017-02-13,West,Furniture,Furnishings,107.53,21.506
2017-02-13,West,Office Supplies,Art,6.63,1.7901
2017-02-13,West,Technology,Accessories,799.96,343.9828
2017-02-16,Central,Furniture,Chairs,600.558,-8.5794
2017-02-16,Central,Furniture,Furnishings,7.692,-3.6537
2017-02-16,Central,Office Supplies,Art,28.032,3.504
2017-02-16,Central,Office Supplies,Fasteners,18.368,6.1992
2017-02-16,Central,Office Supplies,Storage,50.352,-8.1822
2017-02-16,East,Office Supplies,Paper,37.94,18.2112
2017-02-16,East,Office Supplies,Storage,579.51,81.1314
2017-02-16,East,Technology,Phones,14.99,7.3451
2017-02-17,Central,Furniture,Bookcases,89.0664,-17.0274
2017-02-17,Central,Furniture,Tables,480.96,-269.3376
2017-02-17,Central,Office Supplies,Art,175.44,52.632
2017-02-17,Central,Technology,Phones,563.128,-76.74789999999999
2017-02-17,East,Furniture,Chairs,899.43,-12.849
2017-02-17,East,Furniture,Furnishings,30.144,8.2896
2017-02-17,East,Furniture,Tables,455.97,-106.393
2017-02-17,East,Office Supplies,Binders,5.715,-4.7625
2017-02-17,East,Office Supplies,Paper,11.76,5.7624
2017-02-17,East,Office Supplies,Storage,166.45,39.948
2017-02-17,East,Technology,Phones,57.594,-11.5188
2017-02-17,South,Technology,Phones,29.16,8.4564
2017-02-18,West,Office Supplies,Labels,9.82,4.8118
2017-02-18,West,Technology,Accessories,109.53,47.0979
2017-02-18,West,Technology,Phones,167.976,10.4985
2017-02-19,South,Office Supplies,Appliances,1245.86,361.2994
2017-02-19,West,Furniture,Furnishings,44.67,12.0609
2017-02-19,West,Office Supplies,Art,12.84,3.4668
2017-02-19,West,Office Supplies,Fasteners,11.22,0.2244
2017-02-20,Central,Office Supplies,Appliances,13.11,3.4086
2017-02-20,Central,Office Supplies,Art,6.56,1.9024
2017-02-20,West,Furniture,Furnishings,90.934,23.6531
2017-02-20,West,Furniture,Tables,386.91,-185.7168
2017-02-20,West,Office Supplies,Envelopes,10.64,3.857
2017-02-20,West,Office Supplies,Fasteners,9.432,3.0654
2017-02-20,West,Office Supplies,Storage,51.168,-6.396
2017-02-20,West,Technology,Accessories,31.992,4.7988
2017-02-20,West,Technology,Phones,549.544,43.915400000000005
2017-02-21,Central,Technology,Accessories,47.904,-2.994
2017-02-23,West,Office Supplies,Fasteners,8.4,0.336
2017-02-23,West,Office Supplies,Paper,37.44,16.848
2017-02-23,West,Technology,Phones,71.96,25.186
2017-02-24,East,Office Supplies,Binders,4.956,-3.7996
2017-02-24,East,Office Supplies,Paper,123.92,38.725
2017-02-24,East,Technology,Accessories,1319.8,214.4675
2017-02-25,Central,Office Supplies,Binders,1.788,-3.0396
2017-02-25,South,Furniture,Bookcases,231.92,5.798
2017-02-25,South,Furniture,Chairs,196.784,-22.1382
2017-02-26,West,Furniture,Chairs,892.224,89.2224
2017-02-26,West,Furniture,Furnishings,91.96,15.6332
2017-02-26,West,Office Supplies,Appliances,438.71000000000004,122.0196
2017-02-26,West,Office Supplies,Paper,276.64,134.3696
2017-02-26,West,Technology,Phones,1148.112,86.10839999999999
2017-02-28,East,Office Supplies,Binders,9.84,4.7232
2017-02-28,East,Office Supplies,Paper,7.78,3.501
2017-03-02,Central,Office Supplies,Binders,12.777999999999999,-21.1115
2017-03-02,Central,Office Supplies,Supplies,6.976,-1.3952
2017-03-02,East,Furniture,Bookcases,441.96,101.6508
2017-03-02,East,Office Supplies,Art,59.52,15.4752
2017-03-02,East,Office Supplies,Binders,18.528,-12.352
2017-03-02,East,Office Supplies,Envelopes,57.96,27.2412
2017-03-02,East,Office Supplies,Paper,68.04,33.3396
2017-03-02,West,Office Supplies,Binders,107.648,33.64
2017-03-02,West,Technology,Accessories,479.94,52.7934
2017-03-02,West,Technology,Phones,196.776,14.7582
2017-03-03,Central,Furniture,Chairs,180.98,47.0548
2017-03-03,Central,Office Supplies,Paper,26.88,9.744
2017-03-03,Central,Technology,Accessories,99.98,42.9914
2017-03-03,South,Office Supplies,Appliances,72.8,19.656
2017-03-03,West,Furniture,Chairs,170.352,-17.0352
2017-03-03,West,Furniture,Tables,399.672,-14.9877
2017-03-03,West,Technology,Accessories,1049.44,440.7648
2017-03-04,Central,Furniture,Furnishings,103.5,-77.625
2017-03-04,Central,Office Supplies,Labels,2.464,0.8624
2017-03-04,Central,Office Supplies,Paper,89.568,32.4684
2017-03-04,Central,Office Supplies,Storage,8.72,0.654
2017-03-04,West,Office Supplies,Art,9.32,2.7028
2017-03-04,West,Office Supplies,Envelopes,15.25,7.015
2017-03-05,Central,Office Supplies,Binders,146.65,71.8585
2017-03-05,Central,Office Supplies,Fasteners,7.9,2.528
2017-03-05,Central,Office Supplies,Labels,25.06,11.7782
2017-03-05,Central,Office Supplies,Storage,221.16,57.5016
2017-03-05,South,Office Supplies,Appliances,262.24,78.672
2017-03-05,South,Office Supplies,Binders,234.36,112.4928
2017-03-05,South,Office Supplies,Envelopes,42.68,19.6328
2017-03-05,South,Technology,Accessories,299.97,125.9874
2017-03-06,Central,Office Supplies,Art,63.488,4.7616
2017-03-06,Central,Office Supplies,Labels,4.928,1.7248
2017-03-06,East,Furniture,Furnishings,71.97,16.5531
2017-03-06,East,Office Supplies,Paper,26.38,12.1348
2017-03-06,West,Office Supplies,Art,23.88,8.1192
2017-03-06,West,Office Supplies,Binders,14.976,5.4288
2017-03-06,West,Office Supplies,Labels,11.52,5.6448
2017-03-06,West,Office Supplies,Paper,286.93,140.5957
2017-03-06,West,Office Supplies,Storage,67.78,16.945
2017-03-06,West,Technology,Phones,206.384,23.2182
2017-03-07,East,Office Supplies,Binders,25.92,9.072
2017-03-07,East,Office Supplies,Labels,91.59,42.1314
2017-03-07,East,Technology,Accessories,49.08,4.908
2017-03-08,South,Office Supplies,Appliances,647.84,168.4384
2017-03-08,South,Office Supplies,Labels,20.7,9.936
2017-03-08,West,Office Supplies,Art,3.36,0.8736
2017-03-08,West,Office Supplies,Binders,171.2,64.2
2017-03-09,West,Office Supplies,Binders,30.84,9.6375
2017-03-09,West,Technology,Accessories,199.98,69.993
2017-03-09,West,Technology,Copiers,479.984,59.998
2017-03-10,Central,Furniture,Tables,933.408,-173.3472
2017-03-10,East,Furniture,Furnishings,50.568,12.018600000000001
2017-03-10,East,Office Supplies,Art,5.248,0.5904
2017-03-10,East,Technology,Phones,89.892,-19.1754
2017-03-10,South,Office Supplies,Appliances,48.784,3.6588
2017-03-10,South,Office Supplies,Binders,13.092,-10.0372
2017-03-10,West,Technology,Accessories,111.96,21.2724
2017-03-11,Central,Office Supplies,Binders,895.92,421.0824
2017-03-11,East,Furniture,Furnishings,26.72,11.7568
2017-03-11,East,Furniture,Tables,154.764,-46.4292
2017-03-11,East,Office Supplies,Binders,12.294,-8.6058
2017-03-11,East,Office Supplies,Storage,43.28,3.246
2017-03-11,East,Technology,Accessories,63.88,24.9132
2017-03-11,East,Technology,Phones,776.85,-181.265
2017-03-12,East,Technology,Phones,69.93,32.1678
2017-03-12,South,Office Supplies,Binders,40.41,18.5886
2017-03-12,West,Office Supplies,Storage,242.94,9.7176
2017-03-13,Central,Furniture,Chairs,89.768,-2.5648
2017-03-13,Central,Office Supplies,Art,49.216,4.0488
2017-03-13,Central,Office Supplies,Paper,15.552,5.6376
2017-03-13,Central,Technology,Copiers,959.984,335.9944
2017-03-13,Central,Technology,Machines,209.986,8.9994
2017-03-13,Central,Technology,Phones,42.352,-4.7041
2017-03-13,East,Office Supplies,Appliances,465.16,120.9416
2017-03-13,East,Office Supplies,Binders,205.18,97.361
2017-03-13,East,Office Supplies,Paper,27.12,12.4752
2017-03-13,East,Technology,Phones,299.9,74.975
2017-03-13,West,Office Supplies,Paper,648.1500000000001,311.11199999999997
2017-03-13,West,Office Supplies,Storage,90.8,25.424
2017-03-13,West,Office Supplies,Supplies,1332.496,-299.8116
2017-03-13,West,Technology,Accessories,214.95,88.1295
2017-03-13,West,Technology,Phones,140.736,49.2576
2017-03-14,Central,Technology,Phones,49.616,4.9616
2017-03-16,East,Furniture,Furnishings,51.264,7.6896
2017-03-16,East,Office Supplies,Binders,5.193,-3.462
2017-03-16,East,Office Supplies,Storage,54.224,3.389
2017-03-16,East,Technology,Accessories,159.984,43.9956
2017-03-16,East,Technology,Phones,489.816,-89.06
2017-03-16,West,Office Supplies,Appliances,140.67,54.8613
2017-03-16,West,Office Supplies,Binders,90.144,29.788800000000002
2017-03-16,West,Office Supplies,Paper,6.48,3.1104
2017-03-16,West,Office Supplies,Storage,356.63,82.4916
2017-03-16,West,Technology,Phones,659.976,49.4982
2017-03-17,Central,Office Supplies,Binders,13.776,-22.0416
2017-03-17,Central,Office Supplies,Paper,10.272,3.21
2017-03-17,East,Office Supplies,Art,59.1,22.458
2017-03-17,East,Office Supplies,Binders,9.144,3.0861
2017-03-17,East,Office Supplies,Labels,26.06,12.4357
2017-03-17,East,Office Supplies,Storage,153.97,40.0322
2017-03-17,East,Technology,Accessories,128.66,31.8632
2017-03-17,East,Technology,Phones,119.7,31.122
2017-03-17,South,Office Supplies,Labels,4.608,1.6704
2017-03-17,West,Office Supplies,Binders,17.456,5.8914
2017-03-18,Central,Furniture,Furnishings,82.524,-41.262
2017-03-18,Central,Office Supplies,Appliances,2.688,-7.392
2017-03-18,Central,Office Supplies,Art,23.832,6.5538
2017-03-18,Central,Office Supplies,Binders,182.994,-320.2395
2017-03-18,Central,Technology,Accessories,27.816,4.5201
2017-03-18,Central,Technology,Phones,537.544,47.0351
2017-03-18,West,Office Supplies,Appliances,90.86,26.3494
2017-03-18,West,Office Supplies,Art,60.1,25.005
2017-03-18,West,Office Supplies,Envelopes,19.4,9.312
2017-03-19,East,Office Supplies,Art,8.94,2.4138
2017-03-19,East,Office Supplies,Labels,28.91,13.2986
2017-03-19,West,Furniture,Furnishings,30.93,12.6813
2017-03-19,West,Furniture,Tables,697.16,8.7145
2017-03-19,West,Office Supplies,Appliances,381.36,106.7808
2017-03-19,West,Office Supplies,Binders,61.944,21.0889
2017-03-19,West,Technology,Accessories,299.5,96.9322
2017-03-19,West,Technology,Phones,657.504,-131.5008
2017-03-20,Central,Furniture,Furnishings,2.91,1.3677
2017-03-20,Central,Office Supplies,Paper,330.76800000000003,121.91159999999999
2017-03-20,East,Office Supplies,Paper,61.96,27.882
2017-03-20,East,Technology,Accessories,238.0,38.08
2017-03-20,West,Technology,Accessories,265.93,63.8232
2017-03-21,Central,Furniture,Chairs,1805.88,523.7052
2017-03-21,Central,Office Supplies,Paper,283.17999999999995,135.9842
2017-03-21,East,Office Supplies,Envelopes,8.856,2.8782
2017-03-21,South,Office Supplies,Appliances,64.384,8.048
2017-03-21,West,Furniture,Furnishings,22.14,6.4206
2017-03-21,West,Office Supplies,Binders,50.016000000000005,17.1528
2017-03-21,West,Office Supplies,Fasteners,13.02,0.3906
2017-03-21,West,Office Supplies,Storage,1085.16,217.67999999999998
2017-03-23,Central,Office Supplies,Storage,143.728,-32.3388
2017-03-23,East,Office Supplies,Paper,25.68,11.556
2017-03-23,East,Office Supplies,Supplies,347.58,17.379
2017-03-23,West,Furniture,Furnishings,211.84,76.2624
2017-03-23,West,Office Supplies,Binders,34.76,11.297
2017-03-23,West,Office Supplies,Paper,20.04,9.6192
2017-03-23,West,Office Supplies,Storage,32.48,4.872
2017-03-23,West,Technology,Copiers,13999.96,6719.9808
2017-03-24,Central,Office Supplies,Storage,12.768,0.9576
2017-03-24,East,Furniture,Chairs,479.61,62.70140000000001
2017-03-24,East,Office Supplies,Envelopes,47.01,22.0947
2017-03-24,East,Office Supplies,Paper,221.92,106.5216
2017-03-24,East,Technology,Accessories,26.0,11.7
2017-03-24,East,Technology,Phones,469.99,136.2971
2017-03-25,Central,Furniture,Chairs,1986.52,482.5819
2017-03-25,Central,Office Supplies,Paper,6.848,2.14
2017-03-25,Central,Technology,Phones,470.376,47.0376
2017-03-25,East,Office Supplies,Art,11.05,2.9835
2017-03-25,West,Office Supplies,Appliances,176.04,45.7704
2017-03-25,West,Office Supplies,Art,39.120000000000005,11.4156
2017-03-25,West,Office Supplies,Binders,185.92,62.748
2017-03-25,West,Technology,Copiers,479.984,59.998
2017-03-25,West,Technology,Phones,211.168,15.8376
2017-03-26,Central,Furniture,Furnishings,60.84,23.1192
2017-03-26,Central,Office Supplies,Appliances,87.168,-226.6368
2017-03-26,Central,Office Supplies,Paper,74.352,23.235
2017-03-26,Central,Office Supplies,Storage,32.232,2.4174
2017-03-26,Central,Technology,Accessories,143.96,1.7995
2017-03-26,Central,Technology,Copiers,2399.96,569.9905
2017-03-26,East,Furniture,Bookcases,257.568,-28.9764
2017-03-26,East,Technology,Phones,119.96,33.5888
2017-03-26,South,Office Supplies,Fasteners,3.76,1.316
2017-03-26,South,Technology,Accessories,53.25,20.7675
2017-03-26,West,Office Supplies,Art,19.83,5.949
2017-03-27,Central,Furniture,Bookcases,1023.332,-30.098
2017-03-27,Central,Furniture,Chairs,811.804,-74.971
2017-03-27,Central,Technology,Accessories,39.992,6.9986
2017-03-27,East,Furniture,Furnishings,15.008,1.5008
2017-03-27,South,Furniture,Tables,292.1,58.42
2017-03-27,South,Office Supplies,Binders,17.76,8.88
2017-03-27,South,Office Supplies,Labels,8.26,3.7996
2017-03-27,South,Office Supplies,Paper,17.64,8.1144
2017-03-27,South,Office Supplies,Storage,332.94,9.9882
2017-03-27,South,Technology,Phones,206.1,55.647
2017-03-27,West,Office Supplies,Paper,168.58,80.2436
2017-03-28,South,Office Supplies,Binders,68.742,-48.1194
2017-03-28,West,Furniture,Furnishings,48.04,16.9616
2017-03-28,West,Office Supplies,Paper,59.72,28.7952
2017-03-28,West,Office Supplies,Storage,795.48,7.9548
2017-03-28,West,Technology,Machines,532.72,53.272
2017-03-29,Central,Office Supplies,Storage,81.4,21.164
2017-03-30,Central,Office Supplies,Envelopes,325.86,149.8956
2017-03-30,East,Office Supplies,Binders,5.715,-4.7625
2017-03-30,South,Office Supplies,Storage,59.76,16.7328
2017-03-30,West,Furniture,Furnishings,94.2,39.564
2017-03-30,West,Office Supplies,Art,6.08,2.0672
2017-03-30,West,Technology,Phones,164.792,18.5391
2017-03-31,Central,Furniture,Bookcases,205.3328,-36.2352
2017-03-31,Central,Office Supplies,Appliances,33.62,-90.774
2017-03-31,Central,Office Supplies,Binders,13.468,-22.8956
2017-03-31,East,Furniture,Furnishings,29.78,8.0406
2017-03-31,East,Office Supplies,Paper,75.04,36.0192
2017-03-31,East,Technology,Phones,762.5300000000001,198.2578
2017-03-31,South,Furniture,Furnishings,61.0,25.62
2017-03-31,South,Office Supplies,Binders,98.66,48.0476
2017-03-31,South,Technology,Copiers,2999.95,1439.976
2017-03-31,South,Technology,Phones,671.93,188.1404
2017-03-31,West,Office Supplies,Supplies,29.7,8.019
2017-04-01,Central,Office Supplies,Envelopes,28.4,13.348
2017-04-01,Central,Office Supplies,Storage,94.2,23.55
2017-04-01,East,Office Supplies,Paper,42.93,19.3185
2017-04-01,South,Furniture,Chairs,218.352,-19.1058
2017-04-01,South,Furniture,Furnishings,127.95,21.7515
2017-04-01,South,Office Supplies,Appliances,20.808,1.8207
2017-04-01,South,Office Supplies,Labels,6.264,2.0358
2017-04-01,South,Technology,Phones,23.976,-5.6943
2017-04-01,West,Furniture,Bookcases,482.664,85.176
2017-04-01,West,Office Supplies,Binders,121.68,38.025
2017-04-01,West,Office Supplies,Labels,5.78,2.7166
2017-04-01,West,Technology,Machines,4799.984,359.9988
2017-04-02,East,Office Supplies,Art,11.12,2.8912
2017-04-02,South,Furniture,Tables,411.8,70.006
2017-04-02,South,Office Supplies,Labels,14.94,6.8724
2017-04-02,South,Technology,Accessories,360.0,129.6
2017-04-02,West,Furniture,Furnishings,25.11,6.5286
2017-04-03,Central,Office Supplies,Art,7.056,2.205
2017-04-03,East,Furniture,Furnishings,25.472,7.6416
2017-04-04,Central,Technology,Phones,383.84,47.98
2017-04-04,East,Office Supplies,Art,7.04,2.0416
2017-04-04,East,Office Supplies,Envelopes,16.98,8.49
2017-04-04,East,Office Supplies,Supplies,240.37,7.2111
2017-04-04,East,Technology,Phones,160.24,44.455
2017-04-06,Central,Office Supplies,Paper,106.32,49.9704
2017-04-06,South,Office Supplies,Binders,8.1,-5.94
2017-04-07,South,Furniture,Furnishings,258.072,0.0
2017-04-07,South,Furniture,Tables,854.4745,-350.29380000000003
2017-04-07,South,Office Supplies,Art,16.256,1.2192
2017-04-07,South,Office Supplies,Binders,5.328,-3.552
2017-04-07,South,Technology,Accessories,617.976,-7.7247
2017-04-07,South,Technology,Phones,219.184,19.1786
2017-04-08,Central,Furniture,Furnishings,580.8599999999999,151.0236
2017-04-08,East,Office Supplies,Appliances,41.95,10.4875
2017-04-08,East,Office Supplies,Storage,2591.56,621.9744
2017-04-08,South,Furniture,Furnishings,56.28,15.7584
2017-04-08,South,Office Supplies,Binders,2690.97,1264.7559
2017-04-08,West,Office Supplies,Paper,440.31,212.8185
2017-04-09,Central,Office Supplies,Binders,478.24,219.9904
2017-04-09,East,Office Supplies,Art,35.97,9.7119
2017-04-09,East,Office Supplies,Binders,37.896,-29.0536
2017-04-09,East,Office Supplies,Labels,18.46,9.0454
2017-04-09,East,Office Supplies,Paper,270.144,121.963
2017-04-09,East,Office Supplies,Storage,501.81,0.0
2017-04-09,South,Office Supplies,Binders,17.43,-13.363
2017-04-09,South,Office Supplies,Labels,15.12,4.914
2017-04-09,South,Office Supplies,Paper,251.64,88.074
2017-04-10,Central,Office Supplies,Paper,10.368,3.6288
2017-04-10,Central,Technology,Accessories,95.736,20.3439
2017-04-10,East,Furniture,Furnishings,36.672,6.4176
2017-04-10,East,Office Supplies,Appliances,195.104,21.9492
2017-04-10,East,Office Supplies,Fasteners,7.16,3.58
2017-04-10,East,Office Supplies,Paper,7.61,3.5767
2017-04-10,East,Office Supplies,Storage,286.15,71.5375
2017-04-10,East,Technology,Accessories,99.99,41.9958
2017-04-10,South,Furniture,Furnishings,12.32,1.848
2017-04-10,South,Office Supplies,Binders,4.419,-3.0933
2017-04-11,Central,Office Supplies,Binders,11.364,-17.046
2017-04-11,East,Office Supplies,Storage,16.768,1.4672
2017-04-11,East,Technology,Accessories,27.12,-4.746
2017-04-11,South,Office Supplies,Art,22.744,2.5149
2017-04-11,West,Office Supplies,Art,41.86,14.2324
2017-04-11,West,Technology,Accessories,199.95,21.9945
2017-04-12,East,Office Supplies,Binders,29.7,13.365
2017-04-12,East,Office Supplies,Paper,39.96,17.982
2017-04-13,East,Office Supplies,Fasteners,7.92,1.683
2017-04-13,West,Furniture,Chairs,436.704,-38.2116
2017-04-13,West,Office Supplies,Binders,895.92,302.373
2017-04-13,West,Office Supplies,Paper,5.28,2.376
2017-04-14,Central,Office Supplies,Binders,8.76,4.2048
2017-04-14,East,Furniture,Bookcases,242.352,9.0882
2017-04-14,East,Furniture,Furnishings,74.45,20.1015
2017-04-14,East,Office Supplies,Art,104.448,23.8944
2017-04-14,East,Office Supplies,Binders,10.776,3.5022
2017-04-14,East,Office Supplies,Paper,13.872,5.0286
2017-04-14,South,Furniture,Bookcases,198.272,-32.2192
2017-04-15,Central,Office Supplies,Paper,20.736,7.2576
2017-04-15,South,Office Supplies,Art,4.89,2.0049
2017-04-15,South,Office Supplies,Binders,15.57,-11.937
2017-04-15,South,Office Supplies,Paper,15.552,5.4432
2017-04-15,West,Furniture,Furnishings,196.45,70.722
2017-04-15,West,Office Supplies,Paper,79.14,36.4044
2017-04-16,Central,Office Supplies,Art,16.52,2.065
2017-04-16,Central,Office Supplies,Binders,28.942,-49.056599999999996
2017-04-16,Central,Office Supplies,Storage,32.544,-7.7292
2017-04-16,East,Office Supplies,Binders,13.71,-10.054
2017-04-16,South,Office Supplies,Supplies,477.24,9.5448
2017-04-16,South,Technology,Accessories,25.98,1.5588
2017-04-16,West,Furniture,Bookcases,102.833,-6.049
2017-04-16,West,Office Supplies,Appliances,40.74,12.222
2017-04-16,West,Office Supplies,Storage,205.92,2.0592
2017-04-17,Central,Office Supplies,Storage,195.136,-43.9056
2017-04-17,East,Furniture,Furnishings,60.312,5.2773
2017-04-17,West,Furniture,Chairs,218.352,-19.1058
2017-04-17,West,Office Supplies,Binders,42.588,-31.6322
2017-04-17,West,Office Supplies,Fasteners,10.9,3.597
2017-04-17,West,Office Supplies,Labels,30.419999999999998,14.7582
2017-04-17,West,Office Supplies,Paper,48.876000000000005,20.7648
2017-04-17,West,Technology,Accessories,274.89,46.7313
2017-04-17,West,Technology,Machines,2549.985,-3399.98
2017-04-20,Central,Furniture,Chairs,317.058,-18.1176
2017-04-20,Central,Furniture,Furnishings,58.96,-58.358000000000004
2017-04-20,Central,Office Supplies,Art,15.76,3.546
2017-04-20,Central,Office Supplies,Binders,183.42000000000002,88.7728
2017-04-20,East,Furniture,Furnishings,94.376,19.9354
2017-04-20,East,Office Supplies,Binders,8.7,-6.38
2017-04-20,East,Office Supplies,Storage,1232.584,17.832100000000004
2017-04-20,East,Technology,Phones,122.382,-24.4764
2017-04-21,Central,Office Supplies,Appliances,97.264,-243.16
2017-04-21,Central,Office Supplies,Binders,5.628,-9.702300000000001
2017-04-21,Central,Office Supplies,Paper,20.736,7.2576
2017-04-21,Central,Technology,Accessories,47.976,8.3958
2017-04-21,East,Furniture,Chairs,908.82,227.205
2017-04-21,West,Furniture,Furnishings,162.6,34.146
2017-04-21,West,Technology,Accessories,11.54,3.462
2017-04-22,East,Furniture,Furnishings,254.352,0.0
2017-04-22,South,Office Supplies,Storage,675.06,87.7578
2017-04-22,West,Furniture,Furnishings,18.28,6.2152
2017-04-23,Central,Technology,Accessories,155.34,55.9224
2017-04-23,East,Office Supplies,Appliances,121.94,35.3626
2017-04-23,East,Office Supplies,Binders,11.76,-7.84
2017-04-23,East,Office Supplies,Paper,5.344,1.8704
2017-04-23,East,Office Supplies,Supplies,177.60999999999999,52.185
2017-04-23,South,Furniture,Bookcases,387.136,-14.5176
2017-04-23,South,Furniture,Furnishings,77.952,-11.6928
2017-04-23,South,Office Supplies,Labels,3.0,1.05
2017-04-23,South,Technology,Accessories,45.408,11.9196
2017-04-23,West,Furniture,Furnishings,102.164,37.8636
2017-04-23,West,Office Supplies,Binders,92.88,30.186
2017-04-23,West,Office Supplies,Envelopes,18.688,7.008
2017-04-24,Central,Office Supplies,Binders,10.43,-18.2525
2017-04-24,Central,Office Supplies,Storage,72.784,-18.196
2017-04-24,East,Office Supplies,Appliances,99.28,12.41
2017-04-24,East,Office Supplies,Binders,8.706,-6.7538
2017-04-24,East,Technology,Accessories,69.98,4.8986
2017-04-24,South,Office Supplies,Storage,113.568,-21.294
2017-04-24,West,Office Supplies,Fasteners,1.81,0.6516
2017-04-24,West,Technology,Phones,552.0,34.5
2017-04-25,South,Office Supplies,Art,109.968,12.048
2017-04-25,West,Furniture,Bookcases,344.981,28.4102
2017-04-25,West,Office Supplies,Art,8.896,0.6672
2017-04-25,West,Office Supplies,Binders,87.24799999999999,32.022800000000004
2017-04-25,West,Office Supplies,Paper,19.05,8.763
2017-04-25,West,Technology,Accessories,107.97,22.6737
2017-04-26,Central,Furniture,Furnishings,1.988,-1.4413
2017-04-26,West,Office Supplies,Labels,39.28,19.2472
2017-04-26,West,Office Supplies,Paper,20.34,9.3564
2017-04-27,Central,Furniture,Bookcases,220.2656,-42.1096
2017-04-27,Central,Office Supplies,Labels,33.12,11.592
2017-04-27,West,Furniture,Furnishings,139.58,39.0824
2017-04-27,West,Office Supplies,Art,183.61,51.455799999999996
2017-04-28,East,Office Supplies,Art,6.848,0.7704
2017-04-28,East,Office Supplies,Storage,8.384,0.7336
2017-04-28,South,Office Supplies,Appliances,28.08,5.265
2017-04-28,South,Technology,Phones,751.984,84.5982
2017-04-29,East,Furniture,Tables,1048.35,-69.89
2017-04-29,East,Office Supplies,Labels,4.91,2.4059
2017-04-30,Central,Office Supplies,Binders,43.372,-69.3952
2017-04-30,East,Office Supplies,Binders,13.896,-9.264
2017-04-30,East,Office Supplies,Envelopes,62.96,28.332
2017-04-30,East,Office Supplies,Labels,5.76,2.8224
2017-04-30,East,Office Supplies,Paper,10.368,3.6288
2017-04-30,East,Technology,Phones,677.58,-158.102
2017-04-30,South,Furniture,Furnishings,244.38400000000001,-2.0604000000000005
2017-04-30,South,Office Supplies,Art,15.528,4.8525
2017-04-30,South,Office Supplies,Binders,4.842,-3.5508
2017-04-30,South,Office Supplies,Labels,16.56,5.5548
2017-04-30,South,Technology,Accessories,2.376,0.7425
2017-04-30,West,Furniture,Furnishings,64.96,21.4368
2017-04-30,West,Office Supplies,Art,9.78,4.0098
2017-04-30,West,Office Supplies,Binders,23.24,7.553
2017-04-30,West,Office Supplies,Envelopes,30.56,14.9744
2017-04-30,West,Office Supplies,Paper,163.96,80.3404
2017-05-01,South,Furniture,Bookcases,314.352,-15.7176
2017-05-01,South,Furniture,Chairs,2803.92,0.0
2017-05-01,South,Furniture,Tables,933.262,-458.1468
2017-05-01,South,Office Supplies,Labels,4.608,1.4976
2017-05-01,South,Office Supplies,Supplies,3.328,0.416
2017-05-01,South,Technology,Accessories,48.9,18.093
2017-05-02,East,Furniture,Furnishings,129.93,12.993
2017-05-02,West,Office Supplies,Art,59.52,15.4752
2017-05-02,West,Office Supplies,Paper,50.099999999999994,22.889
2017-05-02,West,Technology,Accessories,159.56,59.0372
2017-05-03,East,Furniture,Furnishings,32.448,7.3008
2017-05-03,East,Furniture,Tables,373.47,-112.041
2017-05-03,East,Office Supplies,Binders,90.58800000000001,-62.532
2017-05-03,East,Office Supplies,Fasteners,8.0,2.8
2017-05-03,West,Office Supplies,Art,22.96,6.6584
2017-05-03,West,Office Supplies,Paper,25.92,12.4416
2017-05-03,West,Office Supplies,Storage,832.96,65.27199999999999
2017-05-04,East,Office Supplies,Binders,13.911000000000001,-10.9857
2017-05-04,South,Office Supplies,Paper,41.51,19.6515
2017-05-04,South,Office Supplies,Storage,588.35,170.2833
2017-05-04,West,Furniture,Tables,300.904,11.2839
2017-05-04,West,Office Supplies,Appliances,243.16,72.948
2017-05-04,West,Office Supplies,Paper,17.61,8.4528
2017-05-04,West,Technology,Phones,183.96,20.6955
2017-05-05,East,Office Supplies,Paper,6.68,3.2064
2017-05-05,South,Office Supplies,Binders,34.5,15.525
2017-05-05,West,Furniture,Bookcases,89.991,-152.9847
2017-05-05,West,Office Supplies,Binders,9.552,-7.3232
2017-05-05,West,Office Supplies,Envelopes,44.4,19.014
2017-05-06,Central,Furniture,Bookcases,623.4648,-119.1918
2017-05-06,Central,Office Supplies,Art,6.408,0.6408
2017-05-06,Central,Office Supplies,Binders,11.06,-18.802
2017-05-06,Central,Office Supplies,Storage,772.68,-57.951
2017-05-06,Central,Technology,Accessories,600.712,105.43469999999999
2017-05-06,East,Office Supplies,Labels,59.2,29.6
2017-05-06,South,Office Supplies,Art,54.66,18.0378
2017-05-06,South,Office Supplies,Binders,68.541,-52.5481
2017-05-06,South,Office Supplies,Labels,122.12,39.689
2017-05-06,South,Technology,Phones,627.168,70.5564
2017-05-06,West,Office Supplies,Appliances,152.94,41.2938
2017-05-06,West,Office Supplies,Paper,84.416,27.4352
2017-05-07,Central,Furniture,Chairs,1962.0900000000001,549.6677
2017-05-07,Central,Office Supplies,Appliances,87.444,18.4604
2017-05-07,West,Technology,Accessories,79.99,28.7964
2017-05-07,West,Technology,Phones,419.944,52.493
2017-05-08,Central,Office Supplies,Paper,41.472,14.5152
2017-05-08,East,Furniture,Chairs,176.04999999999998,-25.839
2017-05-08,West,Office Supplies,Appliances,81.08,22.7024
2017-05-08,West,Technology,Copiers,3359.952,1049.985
2017-05-09,South,Furniture,Chairs,207.0,25.875
2017-05-09,South,Office Supplies,Envelopes,65.232,22.0158
2017-05-09,West,Furniture,Tables,286.85,63.107
2017-05-09,West,Office Supplies,Binders,147.92,46.225
2017-05-09,West,Office Supplies,Storage,171.24,28.7484
2017-05-09,West,Technology,Accessories,199.98,87.9912
2017-05-11,Central,Furniture,Furnishings,7.996,-6.9965
2017-05-11,Central,Office Supplies,Art,5.248,0.5904
2017-05-11,Central,Office Supplies,Paper,6.848,2.14
2017-05-11,Central,Office Supplies,Storage,74.416,-14.8832
2017-05-11,East,Office Supplies,Art,43.92,12.7368
2017-05-11,West,Furniture,Bookcases,209.979,-356.9643
2017-05-11,West,Office Supplies,Binders,26.032,9.4366
2017-05-11,West,Office Supplies,Labels,37.59,17.6673
2017-05-11,West,Office Supplies,Paper,37.44,16.848
2017-05-12,Central,Office Supplies,Binders,34.24,-53.072
2017-05-12,Central,Office Supplies,Storage,127.92,-15.99
2017-05-12,East,Furniture,Furnishings,42.85,15.426
2017-05-12,East,Office Supplies,Art,10.272,1.1556
2017-05-12,East,Office Supplies,Labels,12.064,4.9494
2017-05-12,East,Office Supplies,Paper,87.6,42.048
2017-05-12,East,Office Supplies,Supplies,17.0,4.42
2017-05-12,East,Technology,Accessories,87.4,34.96
2017-05-12,West,Furniture,Tables,285.48,-10.7055
2017-05-12,West,Office Supplies,Appliances,7.77,2.0979
2017-05-12,West,Office Supplies,Binders,19.168,6.4692
2017-05-12,West,Office Supplies,Supplies,238.62,4.7724
2017-05-13,Central,Office Supplies,Binders,914.97,411.7365
2017-05-13,Central,Office Supplies,Envelopes,180.96,81.432
2017-05-13,Central,Office Supplies,Paper,14.94,7.3206
2017-05-13,Central,Office Supplies,Storage,530.34,95.4612
2017-05-13,Central,Technology,Phones,587.97,158.7519
2017-05-13,East,Furniture,Chairs,458.43,-124.431
2017-05-13,East,Office Supplies,Binders,299.52,149.76
2017-05-13,South,Office Supplies,Appliances,20.768,2.3364
2017-05-13,West,Office Supplies,Labels,58.48,27.4856
2017-05-14,Central,Furniture,Chairs,899.43,-12.849
2017-05-14,Central,Office Supplies,Art,46.2,5.775
2017-05-14,Central,Office Supplies,Paper,124.816,43.086200000000005
2017-05-14,Central,Technology,Phones,7.992,0.6993
2017-05-14,East,Furniture,Chairs,261.96,23.5764
2017-05-14,East,Office Supplies,Art,55.660000000000004,17.0054
2017-05-14,East,Office Supplies,Binders,58.17,-46.536
2017-05-14,East,Office Supplies,Labels,79.04,38.764
2017-05-14,East,Office Supplies,Paper,24.784,7.745
2017-05-14,East,Office Supplies,Storage,22.58,5.8708
2017-05-14,East,Technology,Accessories,89.97,18.8937
2017-05-14,East,Technology,Phones,539.97,134.9925
2017-05-14,South,Office Supplies,Envelopes,48.69,23.8581
2017-05-14,West,Furniture,Furnishings,18.28,6.2152
2017-05-14,West,Office Supplies,Paper,440.19,206.8893
2017-05-14,West,Office Supplies,Supplies,64.4,1.932
2017-05-14,West,Technology,Accessories,1399.93,601.9699
2017-05-15,Central,Office Supplies,Paper,56.704,19.1376
2017-05-15,Central,Technology,Phones,11.12,3.475
2017-05-15,West,Furniture,Chairs,263.584,29.1204
2017-05-15,West,Furniture,Furnishings,39.96,17.1828
2017-05-15,West,Office Supplies,Binders,4.752,-3.168
2017-05-15,West,Office Supplies,Paper,15.552,5.6376
2017-05-15,West,Technology,Phones,29.592,2.5893
2017-05-16,East,Office Supplies,Storage,221.024,-55.256
2017-05-18,Central,Furniture,Furnishings,24.5,-11.1669
2017-05-18,Central,Office Supplies,Appliances,706.86,197.9208
2017-05-18,Central,Office Supplies,Binders,52.059999999999995,6.783100000000001
2017-05-18,Central,Office Supplies,Storage,8.928,0.6696
2017-05-18,Central,Technology,Phones,114.95,2.299
2017-05-18,East,Furniture,Furnishings,14.56,6.2608
2017-05-18,East,Office Supplies,Binders,3.048,1.0287
2017-05-18,East,Technology,Accessories,36.048,-0.9012
2017-05-18,South,Furniture,Bookcases,302.94,75.735
2017-05-18,South,Office Supplies,Appliances,17.24,4.4824
2017-05-18,South,Office Supplies,Binders,113.94,54.6912
2017-05-18,South,Technology,Phones,90.72999999999999,31.3119
2017-05-18,West,Technology,Phones,344.704,38.7792
2017-05-19,Central,Office Supplies,Labels,13.216,4.2952
2017-05-19,Central,Office Supplies,Paper,38.016,13.7808
2017-05-19,Central,Technology,Phones,95.992,9.5992
2017-05-19,East,Office Supplies,Appliances,281.34,109.7226
2017-05-19,East,Technology,Accessories,299.97,113.9886
2017-05-19,East,Technology,Phones,307.98,89.3142
2017-05-19,South,Furniture,Bookcases,1628.82,374.6286
2017-05-19,South,Furniture,Chairs,314.352,-35.3646
2017-05-19,South,Office Supplies,Binders,26.16,12.8184
2017-05-19,South,Office Supplies,Paper,510.45799999999997,242.6559
2017-05-19,South,Technology,Accessories,67.8,4.068
2017-05-19,South,Technology,Phones,377.97,98.2722
2017-05-19,West,Furniture,Chairs,681.408,42.588
2017-05-19,West,Office Supplies,Appliances,97.16,28.1764
2017-05-19,West,Office Supplies,Art,9.1,2.4158
2017-05-19,West,Office Supplies,Binders,133.12,49.92
2017-05-19,West,Technology,Accessories,36.32,10.896
2017-05-20,Central,Office Supplies,Art,179.36,51.013200000000005
2017-05-20,Central,Office Supplies,Binders,41.28,19.8144
2017-05-20,Central,Office Supplies,Fasteners,7.41,3.4827
2017-05-20,Central,Office Supplies,Storage,704.76,162.0948
2017-05-20,West,Furniture,Chairs,518.272,-97.176
2017-05-20,West,Furniture,Furnishings,6.98,3.3504
2017-05-20,West,Office Supplies,Appliances,64.9,18.821
2017-05-20,West,Office Supplies,Binders,8.288,3.0044
2017-05-20,West,Technology,Machines,343.2,38.61
2017-05-20,West,Technology,Phones,1123.128,70.1955
2017-05-21,East,Furniture,Furnishings,520.05,72.807
2017-05-21,East,Office Supplies,Art,17.97,5.2113
2017-05-22,Central,Furniture,Chairs,181.986,-54.5958
2017-05-22,Central,Office Supplies,Binders,1.592,-2.6268
2017-05-22,Central,Office Supplies,Supplies,22.344,2.5137
2017-05-22,West,Office Supplies,Art,62.18,22.4092
2017-05-22,West,Technology,Accessories,68.46,25.3302
2017-05-23,Central,Office Supplies,Appliances,18.32,-46.716
2017-05-23,Central,Office Supplies,Binders,1.188,-1.9602
2017-05-23,Central,Office Supplies,Fasteners,1.824,0.6156
2017-05-23,Central,Office Supplies,Storage,48.816,-11.5938
2017-05-23,West,Furniture,Tables,171.288,-6.4233
2017-05-25,Central,Office Supplies,Storage,50.136,-11.2806
2017-05-25,East,Furniture,Furnishings,18.84,6.0288
2017-05-25,East,Office Supplies,Binders,663.92,207.475
2017-05-25,East,Office Supplies,Fasteners,3.29,1.4805
2017-05-25,East,Technology,Accessories,120.0,13.2
2017-05-25,South,Office Supplies,Binders,29.84,13.428
2017-05-26,South,Office Supplies,Appliances,208.44,62.532
2017-05-26,South,Office Supplies,Supplies,25.76,0.7728
2017-05-26,South,Technology,Accessories,23.08,6.924
2017-05-26,West,Office Supplies,Paper,12.96,6.2208
2017-05-27,Central,Furniture,Furnishings,477.3,138.417
2017-05-27,South,Office Supplies,Binders,70.4,17.9532
2017-05-27,South,Office Supplies,Paper,25.92,9.072
2017-05-27,South,Technology,Accessories,27.192,0.3399
2017-05-27,South,Technology,Phones,539.97,134.9925
2017-05-27,West,Furniture,Furnishings,35.0,14.7
2017-05-27,West,Office Supplies,Art,31.44,7.86
2017-05-27,West,Office Supplies,Storage,477.15,28.629
2017-05-27,West,Technology,Accessories,98.16,9.816
2017-05-27,West,Technology,Phones,302.376,22.6782
2017-05-28,Central,Furniture,Chairs,106.869,-29.0073
2017-05-28,Central,Office Supplies,Binders,3.564,-6.237
2017-05-28,Central,Technology,Phones,54.368,4.0776
2017-05-28,East,Furniture,Bookcases,115.96,-64.9376
2017-05-28,East,Furniture,Furnishings,274.9,111.336
2017-05-28,East,Office Supplies,Appliances,125.13,36.2877
2017-05-28,East,Office Supplies,Paper,13.872,5.0286
2017-05-28,South,Furniture,Chairs,301.96,33.2156
2017-05-28,West,Office Supplies,Paper,15.552,5.4432
2017-05-28,West,Technology,Accessories,271.968,54.3936
2017-05-28,West,Technology,Phones,195.96,19.596
2017-05-29,Central,Furniture,Furnishings,71.664,-49.718399999999995
2017-05-29,Central,Office Supplies,Appliances,465.16,120.9416
2017-05-29,Central,Office Supplies,Binders,43.41,19.9686
2017-05-29,Central,Office Supplies,Fasteners,23.55,1.1775
2017-05-29,Central,Office Supplies,Paper,33.900000000000006,13.386000000000001
2017-05-29,Central,Office Supplies,Storage,53.424,4.6746
2017-05-30,Central,Furniture,Bookcases,204.6664,-6.0196
2017-05-30,South,Furniture,Bookcases,241.96,33.8744
2017-05-30,South,Furniture,Furnishings,8.01,3.0438
2017-05-30,South,Office Supplies,Binders,3.89,1.8672
2017-05-30,West,Furniture,Furnishings,13.592,-0.3398
2017-05-30,West,Office Supplies,Art,35.1,10.179
2017-05-30,West,Office Supplies,Paper,37.52,18.0096
2017-05-30,West,Technology,Accessories,35.36,-3.094
2017-05-30,West,Technology,Phones,156.792,17.6391
2017-06-01,Central,Furniture,Chairs,1925.88,539.2464
2017-06-01,Central,Office Supplies,Appliances,2405.2,793.716
2017-06-01,Central,Office Supplies,Binders,71.28,34.562
2017-06-01,Central,Technology,Accessories,123.86,30.7136
2017-06-01,East,Office Supplies,Appliances,17.48,1.311
2017-06-01,East,Office Supplies,Binders,3.798,-2.6586
2017-06-01,East,Office Supplies,Paper,27.744,10.0572
2017-06-01,East,Office Supplies,Storage,324.744,-77.1267
2017-06-01,East,Technology,Phones,158.376,-34.3148
2017-06-02,Central,Office Supplies,Paper,10.688,3.7408
2017-06-02,East,Office Supplies,Storage,27.44,2.401
2017-06-02,East,Technology,Phones,2.97,-0.6435
2017-06-02,South,Office Supplies,Paper,25.344,9.1872
2017-06-02,West,Office Supplies,Envelopes,43.92,15.921
2017-06-02,West,Office Supplies,Paper,25.344,7.92
2017-06-03,East,Furniture,Tables,384.768,-115.4304
2017-06-03,East,Office Supplies,Paper,45.36,22.2264
2017-06-03,East,Technology,Machines,78.66,36.1836
2017-06-03,South,Furniture,Bookcases,241.568,0.0
2017-06-03,South,Furniture,Furnishings,35.168,9.6712
2017-06-03,South,Office Supplies,Appliances,29.672,2.4204
2017-06-03,South,Office Supplies,Binders,4.554,-3.4914
2017-06-03,South,Office Supplies,Paper,15.552,5.4432
2017-06-03,South,Technology,Accessories,316.392,-6.7149
2017-06-03,South,Technology,Phones,503.96,50.396
2017-06-03,West,Office Supplies,Binders,3.912,1.2714
2017-06-03,West,Office Supplies,Paper,11.96,5.382
2017-06-03,West,Office Supplies,Storage,136.26,5.4504
2017-06-03,West,Technology,Accessories,1144.25,371.3375
2017-06-04,Central,Furniture,Furnishings,30.336,-17.4432
2017-06-04,Central,Office Supplies,Art,8.64,2.5056
2017-06-04,Central,Office Supplies,Binders,6.37,-9.555
2017-06-04,South,Furniture,Furnishings,31.984,1.999
2017-06-04,South,Office Supplies,Binders,117.62,58.428399999999996
2017-06-04,South,Office Supplies,Paper,12.48,5.616
2017-06-04,South,Technology,Phones,71.984,25.1944
2017-06-05,Central,Technology,Phones,470.376,52.9173
2017-06-05,South,Office Supplies,Paper,20.736,7.2576
2017-06-06,West,Furniture,Furnishings,4.95,2.178
2017-06-06,West,Office Supplies,Storage,26.4,0.0
2017-06-08,Central,Office Supplies,Appliances,1.624,-4.466
2017-06-08,Central,Office Supplies,Binders,12.176,-18.8728
2017-06-08,Central,Office Supplies,Paper,85.056,28.7064
2017-06-08,Central,Office Supplies,Supplies,23.76,2.079
2017-06-08,Central,Technology,Phones,381.576,28.6182
2017-06-08,East,Office Supplies,Binders,10.36,5.0764
2017-06-08,West,Furniture,Bookcases,1497.666,140.9568
2017-06-08,West,Office Supplies,Binders,72.588,-48.392
2017-06-08,West,Office Supplies,Storage,35.168,-8.3524
2017-06-08,West,Technology,Accessories,89.544,12.3123
2017-06-08,West,Technology,Phones,17.52,-3.504
2017-06-09,Central,Furniture,Furnishings,23.976,-14.3856
2017-06-09,Central,Furniture,Tables,108.925,-71.8905
2017-06-09,Central,Office Supplies,Paper,36.352,11.36
2017-06-09,Central,Office Supplies,Storage,720.76,54.057
2017-06-09,South,Office Supplies,Paper,49.12,23.0864
2017-06-10,Central,Technology,Accessories,132.52,54.3332
2017-06-10,East,Office Supplies,Art,8.4,4.2
2017-06-10,East,Office Supplies,Fasteners,14.13,0.7065
2017-06-10,East,Office Supplies,Paper,40.032,15.012
2017-06-10,South,Office Supplies,Storage,1347.52,84.22
2017-06-10,West,Furniture,Bookcases,514.165,-30.245
2017-06-10,West,Office Supplies,Art,31.099999999999998,8.872
2017-06-10,West,Office Supplies,Labels,41.160000000000004,20.2332
2017-06-10,West,Office Supplies,Storage,15.58,3.895
2017-06-10,West,Technology,Phones,368.736,25.2654
2017-06-11,South,Office Supplies,Art,3.76,1.0904
2017-06-11,South,Office Supplies,Binders,4.572,-3.81
2017-06-11,West,Furniture,Bookcases,174.42,41.8608
2017-06-11,West,Furniture,Chairs,280.792,35.099
2017-06-11,West,Office Supplies,Appliances,61.44,16.5888
2017-06-11,West,Office Supplies,Art,103.912,8.587
2017-06-11,West,Office Supplies,Binders,18.288,6.6294
2017-06-11,West,Office Supplies,Paper,160.91,78.4665
2017-06-11,West,Office Supplies,Storage,387.0,-39.7782
2017-06-11,West,Technology,Machines,385.8,130.2075
2017-06-12,Central,Furniture,Furnishings,8.856,-6.8634
2017-06-12,East,Furniture,Chairs,858.24,143.04
2017-06-12,East,Office Supplies,Art,64.14,16.6764
2017-06-12,East,Office Supplies,Binders,13.128,4.2666
2017-06-12,East,Office Supplies,Paper,19.04,9.3296
2017-06-12,East,Technology,Accessories,63.92,19.176
2017-06-12,South,Furniture,Furnishings,17.088,1.068
2017-06-12,South,Furniture,Tables,452.94,67.941
2017-06-12,South,Office Supplies,Binders,91.2,41.952
2017-06-12,West,Office Supplies,Paper,19.44,9.3312
2017-06-12,West,Technology,Phones,71.976,8.997
2017-06-13,Central,Furniture,Chairs,470.302,-87.3418
2017-06-13,Central,Office Supplies,Storage,164.736,-39.1248
2017-06-13,Central,Technology,Phones,47.984,5.998
2017-06-13,South,Office Supplies,Art,181.86,50.9208
2017-06-13,West,Furniture,Chairs,291.136,-25.4744
2017-06-15,Central,Office Supplies,Art,19.56,1.7115
2017-06-15,Central,Office Supplies,Labels,44.4,22.2
2017-06-15,Central,Office Supplies,Paper,17.94,8.7906
2017-06-15,Central,Office Supplies,Storage,84.55,22.8285
2017-06-15,South,Furniture,Bookcases,77.728,-3.8864
2017-06-15,South,Furniture,Chairs,698.352,52.3764
2017-06-15,South,Furniture,Furnishings,31.168,9.3504
2017-06-15,South,Furniture,Tables,120.96,-28.224
2017-06-15,South,Office Supplies,Appliances,76.608,6.7032
2017-06-15,South,Office Supplies,Paper,91.36,29.692
2017-06-15,South,Office Supplies,Storage,142.776,17.847
2017-06-15,South,Technology,Phones,2479.9120000000003,250.99089999999998
2017-06-15,West,Office Supplies,Art,4.26,1.7466
2017-06-15,West,Technology,Phones,167.93599999999998,12.2951
2017-06-16,Central,Office Supplies,Binders,5.936,-8.904
2017-06-16,East,Office Supplies,Art,23.92,1.794
2017-06-16,East,Technology,Accessories,479.952,107.9892
2017-06-16,South,Furniture,Chairs,301.96,90.588
2017-06-16,South,Office Supplies,Appliances,180.66,50.5848
2017-06-16,South,Office Supplies,Art,14.016,4.7304
2017-06-16,South,Technology,Phones,257.96999999999997,68.992
2017-06-16,West,Furniture,Chairs,1212.96,90.972
2017-06-16,West,Office Supplies,Paper,230.14,110.2818
2017-06-16,West,Office Supplies,Supplies,16.68,4.3368
2017-06-17,Central,Office Supplies,Binders,11.664,-19.9512
2017-06-17,Central,Office Supplies,Paper,12.224,4.4312
2017-06-17,East,Technology,Accessories,101.34,8.1072
2017-06-17,East,Technology,Machines,3404.5,1668.205
2017-06-17,West,Furniture,Furnishings,155.25,46.575
2017-06-17,West,Office Supplies,Binders,51.312,17.9592
2017-06-17,West,Office Supplies,Storage,160.382,-28.860500000000002
2017-06-18,Central,Office Supplies,Paper,74.352,23.235
2017-06-18,West,Furniture,Bookcases,917.9235,75.5937
2017-06-18,West,Office Supplies,Paper,38.88,19.0512
2017-06-19,Central,Furniture,Tables,457.485,-84.9615
2017-06-19,Central,Office Supplies,Appliances,2.7079999999999997,-6.317200000000001
2017-06-19,Central,Office Supplies,Binders,6.888,-11.0208
2017-06-19,Central,Office Supplies,Paper,146.176,47.5072
2017-06-19,Central,Office Supplies,Storage,153.584,-32.6366
2017-06-19,Central,Office Supplies,Supplies,11.184,0.8388
2017-06-19,East,Furniture,Chairs,760.116,-43.4352
2017-06-19,East,Furniture,Furnishings,38.784,7.272
2017-06-19,East,Office Supplies,Binders,11.568,3.7596
2017-06-19,East,Office Supplies,Paper,97.82,45.9754
2017-06-19,East,Office Supplies,Storage,129.3,6.465
2017-06-19,East,Technology,Accessories,225.448,11.841099999999999
2017-06-19,West,Furniture,Furnishings,50.32,21.1344
2017-06-19,West,Office Supplies,Paper,24.56,11.5432
2017-06-20,East,Office Supplies,Art,5.248,0.5904
2017-06-20,East,Office Supplies,Binders,51.312,18.6006
2017-06-20,East,Office Supplies,Labels,9.82,4.8118
2017-06-20,East,Office Supplies,Paper,31.104,10.8864
2017-06-20,East,Technology,Accessories,389.91999999999996,86.986
2017-06-20,South,Office Supplies,Paper,32.4,15.552
2017-06-20,South,Office Supplies,Storage,4.464,0.3348
2017-06-20,South,Technology,Phones,503.96,125.99
2017-06-21,East,Furniture,Furnishings,17.92,2.464
2017-06-21,East,Office Supplies,Binders,129.89600000000002,9.053599999999996
2017-06-21,East,Office Supplies,Paper,447.84,219.4416
2017-06-22,Central,Furniture,Chairs,487.96,146.388
2017-06-22,Central,Office Supplies,Binders,3.036,-5.0094
2017-06-22,East,Office Supplies,Binders,41.487,-31.4623
2017-06-22,East,Office Supplies,Storage,8.928,0.6696
2017-06-22,South,Office Supplies,Envelopes,37.608,12.6927
2017-06-24,Central,Office Supplies,Binders,182.994,-320.2395
2017-06-24,Central,Office Supplies,Paper,10.272,3.21
2017-06-24,East,Furniture,Chairs,172.764,32.6332
2017-06-24,East,Furniture,Furnishings,276.69,49.8042
2017-06-24,East,Office Supplies,Binders,102.93,48.3771
2017-06-24,East,Office Supplies,Paper,21.744,6.795
2017-06-24,West,Office Supplies,Art,517.34,149.543
2017-06-24,West,Office Supplies,Fasteners,2.88,1.3536
2017-06-25,Central,Technology,Phones,148.48,16.704
2017-06-25,East,Furniture,Bookcases,400.784,-5.0098
2017-06-25,West,Furniture,Tables,871.4,148.138
2017-06-25,West,Office Supplies,Art,5.344,0.7348
2017-06-25,West,Office Supplies,Fasteners,11.304,-2.1195
2017-06-25,West,Office Supplies,Labels,71.04,26.64
2017-06-26,Central,Furniture,Furnishings,526.45,31.587
2017-06-26,Central,Office Supplies,Art,15.92,5.4128
2017-06-26,Central,Office Supplies,Paper,4.54,2.043
2017-06-26,Central,Technology,Phones,543.92,135.98
2017-06-26,East,Office Supplies,Binders,102.368,37.1084
2017-06-26,East,Office Supplies,Paper,68.52,31.5192
2017-06-26,East,Office Supplies,Storage,986.8199999999999,214.164
2017-06-26,East,Office Supplies,Supplies,28.4,8.236
2017-06-26,East,Technology,Phones,1144.0860000000002,181.7704
2017-06-26,South,Furniture,Chairs,273.552,-13.6776
2017-06-26,South,Office Supplies,Labels,13.872,4.6818
2017-06-26,West,Office Supplies,Storage,83.76,1.6752
2017-06-26,West,Technology,Accessories,431.928,64.7892
2017-06-27,Central,Office Supplies,Paper,20.07,9.2322
2017-06-27,East,Furniture,Chairs,191.646,31.941
2017-06-27,West,Furniture,Furnishings,126.3,40.416
2017-06-27,West,Office Supplies,Paper,19.44,9.3312
2017-06-27,West,Technology,Accessories,1287.45,244.6155
2017-06-29,Central,Furniture,Bookcases,409.9992,-96.4704
2017-06-29,Central,Furniture,Tables,307.314,-39.5118
2017-06-29,Central,Office Supplies,Appliances,384.332,36.1854
2017-06-29,Central,Office Supplies,Binders,11.54,5.77
2017-06-29,Central,Office Supplies,Paper,5.184,1.8144
2017-06-29,East,Furniture,Bookcases,638.82,185.2578
2017-06-29,East,Furniture,Furnishings,25.16,8.5544
2017-06-29,East,Office Supplies,Supplies,30.69,7.9794
2017-06-29,West,Office Supplies,Art,11.68,3.0368
2017-06-29,West,Office Supplies,Binders,1208.472,403.9524
2017-06-29,West,Office Supplies,Storage,1426.49,350.2002
2017-06-29,West,Technology,Accessories,62.31,22.4316
2017-06-30,Central,Furniture,Chairs,569.058,-178.8468
2017-06-30,Central,Furniture,Furnishings,14.224,-10.3124
2017-06-30,Central,Technology,Phones,1001.584,125.198
2017-06-30,East,Furniture,Furnishings,22.23,9.7812
2017-06-30,East,Furniture,Tables,1044.63,-295.9785
2017-06-30,East,Office Supplies,Storage,1333.99,349.3231
2017-06-30,South,Furniture,Furnishings,19.52,5.368
2017-06-30,West,Furniture,Bookcases,435.999,5.1294
2017-06-30,West,Office Supplies,Binders,75.792,25.5798
2017-06-30,West,Office Supplies,Paper,204.95,100.4255
2017-07-01,Central,Office Supplies,Binders,169.99,78.1954
2017-07-01,Central,Office Supplies,Paper,25.92,12.4416
2017-07-01,Central,Office Supplies,Storage,443.92,13.3176
2017-07-02,Central,Office Supplies,Binders,5.232,-8.1096
2017-07-02,Central,Office Supplies,Paper,163.96,59.4355
2017-07-03,Central,Office Supplies,Paper,273.896,92.4399
2017-07-03,Central,Technology,Machines,597.132,49.761
2017-07-03,Central,Technology,Phones,167.968,62.988
2017-07-03,East,Furniture,Furnishings,102.3,26.598
2017-07-03,East,Furniture,Tables,215.148,-103.9882
2017-07-03,East,Office Supplies,Paper,88.416,33.8686
2017-07-03,East,Technology,Accessories,258.9,93.204
2017-07-03,South,Furniture,Furnishings,23.99,5.5177
2017-07-03,South,Office Supplies,Art,9.552,1.5522
2017-07-03,South,Technology,Accessories,24.0,-2.7
2017-07-03,South,Technology,Phones,287.97,77.7519
2017-07-03,West,Furniture,Furnishings,675.24,168.97230000000002
2017-07-03,West,Office Supplies,Storage,87.92,0.8792
2017-07-03,West,Technology,Accessories,1747.78,769.0232
2017-07-03,West,Technology,Machines,2395.2,209.58
2017-07-03,West,Technology,Phones,7.992,2.6973
2017-07-05,Central,Furniture,Furnishings,332.028,-348.6294
2017-07-05,Central,Office Supplies,Binders,17.71,-28.082099999999997
2017-07-05,Central,Office Supplies,Paper,46.656,16.9128
2017-07-05,Central,Technology,Phones,79.96,22.3888
2017-07-06,East,Office Supplies,Binders,2.946,-2.2586
2017-07-06,East,Office Supplies,Paper,16.056,5.8203
2017-07-06,South,Furniture,Chairs,239.24,23.924
2017-07-06,West,Furniture,Chairs,122.136,-13.7403
2017-07-07,East,Furniture,Bookcases,87.21,-45.3492
2017-07-07,East,Office Supplies,Binders,17.472,6.3336
2017-07-07,East,Office Supplies,Paper,15.552,5.4432
2017-07-07,East,Office Supplies,Storage,13.392,1.0044
2017-07-07,East,Technology,Accessories,796.6959999999999,183.8501
2017-07-07,East,Technology,Phones,683.988,-113.998
2017-07-07,West,Office Supplies,Fasteners,5.94,0.1188
2017-07-08,East,Furniture,Furnishings,123.9,15.069799999999999
2017-07-08,East,Office Supplies,Art,224.38,61.406800000000004
2017-07-08,East,Office Supplies,Paper,24.56,11.5432
2017-07-08,East,Technology,Accessories,141.9,58.179
2017-07-08,West,Furniture,Furnishings,360.2,166.8774
2017-07-08,West,Office Supplies,Art,31.36,10.5312
2017-07-08,West,Office Supplies,Binders,109.54400000000001,38.0508
2017-07-08,West,Office Supplies,Labels,861.6600000000001,420.70980000000003
2017-07-08,West,Office Supplies,Paper,52.76,24.2696
2017-07-08,West,Technology,Accessories,50.0,10.5
2017-07-09,Central,Furniture,Furnishings,526.45,31.587
2017-07-09,Central,Office Supplies,Appliances,58.464,-146.16
2017-07-09,Central,Office Supplies,Art,8.84,2.9835
2017-07-09,Central,Office Supplies,Storage,228.92,14.3075
2017-07-09,East,Office Supplies,Art,119.04,48.8064
2017-07-09,East,Office Supplies,Paper,274.8,134.652
2017-07-09,East,Office Supplies,Storage,195.64,3.9128
2017-07-09,East,Technology,Phones,257.98,74.8142
2017-07-09,West,Office Supplies,Binders,1.08,-0.792
2017-07-10,Central,Office Supplies,Storage,298.464,26.1156
2017-07-10,South,Furniture,Furnishings,18.84,7.9128
2017-07-10,South,Office Supplies,Appliances,41.91,10.8966
2017-07-11,Central,Office Supplies,Art,30.32,11.8248
2017-07-11,East,Technology,Accessories,132.6,17.238
2017-07-11,West,Office Supplies,Appliances,168.1,43.706
2017-07-11,West,Office Supplies,Binders,29.8,9.3125
2017-07-11,West,Office Supplies,Labels,8.67,4.0749
2017-07-11,West,Technology,Accessories,1287.45,244.6155
2017-07-11,West,Technology,Phones,71.952,5.3964
2017-07-12,East,Office Supplies,Paper,3.816,1.1925
2017-07-13,Central,Office Supplies,Paper,13.56,6.2376
2017-07-13,Central,Office Supplies,Storage,360.38,93.6988
2017-07-13,East,Furniture,Furnishings,91.008,19.3392
2017-07-13,East,Technology,Phones,39.594,-7.2589
2017-07-14,East,Furniture,Furnishings,396.92,148.845
2017-07-14,East,Office Supplies,Art,13.12,2.132
2017-07-14,East,Office Supplies,Paper,9.248,3.3524
2017-07-14,East,Office Supplies,Storage,301.496,22.612199999999998
2017-07-14,East,Technology,Phones,1889.946,-377.9892
2017-07-14,West,Furniture,Furnishings,295.53,57.717
2017-07-14,West,Office Supplies,Art,71.92,20.8568
2017-07-14,West,Office Supplies,Binders,4.448,1.4456
2017-07-14,West,Office Supplies,Fasteners,4.96,2.3312
2017-07-14,West,Technology,Accessories,140.97,19.7358
2017-07-14,West,Technology,Phones,470.376,52.9173
2017-07-15,East,Furniture,Chairs,664.146,88.5528
2017-07-15,East,Furniture,Tables,310.443,-48.7839
2017-07-15,East,Office Supplies,Art,6.56,1.9024
2017-07-15,East,Office Supplies,Binders,26.55,13.0095
2017-07-15,East,Office Supplies,Labels,7.83,3.6018
2017-07-15,East,Office Supplies,Paper,8.96,4.3904
2017-07-15,East,Technology,Accessories,41.9,8.799
2017-07-15,South,Furniture,Tables,872.94,157.1292
2017-07-15,South,Office Supplies,Appliances,179.94,50.3832
2017-07-15,South,Office Supplies,Paper,12.96,6.2208
2017-07-16,Central,Office Supplies,Art,2.912,0.91
2017-07-16,East,Furniture,Chairs,71.372,-1.0196
2017-07-16,South,Furniture,Chairs,242.352,15.147
2017-07-17,East,Furniture,Furnishings,39.08,14.4596
2017-07-17,East,Office Supplies,Paper,99.9,47.952
2017-07-17,East,Technology,Phones,269.98,67.495
2017-07-17,South,Furniture,Furnishings,7.904,2.1736
2017-07-17,West,Furniture,Bookcases,1194.165,210.735
2017-07-17,West,Office Supplies,Envelopes,57.9,28.95
2017-07-17,West,Office Supplies,Paper,32.4,15.552
2017-07-17,West,Office Supplies,Storage,10.56,0.0
2017-07-17,West,Technology,Copiers,479.984,89.997
2017-07-18,East,Furniture,Chairs,198.744,-14.196
2017-07-18,East,Office Supplies,Supplies,9.184,1.148
2017-07-18,East,Technology,Copiers,599.97,69.9965
2017-07-18,West,Furniture,Chairs,473.544,-32.798700000000004
2017-07-18,West,Furniture,Tables,801.6,-448.896
2017-07-18,West,Office Supplies,Binders,7.656,-6.1248
2017-07-18,West,Office Supplies,Paper,16.096,5.2312
2017-07-20,Central,Furniture,Chairs,182.94,27.441
2017-07-20,Central,Furniture,Furnishings,8.792,-5.7148
2017-07-20,Central,Office Supplies,Appliances,416.32,112.4064
2017-07-20,Central,Office Supplies,Binders,839.8100000000001,381.816
2017-07-20,Central,Office Supplies,Labels,14.62,6.8714
2017-07-20,Central,Office Supplies,Storage,69.712,8.714
2017-07-20,Central,Technology,Accessories,389.97,132.5898
2017-07-20,East,Furniture,Chairs,163.764,25.4744
2017-07-20,East,Furniture,Furnishings,183.92,31.2664
2017-07-20,East,Office Supplies,Paper,13.36,6.4128
2017-07-21,Central,Furniture,Tables,124.404,-21.3264
2017-07-21,Central,Office Supplies,Binders,99.16799999999999,-172.79760000000002
2017-07-21,East,Office Supplies,Appliances,17.48,4.5448
2017-07-21,East,Office Supplies,Binders,33.93,-22.62
2017-07-21,East,Office Supplies,Paper,6.48,3.1752
2017-07-21,East,Office Supplies,Storage,222.32,25.011
2017-07-21,East,Technology,Phones,210.564,-52.641
2017-07-21,South,Furniture,Bookcases,302.94,69.6762
2017-07-21,South,Furniture,Furnishings,8.8,3.872
2017-07-21,South,Office Supplies,Art,121.62,35.269800000000004
2017-07-21,South,Office Supplies,Binders,14.94,7.1712
2017-07-21,South,Office Supplies,Supplies,231.72,11.586
2017-07-21,South,Technology,Phones,271.96,67.99
2017-07-21,West,Furniture,Chairs,225.296,22.5296
2017-07-21,West,Office Supplies,Art,29.509999999999998,9.2267
2017-07-21,West,Office Supplies,Binders,50.352,17.6232
2017-07-21,West,Office Supplies,Paper,16.34,7.6798
2017-07-21,West,Technology,Phones,1698.12,128.25809999999998
2017-07-22,Central,Furniture,Chairs,526.344,-75.192
2017-07-22,East,Technology,Phones,29.97,14.0859
2017-07-23,Central,Office Supplies,Art,133.216,20.6816
2017-07-23,Central,Office Supplies,Paper,63.312,20.5764
2017-07-23,Central,Technology,Accessories,559.7,155.1645
2017-07-23,East,Office Supplies,Binders,27.048000000000002,8.6166
2017-07-23,East,Office Supplies,Labels,41.4,19.872
2017-07-23,West,Office Supplies,Binders,15.192,5.5071
2017-07-23,West,Office Supplies,Paper,58.32,27.9936
2017-07-24,West,Technology,Copiers,2399.96,839.986
2017-07-25,Central,Furniture,Tables,298.116,-4.2588
2017-07-25,Central,Office Supplies,Labels,20.23,9.5081
2017-07-25,East,Furniture,Furnishings,20.096,3.0144
2017-07-25,East,Furniture,Tables,138.588,-34.647
2017-07-25,East,Office Supplies,Labels,3.304,1.0738
2017-07-25,East,Office Supplies,Paper,20.736,7.2576
2017-07-25,East,Office Supplies,Storage,259.92,-25.992
2017-07-25,East,Office Supplies,Supplies,37.752,4.2471
2017-07-26,West,Furniture,Chairs,362.352,45.294
2017-07-26,West,Technology,Accessories,1649.95,659.98
2017-07-27,East,Furniture,Furnishings,14.89,4.0203
2017-07-27,East,Technology,Phones,543.92,135.98
2017-07-27,South,Furniture,Chairs,194.848,12.178
2017-07-27,South,Furniture,Furnishings,91.032,-2.2758
2017-07-27,West,Furniture,Furnishings,23.88,10.5072
2017-07-27,West,Office Supplies,Paper,39.16,18.2728
2017-07-27,West,Technology,Accessories,234.95,32.893
2017-07-28,West,Office Supplies,Binders,9.984,3.6192
2017-07-28,West,Office Supplies,Storage,14.98,4.1944
2017-07-28,West,Technology,Phones,1145.6,100.24
2017-07-29,Central,Furniture,Chairs,302.67,72.6408
2017-07-29,Central,Office Supplies,Appliances,137.62,60.5528
2017-07-29,Central,Office Supplies,Binders,33.48,16.4052
2017-07-29,Central,Office Supplies,Fasteners,2.896,0.4706
2017-07-29,Central,Technology,Phones,586.7620000000001,149.5703
2017-07-29,East,Office Supplies,Art,60.12,22.2444
2017-07-29,South,Office Supplies,Appliances,34.848,6.534
2017-07-29,South,Office Supplies,Art,4.368,0.3822
2017-07-29,South,Technology,Phones,22.0,1.375
2017-07-29,West,Furniture,Bookcases,115.96,25.5112
2017-07-29,West,Technology,Accessories,90.57,11.7741
2017-07-30,East,Office Supplies,Binders,76.776,-53.7432
2017-07-30,East,Technology,Phones,89.95,43.176
2017-07-30,West,Office Supplies,Labels,26.25,12.6
2017-07-30,West,Office Supplies,Storage,330.4,85.904
2017-07-31,Central,Office Supplies,Appliances,155.88,54.558
2017-07-31,Central,Office Supplies,Binders,17.52,8.4096
2017-07-31,Central,Technology,Phones,36.792,4.1391
2017-07-31,East,Office Supplies,Binders,860.96,396.3719
2017-07-31,East,Office Supplies,Paper,66.356,23.354400000000002
2017-07-31,East,Technology,Phones,285.576,-57.1152
2017-07-31,South,Technology,Accessories,41.424,8.2848
2017-07-31,West,Furniture,Furnishings,36.96,11.4576
2017-07-31,West,Office Supplies,Storage,56.56,15.2712
2017-08-01,Central,Office Supplies,Paper,36.288,12.7008
2017-08-01,Central,Technology,Machines,1439.982,-263.9967
2017-08-01,Central,Technology,Phones,95.984,5.999
2017-08-01,South,Technology,Phones,271.96,16.9975
2017-08-01,West,Office Supplies,Binders,54.896,18.5274
2017-08-01,West,Office Supplies,Storage,186.54,50.3658
2017-08-03,Central,Furniture,Bookcases,183.372,-36.6744
2017-08-03,Central,Technology,Accessories,39.816,7.4655
2017-08-03,East,Office Supplies,Labels,16.52,5.369
2017-08-03,West,Furniture,Furnishings,123.96,11.1564
2017-08-03,West,Office Supplies,Labels,51.75,24.84
2017-08-03,West,Office Supplies,Storage,115.93,28.1444
2017-08-04,Central,Office Supplies,Binders,3.318,-5.6406
2017-08-04,West,Office Supplies,Envelopes,8.784,3.1842
2017-08-04,West,Office Supplies,Paper,7.968,2.8884
2017-08-05,Central,Office Supplies,Binders,125.88,60.4224
2017-08-05,Central,Office Supplies,Labels,133.2,66.6
2017-08-05,Central,Office Supplies,Storage,151.056,7.5528
2017-08-05,Central,Technology,Accessories,79.78,29.5186
2017-08-05,South,Office Supplies,Paper,13.76,6.3296
2017-08-06,Central,Office Supplies,Paper,115.296,40.3536
2017-08-06,East,Office Supplies,Art,227.88,68.364
2017-08-06,East,Office Supplies,Labels,24.64,11.8272
2017-08-06,East,Office Supplies,Supplies,70.12,21.036
2017-08-06,East,Technology,Phones,824.95,247.485
2017-08-06,South,Furniture,Bookcases,145.74,23.3184
2017-08-06,South,Furniture,Furnishings,15.4,7.392
2017-08-07,Central,Office Supplies,Storage,118.16,-25.109
2017-08-07,Central,Technology,Accessories,183.408,6.3896999999999995
2017-08-07,East,Office Supplies,Art,116.47999999999999,31.6896
2017-08-07,South,Technology,Accessories,79.992,21.9978
2017-08-07,West,Furniture,Chairs,207.184,25.898
2017-08-07,West,Furniture,Furnishings,51.75,15.525
2017-08-07,West,Office Supplies,Appliances,1473.1,412.468
2017-08-07,West,Office Supplies,Binders,56.84,20.5002
2017-08-07,West,Office Supplies,Paper,269.11,126.4817
2017-08-07,West,Technology,Accessories,55.76,7.8064
2017-08-07,West,Technology,Phones,867.84,62.238
2017-08-10,Central,Furniture,Furnishings,121.3,25.473
2017-08-10,Central,Office Supplies,Envelopes,70.08,35.04
2017-08-10,Central,Office Supplies,Paper,177.2,83.284
2017-08-10,Central,Technology,Phones,1454.49,378.1674
2017-08-11,Central,Office Supplies,Art,9.184,2.87
2017-08-11,Central,Office Supplies,Binders,12.864,-22.512
2017-08-11,Central,Office Supplies,Paper,29.664,10.0116
2017-08-11,Central,Technology,Phones,153.584,13.4386
2017-08-11,East,Office Supplies,Paper,25.92,12.4416
2017-08-11,South,Office Supplies,Binders,477.51,219.6546
2017-08-12,East,Furniture,Chairs,1779.9,373.779
2017-08-12,East,Office Supplies,Art,237.42000000000002,64.62899999999999
2017-08-12,South,Office Supplies,Paper,20.736,7.2576
2017-08-12,West,Furniture,Furnishings,54.92,19.7712
2017-08-12,West,Office Supplies,Appliances,542.94,152.0232
2017-08-12,West,Office Supplies,Binders,100.704,37.764
2017-08-12,West,Office Supplies,Paper,192.16,92.2368
2017-08-12,West,Office Supplies,Storage,46.74,11.685
2017-08-12,West,Technology,Accessories,174.95,12.2465
2017-08-12,West,Technology,Copiers,299.99,89.997
2017-08-12,West,Technology,Phones,242.624,27.2952
2017-08-13,East,Office Supplies,Labels,17.544,5.9211
2017-08-13,South,Furniture,Chairs,423.648,47.6604
2017-08-13,South,Furniture,Furnishings,31.984,0.0
2017-08-13,South,Office Supplies,Appliances,272.048,30.6054
2017-08-13,South,Office Supplies,Binders,1614.582,-1237.8462
2017-08-13,South,Office Supplies,Envelopes,14.76,4.797
2017-08-13,South,Office Supplies,Fasteners,24.32,9.12
2017-08-13,South,Technology,Accessories,1.584,0.4752
2017-08-13,West,Office Supplies,Appliances,83.79,22.6233
2017-08-13,West,Office Supplies,Art,59.52,15.4752
2017-08-13,West,Office Supplies,Binders,36.024,11.7078
2017-08-13,West,Office Supplies,Storage,31.44,8.4888
2017-08-13,West,Office Supplies,Supplies,31.92,9.2568
2017-08-14,West,Furniture,Tables,418.296,5.2287
2017-08-14,West,Office Supplies,Art,16.68,4.3368
2017-08-14,West,Office Supplies,Labels,5.76,2.8224
2017-08-15,Central,Office Supplies,Labels,50.4,23.184
2017-08-15,East,Office Supplies,Appliances,97.84,25.4384
2017-08-15,East,Office Supplies,Storage,1801.632,-337.806
2017-08-16,South,Office Supplies,Binders,13.428,-11.19
2017-08-16,South,Office Supplies,Storage,67.136,-0.8392
2017-08-17,Central,Furniture,Chairs,74.592,-2.1312
2017-08-17,Central,Furniture,Furnishings,16.784,-22.2388
2017-08-17,Central,Office Supplies,Appliances,38.864,-99.1032
2017-08-17,Central,Office Supplies,Art,8.016,1.002
2017-08-17,Central,Office Supplies,Supplies,5.552,-1.041
2017-08-17,East,Furniture,Chairs,4878.738,-533.2295999999999
2017-08-17,East,Office Supplies,Binders,895.92,302.373
2017-08-17,South,Office Supplies,Binders,102.93,48.3771
2017-08-17,South,Technology,Accessories,98.16,9.816
2017-08-17,West,Office Supplies,Appliances,2518.29,654.7554
2017-08-17,West,Office Supplies,Binders,234.976,82.2416
2017-08-17,West,Office Supplies,Envelopes,23.36,11.68
2017-08-17,West,Office Supplies,Paper,8.56,3.852
2017-08-17,West,Office Supplies,Storage,540.57,140.5482
2017-08-17,West,Technology,Phones,71.976,8.997
2017-08-18,Central,Office Supplies,Binders,28.124,-44.60380000000001
2017-08-18,Central,Office Supplies,Storage,200.064,12.504
2017-08-18,East,Furniture,Furnishings,138.44,46.1548
2017-08-18,East,Office Supplies,Art,9.912,1.239
2017-08-18,East,Office Supplies,Binders,118.206,25.6632
2017-08-18,East,Technology,Accessories,23.18,7.6494
2017-08-18,East,Technology,Phones,37.91,10.9939
2017-08-18,West,Furniture,Furnishings,65.94,22.4196
2017-08-18,West,Office Supplies,Binders,2793.528,942.8157
2017-08-18,West,Office Supplies,Storage,1323.12,351.39480000000003
2017-08-18,West,Technology,Accessories,2340.06,595.74
2017-08-19,Central,Office Supplies,Binders,2.296,-3.9032
2017-08-19,East,Office Supplies,Binders,387.99,182.3553
2017-08-19,East,Office Supplies,Paper,19.44,9.3312
2017-08-19,West,Office Supplies,Binders,102.72,37.236
2017-08-20,East,Office Supplies,Storage,40.29,10.4754
2017-08-20,South,Technology,Phones,35.96,3.596
2017-08-20,West,Office Supplies,Binders,239.12,77.714
2017-08-20,West,Office Supplies,Paper,25.92,12.4416
2017-08-20,West,Office Supplies,Storage,226.56,63.4368
2017-08-20,West,Office Supplies,Supplies,17.22,5.166
2017-08-20,West,Technology,Phones,107.88,10.788
2017-08-21,Central,Office Supplies,Envelopes,15.28,7.4872
2017-08-21,Central,Office Supplies,Fasteners,35.0,16.8
2017-08-21,Central,Office Supplies,Supplies,37.24,10.7996
2017-08-21,East,Furniture,Furnishings,117.08,39.8072
2017-08-21,East,Office Supplies,Binders,4337.639999999999,1464.3546000000001
2017-08-21,East,Office Supplies,Paper,277.4,133.152
2017-08-21,South,Furniture,Chairs,866.4,225.264
2017-08-21,West,Furniture,Chairs,388.704,38.8704
2017-08-21,West,Furniture,Furnishings,152.672,17.5036
2017-08-21,West,Furniture,Tables,568.728,28.4364
2017-08-21,West,Office Supplies,Appliances,203.52,54.9504
2017-08-21,West,Office Supplies,Art,17.12,4.9648
2017-08-21,West,Office Supplies,Binders,117.144,42.4647
2017-08-21,West,Office Supplies,Labels,51.75,24.84
2017-08-21,West,Office Supplies,Paper,90.55199999999999,31.443
2017-08-21,West,Office Supplies,Storage,809.676,55.100699999999996
2017-08-21,West,Technology,Accessories,33.18,11.613
2017-08-21,West,Technology,Phones,431.968,37.7972
2017-08-22,East,Furniture,Tables,314.532,-83.8752
2017-08-22,West,Furniture,Tables,210.008,2.6251
2017-08-23,South,Furniture,Furnishings,2.784,0.4176
2017-08-23,South,Office Supplies,Appliances,161.376,12.1032
2017-08-23,South,Office Supplies,Paper,58.288,18.433
2017-08-23,South,Technology,Phones,4367.896,327.5922
2017-08-24,East,Office Supplies,Appliances,646.272,64.6272
2017-08-24,East,Office Supplies,Binders,28.416,9.0204
2017-08-24,East,Office Supplies,Paper,10.368,3.7584
2017-08-25,East,Furniture,Bookcases,130.98,-89.0664
2017-08-25,East,Office Supplies,Storage,25.696,1.9272
2017-08-25,South,Office Supplies,Art,9.728,1.7024
2017-08-25,South,Office Supplies,Paper,195.584,68.326
2017-08-26,Central,Furniture,Furnishings,64.96,-43.848
2017-08-26,Central,Office Supplies,Storage,53.72,13.9672
2017-08-26,South,Technology,Accessories,71.98,15.1158
2017-08-27,Central,Office Supplies,Art,5.952,0.372
2017-08-27,East,Furniture,Tables,1488.424,-297.6848
2017-08-27,East,Office Supplies,Binders,37.008,11.565
2017-08-27,East,Office Supplies,Paper,12.672,3.96
2017-08-27,East,Office Supplies,Storage,63.84,16.5984
2017-08-27,East,Technology,Accessories,1119.888,209.979
2017-08-27,East,Technology,Phones,347.97,100.9113
2017-08-27,South,Office Supplies,Appliances,14.336,0.896
2017-08-27,South,Office Supplies,Envelopes,2.896,0.9774
2017-08-27,South,Office Supplies,Paper,5.184,1.8144
2017-08-27,West,Furniture,Chairs,230.28,23.028
2017-08-27,West,Furniture,Furnishings,319.036,132.3884
2017-08-27,West,Office Supplies,Appliances,321.92,96.576
2017-08-27,West,Office Supplies,Binders,841.568,294.5488
2017-08-27,West,Office Supplies,Paper,116.28,56.9772
2017-08-27,West,Office Supplies,Storage,354.9,17.745
2017-08-27,West,Office Supplies,Supplies,28.4,8.236
2017-08-27,West,Technology,Copiers,879.984,329.994
2017-08-28,Central,Office Supplies,Appliances,91.6,26.564
2017-08-28,Central,Office Supplies,Paper,52.064,17.272
2017-08-28,Central,Office Supplies,Supplies,21.81,5.8887
2017-08-28,West,Furniture,Tables,1137.75,250.305
2017-08-28,West,Office Supplies,Art,5.56,1.4456
2017-08-28,West,Office Supplies,Binders,99.68,32.396
2017-08-28,West,Technology,Phones,35.168,11.4296
2017-08-29,Central,Office Supplies,Binders,3.24,-5.184
2017-08-29,Central,Office Supplies,Labels,47.36,17.76
2017-08-29,Central,Office Supplies,Storage,27.44,2.401
2017-08-29,East,Office Supplies,Art,9.408,0.7056
2017-08-29,West,Furniture,Furnishings,148.02,41.4456
2017-08-31,Central,Office Supplies,Appliances,638.73,166.0698
2017-08-31,South,Office Supplies,Paper,229.544,83.2097
2017-08-31,South,Technology,Accessories,659.9,217.767
2017-08-31,West,Furniture,Chairs,569.568,7.1196
2017-08-31,West,Office Supplies,Binders,6.672,2.1684
2017-08-31,West,Office Supplies,Fasteners,8.376,2.7222
2017-08-31,West,Office Supplies,Storage,354.424,53.925
2017-08-31,West,Office Supplies,Supplies,6.208,0.6984
2017-08-31,West,Technology,Phones,689.408,77.5584
2017-09-01,Central,Furniture,Chairs,498.26,134.5302
2017-09-01,East,Furniture,Furnishings,114.9,39.066
2017-09-01,West,Furniture,Tables,283.56,45.3696
2017-09-01,West,Office Supplies,Appliances,314.6,103.818
2017-09-01,West,Office Supplies,Art,7.58,2.9562
2017-09-01,West,Office Supplies,Binders,22.92,8.022
2017-09-01,West,Technology,Accessories,19.99,6.7966
2017-09-02,Central,Office Supplies,Appliances,5.588,-15.0876
2017-09-02,Central,Office Supplies,Fasteners,16.0,5.6
2017-09-02,Central,Office Supplies,Storage,588.3,36.8124
2017-09-02,Central,Technology,Accessories,1969.46,822.2564
2017-09-02,Central,Technology,Phones,1199.8,323.946
2017-09-02,East,Furniture,Chairs,1282.41,213.735
2017-09-02,East,Furniture,Furnishings,26.612,7.6068
2017-09-02,East,Furniture,Tables,254.526,-93.3262
2017-09-02,East,Office Supplies,Appliances,12.98,3.7642
2017-09-02,East,Office Supplies,Art,28.020000000000003,8.682
2017-09-02,East,Office Supplies,Binders,26.432,8.9208
2017-09-02,East,Office Supplies,Labels,18.9,9.072
2017-09-02,East,Office Supplies,Paper,256.052,122.79119999999999
2017-09-02,East,Office Supplies,Storage,10.9,2.834
2017-09-02,East,Technology,Accessories,405.97,78.3928
2017-09-02,East,Technology,Phones,197.97,57.4113
2017-09-02,South,Office Supplies,Binders,1577.94,757.4112
2017-09-02,West,Furniture,Chairs,215.976,-2.6997
2017-09-02,West,Furniture,Furnishings,511.5,132.99
2017-09-02,West,Furniture,Tables,236.528,-2.9566
2017-09-02,West,Office Supplies,Appliances,43.1,11.206
2017-09-02,West,Office Supplies,Art,15.97,4.4999
2017-09-02,West,Office Supplies,Binders,166.64,52.777
2017-09-02,West,Office Supplies,Labels,85.696,40.9474
2017-09-02,West,Technology,Phones,201.584,12.599
2017-09-03,Central,Furniture,Furnishings,108.4,-105.69
2017-09-03,Central,Office Supplies,Binders,42.616,-68.1856
2017-09-03,Central,Office Supplies,Paper,8.904,3.339
2017-09-03,Central,Technology,Accessories,100.8,21.42
2017-09-03,East,Furniture,Chairs,272.565,6.046199999999999
2017-09-03,East,Office Supplies,Art,5.56,2.224
2017-09-03,East,Office Supplies,Paper,419.4,201.312
2017-09-03,South,Office Supplies,Envelopes,24.448,8.8624
2017-09-03,West,Furniture,Bookcases,239.666,14.098
2017-09-03,West,Office Supplies,Art,5.96,1.6688
2017-09-03,West,Office Supplies,Binders,82.56,28.896
2017-09-03,West,Technology,Accessories,284.97,85.491
2017-09-04,Central,Furniture,Bookcases,825.174,-117.882
2017-09-04,Central,Office Supplies,Art,60.608000000000004,11.619
2017-09-04,Central,Office Supplies,Paper,17.76,5.55
2017-09-04,Central,Office Supplies,Storage,16.784,-0.2098
2017-09-04,East,Office Supplies,Art,8.256,0.6192
2017-09-04,East,Office Supplies,Binders,29.927999999999997,-23.5056
2017-09-04,East,Office Supplies,Fasteners,14.82,6.9654
2017-09-04,East,Office Supplies,Paper,11.52,3.744
2017-09-04,East,Technology,Accessories,111.0,38.1148
2017-09-04,South,Furniture,Chairs,97.184,6.074
2017-09-04,South,Office Supplies,Paper,10.368,3.6288
2017-09-04,West,Furniture,Tables,2800.624,-6.784400000000005
2017-09-04,West,Office Supplies,Binders,601.21,102.24860000000001
2017-09-04,West,Office Supplies,Paper,12.96,6.2208
2017-09-04,West,Office Supplies,Storage,693.27,171.1732
2017-09-04,West,Technology,Phones,48.736000000000004,16.8491
2017-09-05,South,Office Supplies,Art,71.96,7.196
2017-09-05,South,Office Supplies,Paper,15.552,5.4432
2017-09-05,South,Office Supplies,Storage,147.184,-29.4368
2017-09-05,South,Technology,Accessories,89.568,-1.1196
2017-09-05,West,Office Supplies,Art,2.78,0.7228
2017-09-07,Central,Furniture,Furnishings,135.3,37.884
2017-09-07,Central,Office Supplies,Binders,1577.94,757.4112
2017-09-07,Central,Office Supplies,Paper,73.008,26.4654
2017-09-07,Central,Technology,Accessories,127.0,48.4304
2017-09-07,East,Office Supplies,Envelopes,4.896,1.6524
2017-09-07,East,Office Supplies,Labels,29.24,9.8685
2017-09-07,East,Office Supplies,Paper,72.412,31.998399999999997
2017-09-07,East,Office Supplies,Storage,478.08,133.8624
2017-09-07,South,Office Supplies,Appliances,81.568,7.1372
2017-09-07,West,Furniture,Chairs,161.568,-28.2744
2017-09-07,West,Furniture,Furnishings,173.82,56.0762
2017-09-07,West,Office Supplies,Art,25.98,7.2744
2017-09-07,West,Office Supplies,Binders,7.857,-6.0237
2017-09-07,West,Office Supplies,Storage,37.68,2.355
2017-09-07,West,Technology,Accessories,279.944,80.4839
2017-09-07,West,Technology,Phones,582.2719999999999,81.6384
2017-09-08,Central,Furniture,Chairs,213.43,-39.637
2017-09-08,Central,Furniture,Furnishings,21.184,-11.6512
2017-09-08,Central,Furniture,Tables,765.625,-566.5625
2017-09-08,Central,Office Supplies,Binders,42.616,-68.1856
2017-09-08,Central,Office Supplies,Fasteners,45.92,15.498
2017-09-08,Central,Office Supplies,Paper,20.736,7.2576
2017-09-08,Central,Technology,Accessories,85.2,20.235
2017-09-08,Central,Technology,Copiers,319.984,107.9946
2017-09-08,East,Office Supplies,Storage,65.12,16.9312
2017-09-08,East,Technology,Accessories,125.928,35.2947
2017-09-08,East,Technology,Phones,258.528,-47.3968
2017-09-08,South,Office Supplies,Storage,61.68,5.397
2017-09-08,South,Technology,Phones,158.376,13.8579
2017-09-09,Central,Office Supplies,Envelopes,17.48,8.2156
2017-09-09,Central,Office Supplies,Labels,9.856,3.4496
2017-09-09,East,Furniture,Chairs,141.372,-48.4704
2017-09-09,East,Furniture,Furnishings,83.136,-7.388000000000001
2017-09-09,East,Office Supplies,Art,30.592000000000002,5.4648
2017-09-09,East,Office Supplies,Binders,18.657,-14.709
2017-09-09,East,Office Supplies,Labels,17.712,5.9778
2017-09-09,East,Technology,Accessories,354.576,93.438
2017-09-09,East,Technology,Phones,1931.958,-386.3916
2017-09-09,South,Furniture,Furnishings,14.136,4.2408
2017-09-09,South,Office Supplies,Paper,177.536,62.1376
2017-09-09,South,Office Supplies,Storage,943.74,24.022199999999998
2017-09-09,South,Office Supplies,Supplies,8.832,-1.9872
2017-09-09,West,Furniture,Chairs,243.92,-15.245
2017-09-09,West,Office Supplies,Appliances,11.176,0.8382
2017-09-09,West,Office Supplies,Art,6.56,1.9024
2017-09-09,West,Office Supplies,Paper,84.992,36.4728
2017-09-09,West,Office Supplies,Storage,99.87,23.9688
2017-09-09,West,Technology,Accessories,159.96,51.1872
2017-09-10,Central,Office Supplies,Appliances,58.17,21.8697
2017-09-10,Central,Office Supplies,Binders,792.504,-1129.5342
2017-09-10,Central,Office Supplies,Paper,24.9,11.703
2017-09-10,Central,Office Supplies,Storage,286.29,17.1774
2017-09-10,Central,Technology,Accessories,409.65000000000003,60.201
2017-09-10,Central,Technology,Phones,147.168,16.5564
2017-09-10,East,Office Supplies,Art,14.88,3.72
2017-09-10,East,Office Supplies,Paper,103.816,37.7112
2017-09-10,East,Technology,Accessories,37.056,8.8008
2017-09-10,East,Technology,Phones,259.896,-56.3108
2017-09-10,South,Office Supplies,Binders,2.78,1.3622
2017-09-10,West,Furniture,Chairs,362.352,27.1764
2017-09-10,West,Office Supplies,Binders,7.184,2.245
2017-09-11,Central,Furniture,Tables,512.19,-65.853
2017-09-11,Central,Office Supplies,Appliances,1.556,-4.2012
2017-09-11,Central,Office Supplies,Fasteners,10.528,3.29
2017-09-11,Central,Office Supplies,Paper,30.816000000000003,9.629999999999999
2017-09-11,South,Furniture,Furnishings,34.504,6.0382
2017-09-11,South,Office Supplies,Appliances,263.58000000000004,71.24680000000001
2017-09-11,South,Office Supplies,Fasteners,14.2,6.674
2017-09-11,South,Office Supplies,Paper,184.66,84.9436
2017-09-11,West,Furniture,Chairs,2231.84,265.6624
2017-09-11,West,Furniture,Furnishings,32.36,11.6496
2017-09-11,West,Office Supplies,Appliances,406.6,113.848
2017-09-11,West,Office Supplies,Binders,1471.96,459.9875
2017-09-11,West,Office Supplies,Envelopes,22.18,10.8682
2017-09-11,West,Office Supplies,Paper,123.12,59.0976
2017-09-11,West,Technology,Phones,223.91199999999998,0.0030000000000001137
2017-09-12,East,Office Supplies,Appliances,90.86,26.3494
2017-09-12,East,Office Supplies,Binders,45.78,22.89
2017-09-12,East,Office Supplies,Paper,180.11,87.2508
2017-09-12,West,Furniture,Furnishings,8.36,3.0096
2017-09-12,West,Office Supplies,Paper,166.44,79.8912
2017-09-13,South,Office Supplies,Art,15.92,2.786
2017-09-14,Central,Office Supplies,Paper,19.05,8.763
2017-09-14,East,Furniture,Chairs,702.7819999999999,-35.7018
2017-09-14,East,Furniture,Furnishings,127.936,4.7976
2017-09-14,East,Office Supplies,Art,100.9,27.1325
2017-09-14,East,Office Supplies,Binders,22.194000000000003,-14.796
2017-09-14,East,Office Supplies,Paper,20.12,9.516399999999999
2017-09-14,East,Office Supplies,Storage,70.98,3.549
2017-09-14,East,Technology,Accessories,895.944,190.3881
2017-09-14,East,Technology,Machines,253.755,-186.8575
2017-09-14,East,Technology,Phones,1079.85,323.955
2017-09-14,South,Office Supplies,Appliances,942.784,94.2784
2017-09-14,South,Office Supplies,Paper,74.352,23.235
2017-09-14,West,Office Supplies,Labels,56.7,26.082
2017-09-15,Central,Office Supplies,Art,31.744,8.3328
2017-09-15,Central,Office Supplies,Paper,31.872,11.5536
2017-09-15,Central,Technology,Phones,323.976,20.2485
2017-09-15,East,Furniture,Bookcases,782.94,203.5644
2017-09-15,East,Furniture,Chairs,512.96,143.6288
2017-09-15,East,Furniture,Furnishings,82.96000000000001,31.050400000000003
2017-09-15,East,Office Supplies,Art,16.28,6.512
2017-09-15,East,Office Supplies,Binders,242.48,116.3904
2017-09-15,East,Office Supplies,Storage,120.57999999999998,10.8136
2017-09-15,East,Technology,Accessories,59.98,10.7964
2017-09-15,East,Technology,Phones,435.93,114.5415
2017-09-15,South,Office Supplies,Paper,163.96,59.4355
2017-09-15,West,Furniture,Chairs,403.10400000000004,-20.7846
2017-09-15,West,Furniture,Furnishings,529.9,105.98
2017-09-15,West,Furniture,Tables,300.904,11.2839
2017-09-15,West,Office Supplies,Appliances,108.96,30.5088
2017-09-15,West,Office Supplies,Art,111.72,46.9224
2017-09-15,West,Office Supplies,Binders,2655.232,991.8558
2017-09-15,West,Technology,Phones,369.544,32.3351
2017-09-16,Central,Office Supplies,Envelopes,17.568,6.3684
2017-09-16,Central,Technology,Phones,55.992,5.5992
2017-09-16,East,Furniture,Furnishings,22.512,2.2512
2017-09-16,East,Office Supplies,Binders,541.6379999999999,-415.3706
2017-09-16,East,Office Supplies,Paper,41.28,13.6776
2017-09-16,East,Technology,Accessories,119.96000000000001,34.1886
2017-09-16,South,Technology,Accessories,18.0,3.24
2017-09-16,West,Office Supplies,Art,5.98,1.5548
2017-09-16,West,Office Supplies,Fasteners,17.9,8.771
2017-09-16,West,Office Supplies,Paper,8.82,4.0572
2017-09-17,Central,Furniture,Chairs,318.43,-77.333
2017-09-17,Central,Office Supplies,Art,9.912,3.2214
2017-09-17,Central,Office Supplies,Binders,5.8,-10.15
2017-09-17,Central,Technology,Phones,1415.76,88.485
2017-09-17,East,Office Supplies,Storage,34.05,9.534
2017-09-17,East,Technology,Machines,480.0,225.6
2017-09-17,South,Furniture,Chairs,723.92,188.2192
2017-09-17,South,Office Supplies,Paper,106.32,49.9704
2017-09-17,West,Furniture,Bookcases,1292.94,77.5764
2017-09-17,West,Office Supplies,Binders,48.144,16.7283
2017-09-17,West,Office Supplies,Labels,14.4,7.056
2017-09-17,West,Office Supplies,Paper,177.84,87.1416
2017-09-17,West,Office Supplies,Storage,261.74,65.435
2017-09-17,West,Technology,Accessories,89.97,37.7874
2017-09-18,Central,Office Supplies,Art,8.928,0.558
2017-09-18,Central,Office Supplies,Envelopes,114.848,35.89
2017-09-18,Central,Office Supplies,Paper,38.68,18.204
2017-09-18,Central,Office Supplies,Storage,47.584,-2.974
2017-09-18,East,Furniture,Furnishings,9.82,3.2406
2017-09-18,East,Office Supplies,Paper,19.44,9.3312
2017-09-18,South,Furniture,Furnishings,20.32,6.9088
2017-09-18,South,Office Supplies,Art,113.94,34.182
2017-09-18,South,Office Supplies,Paper,321.43,151.8409
2017-09-18,South,Office Supplies,Supplies,34.48,9.9992
2017-09-18,South,Technology,Phones,507.66,146.2646
2017-09-18,West,Office Supplies,Art,8.82,2.3814
2017-09-18,West,Office Supplies,Binders,10.08,3.528
2017-09-18,West,Office Supplies,Envelopes,10.86,5.1042
2017-09-18,West,Office Supplies,Paper,143.7,68.976
2017-09-18,West,Technology,Accessories,101.34,8.1072
2017-09-19,East,Office Supplies,Binders,4.842,-3.3894
2017-09-19,East,Office Supplies,Paper,32.4,15.552
2017-09-19,South,Office Supplies,Art,35.4,13.452
2017-09-19,South,Office Supplies,Storage,95.616,9.5616
2017-09-19,West,Furniture,Bookcases,72.588,-128.2388
2017-09-19,West,Furniture,Furnishings,409.216,61.3824
2017-09-19,West,Office Supplies,Art,63.891999999999996,17.4716
2017-09-19,West,Office Supplies,Binders,18.18,-13.938
2017-09-19,West,Office Supplies,Storage,12.624,-2.5248
2017-09-19,West,Technology,Accessories,239.534,35.9687
2017-09-19,West,Technology,Phones,663.896,48.6926
2017-09-20,East,Furniture,Chairs,5496.174,1011.7262
2017-09-20,East,Office Supplies,Binders,11.784,3.9771
2017-09-20,East,Office Supplies,Fasteners,4.36,1.7876
2017-09-20,East,Office Supplies,Paper,52.28,24.433999999999997
2017-09-20,East,Office Supplies,Storage,45.4,12.712
2017-09-20,East,Technology,Accessories,345.41,137.9418
2017-09-20,East,Technology,Phones,1404.51,379.21770000000004
2017-09-21,Central,Office Supplies,Binders,20.16,9.8784
2017-09-21,East,Office Supplies,Binders,1.908,-1.5264
2017-09-21,South,Office Supplies,Appliances,80.48,24.144
2017-09-21,South,Office Supplies,Binders,12.294,-8.6058
2017-09-21,West,Office Supplies,Paper,55.86,27.93
2017-09-21,West,Office Supplies,Storage,15.51,3.8775
2017-09-21,West,Technology,Accessories,151.96,41.5092
2017-09-22,Central,Furniture,Bookcases,241.96,41.1332
2017-09-22,Central,Office Supplies,Binders,44.268,-2.997399999999999
2017-09-22,Central,Office Supplies,Envelopes,13.392,5.022
2017-09-22,Central,Office Supplies,Labels,27.72,13.3056
2017-09-22,Central,Office Supplies,Paper,219.84,107.7216
2017-09-22,Central,Technology,Accessories,98.16,9.816
2017-09-22,Central,Technology,Phones,86.97,25.2213
2017-09-22,East,Furniture,Furnishings,12.07,3.9831
2017-09-22,East,Office Supplies,Binders,45.783,10.2651
2017-09-22,East,Office Supplies,Storage,67.4,17.524
2017-09-22,East,Office Supplies,Supplies,4663.736,-1049.3406
2017-09-22,East,Technology,Accessories,1150.984,194.3554
2017-09-22,East,Technology,Phones,391.98,113.6742
2017-09-22,South,Office Supplies,Art,17.94,6.4584
2017-09-22,South,Office Supplies,Binders,691.96,318.3016
2017-09-22,South,Office Supplies,Paper,12.96,6.2208
2017-09-22,South,Technology,Accessories,34.95,15.378
2017-09-22,West,Office Supplies,Paper,27.18,12.231
2017-09-22,West,Office Supplies,Supplies,21.96,6.1488
2017-09-23,Central,Office Supplies,Appliances,73.176,-197.5752
2017-09-23,Central,Office Supplies,Paper,29.984,10.61
2017-09-23,Central,Technology,Accessories,291.96,102.186
2017-09-23,Central,Technology,Phones,39.984,-8.9964
2017-09-23,South,Office Supplies,Paper,264.59999999999997,94.2948
2017-09-23,South,Technology,Accessories,199.95,63.984
2017-09-23,West,Furniture,Bookcases,180.588,-240.784
2017-09-23,West,Furniture,Chairs,594.816,59.4816
2017-09-23,West,Furniture,Furnishings,29.328,3.666
2017-09-23,West,Office Supplies,Appliances,280.92,81.8768
2017-09-23,West,Office Supplies,Binders,105.66399999999999,35.0724
2017-09-23,West,Office Supplies,Envelopes,14.352,5.2026
2017-09-23,West,Office Supplies,Paper,211.04,97.0784
2017-09-23,West,Office Supplies,Storage,31.44,8.4888
2017-09-23,West,Technology,Accessories,47.984,0.5998
2017-09-24,Central,Furniture,Chairs,1124.384,166.3056
2017-09-24,Central,Office Supplies,Paper,11.424,3.7128
2017-09-24,Central,Technology,Accessories,727.9,288.438
2017-09-24,East,Furniture,Furnishings,103.056,24.4758
2017-09-24,East,Technology,Phones,1999.524,-12.324299999999994
2017-09-24,South,Office Supplies,Art,27.0,8.6736
2017-09-24,South,Office Supplies,Binders,54.28,6.3886
2017-09-24,South,Office Supplies,Labels,251.694,93.08970000000001
2017-09-24,South,Office Supplies,Storage,55.8,13.95
2017-09-24,South,Technology,Accessories,17.88,2.4585
2017-09-24,South,Technology,Phones,473.86,63.568
2017-09-24,West,Furniture,Furnishings,199.8,71.928
2017-09-24,West,Office Supplies,Paper,31.08,15.2292
2017-09-24,West,Office Supplies,Supplies,7.3,2.19
2017-09-24,West,Technology,Machines,506.28,177.198
2017-09-24,West,Technology,Phones,859.2,75.18
2017-09-25,Central,Furniture,Chairs,269.97,51.2943
2017-09-25,Central,Office Supplies,Binders,8.26,3.8822
2017-09-25,East,Furniture,Chairs,488.646,86.8704
2017-09-25,East,Furniture,Furnishings,47.12,20.7328
2017-09-25,East,Office Supplies,Art,16.168,2.3738
2017-09-25,East,Office Supplies,Binders,8.595,-6.303
2017-09-25,East,Office Supplies,Envelopes,24.448,8.8624
2017-09-25,East,Office Supplies,Labels,20.7,9.936
2017-09-25,East,Office Supplies,Supplies,190.896,-42.9516
2017-09-25,East,Technology,Accessories,119.96,35.988
2017-09-25,South,Office Supplies,Storage,177.55,47.9385
2017-09-25,West,Office Supplies,Storage,39.9,10.374
2017-09-26,South,Furniture,Chairs,419.136,-57.6312
2017-09-26,West,Furniture,Furnishings,9.24,2.9568
2017-09-26,West,Office Supplies,Art,2.224,0.556
2017-09-26,West,Office Supplies,Binders,948.216,319.8099
2017-09-26,West,Office Supplies,Envelopes,71.88,33.0648
2017-09-26,West,Office Supplies,Paper,35.88,16.146
2017-09-28,Central,Office Supplies,Supplies,1.744,-0.3488
2017-09-28,East,Office Supplies,Binders,2.655,-1.8585
2017-09-28,South,Office Supplies,Paper,10.368,3.6288
2017-09-28,West,Furniture,Furnishings,42.016000000000005,7.7128
2017-09-28,West,Office Supplies,Appliances,209.792,26.224
2017-09-28,West,Office Supplies,Binders,76.776,-58.8616
2017-09-28,West,Office Supplies,Paper,14.352,5.2026
2017-09-28,West,Office Supplies,Storage,147.184,-29.4368
2017-09-28,West,Technology,Accessories,54.384,1.3596
2017-09-29,Central,Office Supplies,Envelopes,27.968,9.4392
2017-09-29,Central,Office Supplies,Labels,7.968,2.5896
2017-09-29,Central,Technology,Machines,336.51,44.868
2017-09-29,East,Furniture,Chairs,63.686,-15.4666
2017-09-29,East,Furniture,Furnishings,21.248,7.4368
2017-09-29,East,Furniture,Tables,344.22,-189.321
2017-09-29,East,Office Supplies,Envelopes,31.32,14.879999999999999
2017-09-29,East,Office Supplies,Paper,75.55,32.3117
2017-09-29,East,Office Supplies,Storage,51.168,-6.396
2017-09-29,East,Technology,Accessories,239.976,65.9934
2017-09-29,South,Office Supplies,Storage,243.92,-54.882
2017-09-29,West,Furniture,Chairs,72.784,0.0
2017-09-29,West,Furniture,Furnishings,51.75,15.525
2017-09-29,West,Office Supplies,Appliances,97.84,25.4384
2017-09-29,West,Office Supplies,Art,99.2,25.792
2017-09-29,West,Office Supplies,Binders,46.672,16.3352
2017-09-29,West,Office Supplies,Fasteners,35.0,16.8
2017-09-29,West,Office Supplies,Supplies,97.3,28.217
2017-09-30,Central,Office Supplies,Binders,11.646,-17.469
2017-09-30,East,Office Supplies,Labels,20.664,6.9741
2017-09-30,East,Office Supplies,Paper,164.88,80.7912
2017-09-30,West,Office Supplies,Appliances,3.89,1.0114
2017-09-30,West,Office Supplies,Paper,179.7,88.053
2017-09-30,West,Technology,Accessories,159.98,47.994
2017-10-01,Central,Office Supplies,Art,6.672,0.5004
2017-10-01,Central,Office Supplies,Paper,104.85,50.328
2017-10-01,East,Technology,Machines,1704.89,767.2005
2017-10-01,West,Furniture,Chairs,559.76,9.5032
2017-10-01,West,Office Supplies,Appliances,241.96,60.49
2017-10-01,West,Office Supplies,Binders,144.304,48.720600000000005
2017-10-01,West,Office Supplies,Paper,111.28,54.332800000000006
2017-10-01,West,Technology,Accessories,104.75,21.9975
2017-10-02,Central,Furniture,Furnishings,157.74,56.7864
2017-10-02,Central,Office Supplies,Appliances,37.208,-94.8804
2017-10-02,Central,Office Supplies,Art,56.98,22.792
2017-10-02,Central,Office Supplies,Binders,60.93,28.1142
2017-10-02,East,Office Supplies,Paper,49.12,23.0864
2017-10-02,East,Technology,Phones,65.99,17.1574
2017-10-02,South,Furniture,Furnishings,51.384,12.2799
2017-10-02,South,Furniture,Tables,2314.116,-1002.7836
2017-10-02,South,Office Supplies,Binders,61.596,-48.1356
2017-10-02,South,Office Supplies,Paper,20.736,7.2576
2017-10-02,West,Furniture,Bookcases,217.764,-384.7164
2017-10-02,West,Furniture,Furnishings,17.46,5.9364
2017-10-02,West,Office Supplies,Art,95.144,10.7037
2017-10-02,West,Office Supplies,Binders,134.758,25.443800000000003
2017-10-02,West,Office Supplies,Fasteners,8.94,4.1124
2017-10-02,West,Office Supplies,Storage,1575.14,204.7682
2017-10-02,West,Office Supplies,Supplies,39.072,4.3956
2017-10-02,West,Technology,Machines,369.16,32.3015
2017-10-02,West,Technology,Phones,84.784,-20.1362
2017-10-03,Central,Office Supplies,Art,20.64,2.322
2017-10-03,Central,Office Supplies,Binders,1793.98,843.1706
2017-10-03,East,Furniture,Furnishings,83.92,21.8192
2017-10-03,East,Office Supplies,Art,6.63,3.1161
2017-10-03,East,Office Supplies,Storage,22.58,5.8708
2017-10-03,East,Technology,Accessories,371.97,66.9546
2017-10-03,South,Office Supplies,Appliances,17.92,1.12
2017-10-03,South,Office Supplies,Paper,15.552,5.4432
2017-10-03,West,Furniture,Tables,171.288,-6.4233
2017-10-04,East,Furniture,Furnishings,19.98,8.5914
2017-10-05,East,Furniture,Chairs,221.382,2.4598
2017-10-05,East,Office Supplies,Binders,75.792,25.5798
2017-10-05,East,Technology,Machines,5199.96,1351.9896
2017-10-05,East,Technology,Phones,248.73000000000002,47.1186
2017-10-05,West,Furniture,Chairs,435.168,-59.8356
2017-10-05,West,Furniture,Furnishings,72.9,26.973
2017-10-05,West,Furniture,Tables,206.352,5.1588
2017-10-05,West,Office Supplies,Appliances,15.8,4.108
2017-10-05,West,Office Supplies,Binders,59.856,20.6998
2017-10-05,West,Office Supplies,Fasteners,14.9,6.854
2017-10-05,West,Office Supplies,Paper,61.96,27.882
2017-10-05,West,Technology,Accessories,63.824,13.5626
2017-10-05,West,Technology,Phones,7.992,2.6973
2017-10-06,Central,Office Supplies,Art,19.152,1.197
2017-10-06,Central,Office Supplies,Storage,290.336,32.6628
2017-10-06,East,Office Supplies,Paper,208.20999999999998,99.8395
2017-10-06,East,Office Supplies,Storage,344.91,10.3473
2017-10-06,East,Technology,Accessories,319.96,115.1856
2017-10-06,West,Furniture,Furnishings,41.96,2.9372
2017-10-06,West,Office Supplies,Appliances,227.84,66.0736
2017-10-06,West,Office Supplies,Art,9.344,1.8688
2017-10-06,West,Office Supplies,Paper,37.94,18.2112
2017-10-07,Central,Office Supplies,Binders,4.24,-6.36
2017-10-07,Central,Office Supplies,Storage,85.52,22.2352
2017-10-07,South,Furniture,Tables,154.764,-36.1116
2017-10-07,South,Office Supplies,Binders,50.454,-33.636
2017-10-07,South,Office Supplies,Fasteners,18.936,5.9175
2017-10-07,South,Office Supplies,Storage,580.672,65.3256
2017-10-07,South,Technology,Phones,222.384,16.6788
2017-10-07,West,Furniture,Bookcases,307.666,-14.4784
2017-10-07,West,Technology,Accessories,1115.91,200.8638
2017-10-07,West,Technology,Phones,208.664,-1.9944000000000024
2017-10-08,East,Furniture,Chairs,145.764,3.2392
2017-10-08,East,Office Supplies,Storage,42.76,11.1176
2017-10-08,West,Office Supplies,Storage,40.68,0.4068
2017-10-08,West,Technology,Accessories,275.96000000000004,121.66080000000001
2017-10-08,West,Technology,Phones,103.192,11.6091
2017-10-09,Central,Furniture,Chairs,254.058,-32.6646
2017-10-09,Central,Furniture,Tables,719.095,-473.26980000000003
2017-10-09,Central,Office Supplies,Art,67.144,5.8751
2017-10-09,East,Furniture,Bookcases,314.352,-15.7176
2017-10-09,East,Furniture,Furnishings,45.888,9.1776
2017-10-09,East,Office Supplies,Binders,31.055999999999997,10.4814
2017-10-09,East,Office Supplies,Paper,18.98,8.9206
2017-10-09,South,Office Supplies,Paper,10.816,3.5152
2017-10-09,West,Office Supplies,Paper,35.2,16.544
2017-10-10,Central,Furniture,Chairs,239.358,-47.8716
2017-10-12,Central,Furniture,Chairs,254.604,-18.186
2017-10-12,Central,Office Supplies,Paper,10.368,3.7584
2017-10-12,Central,Technology,Accessories,831.864,127.1811
2017-10-12,Central,Technology,Phones,369.544,27.7158
2017-10-12,East,Furniture,Bookcases,2154.9,129.294
2017-10-12,East,Furniture,Furnishings,40.48,17.4064
2017-10-12,East,Furniture,Tables,673.344,-76.9536
2017-10-12,East,Office Supplies,Fasteners,17.9,8.771
2017-10-12,East,Office Supplies,Paper,9.96,4.6812
2017-10-12,East,Technology,Accessories,45.0,4.95
2017-10-12,South,Office Supplies,Paper,7.968,2.6892
2017-10-12,West,Office Supplies,Art,5.88,1.5876
2017-10-12,West,Office Supplies,Binders,181.712,66.869
2017-10-12,West,Technology,Accessories,1031.83,226.38760000000002
2017-10-13,Central,Furniture,Furnishings,10.476,-6.8094
2017-10-13,Central,Office Supplies,Binders,96.784,-145.176
2017-10-13,Central,Office Supplies,Paper,63.312,20.5764
2017-10-13,East,Office Supplies,Appliances,904.9,253.372
2017-10-13,East,Office Supplies,Labels,24.84,8.694
2017-10-13,East,Office Supplies,Paper,29.823999999999998,9.984
2017-10-13,East,Office Supplies,Storage,59.712,5.9712
2017-10-13,South,Furniture,Tables,1504.52,346.0396
2017-10-13,South,Office Supplies,Labels,11.07,5.2029
2017-10-13,South,Office Supplies,Paper,25.92,12.4416
2017-10-13,South,Office Supplies,Storage,348.56,104.568
2017-10-13,West,Office Supplies,Binders,5083.96,1906.485
2017-10-13,West,Technology,Accessories,209.94,39.8886
2017-10-13,West,Technology,Phones,31.984,-7.996
2017-10-14,Central,Office Supplies,Binders,40.852000000000004,-66.0118
2017-10-14,East,Office Supplies,Binders,37.66,18.4534
2017-10-14,West,Furniture,Furnishings,9.46,3.6894
2017-10-14,West,Technology,Accessories,46.36,15.2988
2017-10-15,East,Office Supplies,Labels,13.05,6.003
2017-10-15,West,Furniture,Furnishings,22.72,9.3152
2017-10-15,West,Furniture,Tables,510.24,6.378
2017-10-15,West,Office Supplies,Art,99.6,30.5808
2017-10-15,West,Office Supplies,Labels,167.38,77.43669999999999
2017-10-15,West,Office Supplies,Paper,204.95,100.4255
2017-10-16,East,Furniture,Furnishings,547.3,175.136
2017-10-16,South,Furniture,Tables,1875.258,-968.8833
2017-10-16,South,Office Supplies,Binders,124.75,57.385
2017-10-16,South,Technology,Accessories,18.528,4.4004
2017-10-16,West,Office Supplies,Paper,307.776,111.5688
2017-10-16,West,Technology,Machines,599.985,-479.988
2017-10-17,East,Office Supplies,Paper,12.96,6.2208
2017-10-17,East,Office Supplies,Storage,49.96,9.4924
2017-10-17,West,Office Supplies,Art,10.64,2.7664
2017-10-17,West,Technology,Phones,52.792,4.6193
2017-10-19,Central,Furniture,Bookcases,328.3992,-91.7586
2017-10-19,Central,Furniture,Tables,91.275,-67.5435
2017-10-19,Central,Office Supplies,Binders,2.072,-3.5224
2017-10-19,Central,Office Supplies,Paper,29.472,9.9468
2017-10-19,Central,Technology,Phones,16.68,5.2125
2017-10-19,East,Furniture,Furnishings,56.56,14.7056
2017-10-19,East,Office Supplies,Art,123.256,9.2442
2017-10-19,East,Office Supplies,Paper,23.68,7.4
2017-10-19,East,Office Supplies,Storage,32.7,8.502
2017-10-19,East,Technology,Phones,309.576,-56.7556
2017-10-19,South,Office Supplies,Binders,1633.188,-1306.5504
2017-10-19,West,Furniture,Furnishings,30.56,10.3904
2017-10-19,West,Furniture,Tables,24.368,-3.3506
2017-10-19,West,Office Supplies,Binders,39.624,13.8684
2017-10-19,West,Office Supplies,Envelopes,8.96,4.3008
2017-10-19,West,Office Supplies,Labels,31.5,15.12
2017-10-20,East,Furniture,Tables,284.364,-75.8304
2017-10-20,East,Office Supplies,Labels,24.55,12.0295
2017-10-20,East,Office Supplies,Paper,45.528,15.9348
2017-10-20,East,Office Supplies,Storage,665.408,66.5408
2017-10-20,South,Furniture,Furnishings,43.936,6.0412
2017-10-20,South,Office Supplies,Art,17.808,5.2536000000000005
2017-10-20,South,Office Supplies,Binders,145.85,70.008
2017-10-20,South,Office Supplies,Paper,60.984,25.7682
2017-10-20,South,Office Supplies,Storage,4.768,-0.7748
2017-10-20,South,Technology,Phones,15.984,1.3986
2017-10-20,West,Office Supplies,Binders,20.928,7.5864
2017-10-20,West,Office Supplies,Labels,3.75,1.8
2017-10-21,Central,Furniture,Tables,262.11,62.9064
2017-10-21,Central,Office Supplies,Appliances,23.992,-62.3792
2017-10-21,Central,Office Supplies,Binders,60.72,29.922
2017-10-21,Central,Office Supplies,Storage,909.12,9.0912
2017-10-21,Central,Technology,Phones,1439.92,374.3792
2017-10-21,East,Office Supplies,Appliances,161.568,16.1568
2017-10-21,East,Office Supplies,Binders,6.216,-4.9728
2017-10-21,East,Office Supplies,Paper,4.064,1.3716
2017-10-21,East,Office Supplies,Storage,71.376,-4.461
2017-10-21,East,Technology,Phones,329.988,-76.9972
2017-10-21,South,Furniture,Chairs,683.952,42.747
2017-10-21,South,Furniture,Furnishings,45.696,5.1408
2017-10-21,South,Office Supplies,Art,17.856,2.0088
2017-10-21,West,Furniture,Chairs,478.48,47.848
2017-10-21,West,Office Supplies,Binders,8.559,-6.5619
2017-10-21,West,Office Supplies,Paper,5.184,1.8144
2017-10-21,West,Technology,Accessories,28.4,6.745
2017-10-22,Central,Furniture,Tables,248.98,54.7756
2017-10-22,Central,Office Supplies,Art,36.44,12.0252
2017-10-22,Central,Office Supplies,Storage,333.09,23.3163
2017-10-22,East,Office Supplies,Envelopes,95.58,39.842999999999996
2017-10-22,East,Technology,Copiers,11199.968,3919.9888
2017-10-22,East,Technology,Phones,2485.29,641.8819000000001
2017-10-22,West,Furniture,Chairs,579.136,-28.9568
2017-10-22,West,Furniture,Tables,177.225,-120.513
2017-10-22,West,Office Supplies,Binders,3.168,-2.5344
2017-10-23,Central,Office Supplies,Art,10.272,0.8988
2017-10-23,Central,Office Supplies,Binders,13.326,-21.3681
2017-10-23,Central,Office Supplies,Storage,272.85600000000005,-57.1051
2017-10-23,Central,Technology,Accessories,55.2,-2.07
2017-10-23,Central,Technology,Phones,823.96,51.4975
2017-10-23,East,Furniture,Furnishings,314.76,94.27680000000001
2017-10-23,East,Furniture,Tables,878.64,-141.336
2017-10-23,East,Office Supplies,Appliances,2.22,0.666
2017-10-23,East,Office Supplies,Paper,81.4,38.83
2017-10-23,East,Technology,Phones,35.88,10.0464
2017-10-23,South,Technology,Phones,863.88,107.985
2017-10-24,Central,Furniture,Tables,517.405,-81.3065
2017-10-24,South,Office Supplies,Fasteners,11.68,5.256
2017-10-26,Central,Office Supplies,Labels,6.16,2.9568
2017-10-26,Central,Office Supplies,Storage,55.616,5.5616
2017-10-26,Central,Technology,Accessories,19.99,6.7966
2017-10-26,East,Office Supplies,Binders,114.72,-92.8854
2017-10-26,East,Office Supplies,Labels,14.76,4.9815
2017-10-26,East,Technology,Phones,180.192,6.440899999999999
2017-10-26,South,Furniture,Tables,356.85,60.6645
2017-10-26,South,Office Supplies,Envelopes,251.58,113.211
2017-10-27,Central,Office Supplies,Art,7.056,2.205
2017-10-27,Central,Office Supplies,Envelopes,15.84,5.544
2017-10-27,Central,Office Supplies,Paper,8.448,2.64
2017-10-27,Central,Technology,Phones,27.184,2.0388
2017-10-27,South,Office Supplies,Art,6.576,0.5754
2017-10-27,South,Office Supplies,Binders,5.607,-3.9249
2017-10-27,South,Office Supplies,Paper,56.784,20.5842
2017-10-27,West,Furniture,Bookcases,556.665,6.549
2017-10-27,West,Furniture,Tables,189.576,9.4788
2017-10-27,West,Office Supplies,Paper,44.784,16.2342
2017-10-27,West,Technology,Phones,167.8,41.937999999999995
2017-10-28,Central,Office Supplies,Paper,15.552,5.4432
2017-10-28,Central,Technology,Accessories,50.176,-5.9719999999999995
2017-10-28,East,Office Supplies,Envelopes,47.98,23.99
2017-10-28,East,Office Supplies,Labels,21.93,10.3071
2017-10-28,South,Furniture,Furnishings,77.952,15.5904
2017-10-28,South,Office Supplies,Paper,47.952,16.1838
2017-10-28,South,Office Supplies,Storage,147.184,-29.4368
2017-10-29,East,Office Supplies,Paper,46.96,22.5408
2017-10-30,Central,Furniture,Furnishings,16.192,-8.5008
2017-10-30,Central,Furniture,Tables,251.006,-68.1302
2017-10-30,Central,Office Supplies,Storage,54.192,4.0644
2017-10-30,East,Furniture,Furnishings,7.168,0.9856
2017-10-30,East,Office Supplies,Paper,20.736,7.2576
2017-10-30,East,Office Supplies,Storage,11.168,-2.5128
2017-10-30,East,Technology,Accessories,442.4,-55.3
2017-10-30,South,Furniture,Chairs,33.94,9.1638
2017-10-30,South,Office Supplies,Labels,30.0,14.4
2017-10-30,South,Office Supplies,Storage,105.98,4.2392
2017-10-30,South,Office Supplies,Supplies,35.06,10.518
2017-10-30,West,Furniture,Bookcases,199.98,37.9962
2017-10-30,West,Furniture,Chairs,783.8320000000001,-30.033099999999997
2017-10-30,West,Furniture,Furnishings,9.64,3.6632
2017-10-30,West,Office Supplies,Appliances,1702.12,510.636
2017-10-30,West,Office Supplies,Art,19.9,6.567
2017-10-30,West,Office Supplies,Binders,102.65599999999999,32.949
2017-10-30,West,Office Supplies,Labels,43.86,20.6142
2017-10-30,West,Office Supplies,Paper,7.42,3.71
2017-10-30,West,Technology,Phones,148.48,16.704
2017-10-31,Central,Office Supplies,Art,5.248,0.5904
2017-10-31,Central,Office Supplies,Envelopes,9.912,3.2214
2017-10-31,Central,Technology,Phones,508.768,38.1576
2017-11-01,East,Office Supplies,Paper,230.69,111.1411
2017-11-01,West,Furniture,Tables,2665.62,239.9058
2017-11-01,West,Office Supplies,Binders,25.12,7.85
2017-11-02,Central,Office Supplies,Appliances,83.9,20.975
2017-11-02,Central,Office Supplies,Art,82.116,14.601
2017-11-02,Central,Office Supplies,Fasteners,18.24,9.12
2017-11-02,Central,Office Supplies,Paper,11.76,5.7624
2017-11-02,East,Furniture,Chairs,155.372,-35.5136
2017-11-02,East,Furniture,Furnishings,3.312,0.6624
2017-11-02,East,Office Supplies,Appliances,20.136,1.2585
2017-11-02,East,Office Supplies,Envelopes,8.856,2.8782
2017-11-02,East,Office Supplies,Supplies,384.592,-81.7258
2017-11-02,East,Technology,Phones,859.2,-186.16
2017-11-02,South,Furniture,Chairs,975.92,292.776
2017-11-02,South,Office Supplies,Art,5.56,1.4456
2017-11-02,South,Office Supplies,Envelopes,5.32,2.6068
2017-11-02,South,Office Supplies,Storage,59.92,16.7776
2017-11-02,South,Technology,Accessories,2249.91,517.4793
2017-11-02,West,Furniture,Furnishings,25.02,10.5084
2017-11-02,West,Office Supplies,Appliances,168.1,43.706
2017-11-02,West,Office Supplies,Art,8.8,4.224
2017-11-02,West,Office Supplies,Binders,590.352,206.6232
2017-11-02,West,Office Supplies,Envelopes,76.58,38.29
2017-11-02,West,Office Supplies,Fasteners,5.58,0.1674
2017-11-02,West,Office Supplies,Paper,43.290000000000006,20.0637
2017-11-02,West,Office Supplies,Storage,452.55,22.6275
2017-11-03,Central,Office Supplies,Labels,14.94,6.8724
2017-11-03,Central,Office Supplies,Paper,8.56,3.852
2017-11-03,Central,Office Supplies,Storage,52.4,14.148
2017-11-03,East,Office Supplies,Binders,11.673,-7.782
2017-11-03,East,Technology,Accessories,40.776,0.5097
2017-11-03,South,Furniture,Furnishings,15.992,0.9995
2017-11-03,South,Office Supplies,Art,55.984,4.1988
2017-11-03,South,Office Supplies,Binders,4.086,-2.9964
2017-11-03,South,Office Supplies,Labels,12.39,5.6994
2017-11-03,South,Office Supplies,Paper,53.36,20.909200000000002
2017-11-03,South,Technology,Copiers,959.984,311.9948
2017-11-03,South,Technology,Phones,361.376,27.1032
2017-11-03,West,Furniture,Chairs,307.136,26.8744
2017-11-03,West,Furniture,Furnishings,41.37,17.3754
2017-11-03,West,Furniture,Tables,2159.552,57.3924
2017-11-03,West,Office Supplies,Binders,18.368,5.9696
2017-11-03,West,Office Supplies,Paper,175.74,83.3154
2017-11-03,West,Technology,Accessories,243.25,98.765
2017-11-04,Central,Office Supplies,Binders,13.088,-21.9344
2017-11-04,Central,Office Supplies,Labels,23.68,8.88
2017-11-04,Central,Office Supplies,Storage,52.752,-12.5286
2017-11-04,East,Office Supplies,Storage,194.352,-43.7292
2017-11-04,East,Technology,Accessories,70.72,-6.188
2017-11-04,South,Furniture,Tables,523.764,-192.0468
2017-11-04,South,Office Supplies,Appliances,167.44,14.651
2017-11-04,South,Office Supplies,Art,4.3,1.419
2017-11-04,South,Office Supplies,Binders,3.564,-2.97
2017-11-04,South,Office Supplies,Labels,4.928,1.7248
2017-11-04,South,Office Supplies,Paper,9.664,3.2616
2017-11-04,South,Technology,Accessories,95.976,15.5961
2017-11-04,South,Technology,Machines,7999.98,-3839.9904
2017-11-04,South,Technology,Phones,1503.888,86.61269999999999
2017-11-05,Central,Office Supplies,Binders,16.03,-25.648
2017-11-05,Central,Office Supplies,Paper,240.14999999999998,115.5072
2017-11-05,Central,Technology,Phones,492.768,55.4364
2017-11-05,East,Furniture,Chairs,128.124,24.2012
2017-11-05,East,Furniture,Furnishings,101.4,38.532
2017-11-05,East,Furniture,Tables,166.5,-66.6
2017-11-05,East,Office Supplies,Binders,176.112,59.295
2017-11-05,East,Office Supplies,Paper,123.91999999999999,59.4816
2017-11-05,East,Technology,Accessories,390.75,171.93
2017-11-05,East,Technology,Phones,99.98,3.9992
2017-11-05,West,Office Supplies,Binders,2.388,-1.8308
2017-11-05,West,Office Supplies,Paper,12.96,6.2208
2017-11-05,West,Office Supplies,Storage,243.992,30.499
2017-11-05,West,Technology,Accessories,159.99,54.3966
2017-11-06,Central,Furniture,Furnishings,30.56,-19.864
2017-11-06,Central,Office Supplies,Art,13.9,3.614
2017-11-06,Central,Office Supplies,Binders,1.248,-1.9344
2017-11-06,Central,Office Supplies,Paper,26.38,12.1348
2017-11-06,Central,Office Supplies,Storage,18.16,1.816
2017-11-06,East,Furniture,Chairs,127.372,-30.9332
2017-11-06,East,Office Supplies,Paper,366.912,166.095
2017-11-06,East,Office Supplies,Storage,46.26,12.0276
2017-11-06,South,Furniture,Furnishings,28.272,6.3612
2017-11-06,South,Office Supplies,Appliances,499.584,43.7136
2017-11-06,South,Office Supplies,Binders,13.272,-10.6176
2017-11-06,South,Office Supplies,Paper,36.884,13.7186
2017-11-06,South,Office Supplies,Storage,259.136,-51.8272
2017-11-06,West,Furniture,Chairs,449.568,-73.0548
2017-11-06,West,Furniture,Furnishings,8.73,2.9682
2017-11-06,West,Furniture,Tables,2036.86,366.6348
2017-11-06,West,Office Supplies,Art,5.68,1.7608
2017-11-06,West,Office Supplies,Binders,5.682,-3.788
2017-11-06,West,Office Supplies,Envelopes,15.28,7.4872
2017-11-06,West,Office Supplies,Labels,41.4,19.872
2017-11-06,West,Office Supplies,Paper,131.7,63.0702
2017-11-06,West,Technology,Accessories,125.91,33.705000000000005
2017-11-07,Central,Office Supplies,Binders,38.16,19.08
2017-11-07,East,Furniture,Chairs,272.97,43.6752
2017-11-07,East,Furniture,Tables,350.352,-140.1408
2017-11-07,East,Office Supplies,Appliances,100.94,33.3102
2017-11-07,East,Technology,Accessories,7.88,2.5216
2017-11-07,East,Technology,Phones,359.97,-71.994
2017-11-07,West,Office Supplies,Binders,21.792,7.6272
2017-11-07,West,Technology,Accessories,499.77,158.9271
2017-11-07,West,Technology,Phones,761.544,66.6351
2017-11-08,East,Furniture,Furnishings,274.2,112.422
2017-11-08,East,Office Supplies,Art,109.9,32.97
2017-11-09,East,Furniture,Furnishings,96.53,40.5426
2017-11-09,East,Office Supplies,Binders,9.64,4.4344
2017-11-09,East,Office Supplies,Storage,2177.52,631.4808
2017-11-09,East,Technology,Accessories,826.62,355.4466
2017-11-09,South,Technology,Accessories,191.976,38.3952
2017-11-09,South,Technology,Phones,499.168,31.198
2017-11-09,West,Furniture,Chairs,739.368,49.6395
2017-11-09,West,Furniture,Furnishings,47.12,20.7328
2017-11-09,West,Office Supplies,Storage,63.56,3.178
2017-11-09,West,Technology,Accessories,99.99,43.9956
2017-11-10,Central,Furniture,Furnishings,341.96,-427.45
2017-11-10,East,Office Supplies,Binders,931.176,314.2719
2017-11-10,East,Technology,Phones,430.88,124.9552
2017-11-10,South,Office Supplies,Binders,11.52,-7.68
2017-11-10,West,Furniture,Chairs,1140.56,-182.32319999999999
2017-11-10,West,Office Supplies,Appliances,400.8,112.224
2017-11-10,West,Office Supplies,Art,7.8,2.106
2017-11-10,West,Office Supplies,Binders,93.532,-5.962199999999999
2017-11-10,West,Technology,Accessories,351.742,7.6053
2017-11-10,West,Technology,Machines,95.994,-63.996
2017-11-10,West,Technology,Phones,201.584,15.1188
2017-11-11,Central,Office Supplies,Art,181.86,50.9208
2017-11-11,Central,Office Supplies,Binders,36.57599999999999,-23.5152
2017-11-11,Central,Office Supplies,Fasteners,45.92,21.5824
2017-11-11,Central,Office Supplies,Labels,10.44,3.393
2017-11-11,Central,Office Supplies,Supplies,25.5,6.63
2017-11-11,Central,Technology,Phones,35.184,12.3144
2017-11-11,East,Office Supplies,Paper,10.368,3.6288
2017-11-11,East,Office Supplies,Storage,35.48,0.0
2017-11-11,South,Furniture,Furnishings,88.92,14.4495
2017-11-11,South,Office Supplies,Appliances,1158.12,130.2885
2017-11-11,West,Furniture,Furnishings,34.92,11.8728
2017-11-11,West,Office Supplies,Appliances,10.89,2.8314
2017-11-11,West,Office Supplies,Binders,121.6,39.52
2017-11-11,West,Office Supplies,Paper,19.44,9.3312
2017-11-12,Central,Furniture,Furnishings,22.848,-17.7072
2017-11-12,Central,Office Supplies,Binders,30.56,-45.84
2017-11-12,Central,Office Supplies,Envelopes,12.224,4.4312
2017-11-12,Central,Office Supplies,Paper,239.11200000000002,75.5253
2017-11-12,Central,Office Supplies,Storage,618.0,-62.8446
2017-11-12,Central,Technology,Accessories,44.784,-0.5598
2017-11-12,Central,Technology,Phones,67.992,8.499
2017-11-12,East,Office Supplies,Binders,15.92,5.373
2017-11-12,East,Office Supplies,Paper,10.848,3.5256
2017-11-12,East,Office Supplies,Storage,221.024,-55.256
2017-11-12,East,Technology,Accessories,18.544,3.0134
2017-11-12,East,Technology,Phones,370.782,-92.6955
2017-11-12,South,Office Supplies,Paper,26.72,9.352
2017-11-12,West,Furniture,Chairs,113.888,9.9652
2017-11-12,West,Furniture,Furnishings,113.568,-5.6784
2017-11-12,West,Office Supplies,Appliances,76.12,22.0748
2017-11-12,West,Office Supplies,Art,9.21,2.3025
2017-11-12,West,Office Supplies,Binders,14.016,4.9056
2017-11-12,West,Office Supplies,Fasteners,18.24,9.12
2017-11-12,West,Office Supplies,Labels,9.96,4.5816
2017-11-12,West,Office Supplies,Paper,45.24,18.7974
2017-11-12,West,Office Supplies,Supplies,27.93,8.0997
2017-11-12,West,Technology,Accessories,103.952,2.0884
2017-11-12,West,Technology,Phones,679.904,51.0918
2017-11-13,Central,Furniture,Bookcases,205.9992,-27.2646
2017-11-13,Central,Office Supplies,Appliances,9.324,-24.7086
2017-11-13,Central,Office Supplies,Storage,292.168,-42.7757
2017-11-13,East,Furniture,Furnishings,154.95,30.99
2017-11-13,East,Office Supplies,Binders,11.22,-7.48
2017-11-13,East,Office Supplies,Storage,11.21,3.363
2017-11-13,East,Technology,Accessories,224.824,79.63239999999999
2017-11-13,East,Technology,Machines,652.995,-935.9595
2017-11-13,East,Technology,Phones,673.5500000000001,175.995
2017-11-13,South,Office Supplies,Art,2.064,0.1548
2017-11-13,South,Office Supplies,Paper,8.904,3.339
2017-11-13,South,Office Supplies,Storage,720.064,-63.0056
2017-11-13,South,Technology,Accessories,239.92,23.992
2017-11-13,West,Furniture,Chairs,2404.704,150.294
2017-11-13,West,Office Supplies,Binders,563.024,190.0206
2017-11-13,West,Office Supplies,Labels,8.64,4.2336
2017-11-13,West,Office Supplies,Storage,344.91,10.3473
2017-11-13,West,Technology,Accessories,82.95,29.0325
2017-11-13,West,Technology,Phones,22.0,1.375
2017-11-14,Central,Office Supplies,Art,45.04,4.504
2017-11-14,Central,Office Supplies,Binders,21.99,-32.985
2017-11-14,Central,Office Supplies,Envelopes,15.28,7.4872
2017-11-14,Central,Technology,Accessories,167.952,-27.2922
2017-11-14,East,Office Supplies,Binders,12.288,0.22719999999999985
2017-11-14,East,Office Supplies,Storage,96.36,25.0536
2017-11-14,East,Technology,Phones,119.94,15.992
2017-11-14,West,Furniture,Chairs,321.568,28.1372
2017-11-14,West,Office Supplies,Art,34.24,9.9296
2017-11-15,South,Furniture,Furnishings,559.2,55.016
2017-11-16,East,Office Supplies,Art,86.352,5.397
2017-11-16,East,Office Supplies,Binders,1.824,-1.3984
2017-11-16,East,Office Supplies,Paper,146.82,73.41
2017-11-16,East,Technology,Accessories,139.96,-1.7495
2017-11-16,East,Technology,Copiers,899.982,74.9985
2017-11-16,East,Technology,Machines,52.44,24.1224
2017-11-16,East,Technology,Phones,119.94,5.997
2017-11-16,West,Furniture,Furnishings,289.59,57.438599999999994
2017-11-16,West,Office Supplies,Art,23.36,6.0736
2017-11-16,West,Office Supplies,Paper,73.68,34.6296
2017-11-16,West,Office Supplies,Storage,893.43,33.3052
2017-11-16,West,Technology,Machines,1919.976,215.9973
2017-11-16,West,Technology,Phones,107.88,10.788
2017-11-17,Central,Furniture,Bookcases,327.7328,-14.4588
2017-11-17,Central,Technology,Accessories,239.96,83.986
2017-11-17,East,Furniture,Furnishings,187.76,76.9816
2017-11-17,East,Office Supplies,Art,50.94,14.2632
2017-11-17,East,Office Supplies,Binders,43.8,20.586
2017-11-17,East,Office Supplies,Paper,38.88,18.6624
2017-11-17,East,Office Supplies,Storage,1247.64,349.3392
2017-11-17,East,Technology,Copiers,10499.97,5039.9856
2017-11-17,South,Office Supplies,Appliances,35.04,12.264
2017-11-17,South,Office Supplies,Paper,268.24,93.884
2017-11-17,South,Technology,Accessories,511.15000000000003,136.5864
2017-11-17,South,Technology,Phones,206.1,55.647
2017-11-17,West,Office Supplies,Binders,18.062,1.0537999999999998
2017-11-17,West,Office Supplies,Paper,19.608,6.6177
2017-11-18,Central,Furniture,Chairs,127.386,-25.4772
2017-11-18,Central,Furniture,Furnishings,25.580000000000002,11.034600000000001
2017-11-18,Central,Office Supplies,Envelopes,55.584,20.844
2017-11-18,Central,Office Supplies,Labels,7.38,3.4686
2017-11-18,Central,Office Supplies,Storage,130.28,35.553200000000004
2017-11-18,East,Office Supplies,Art,38.864,7.7728
2017-11-18,East,Technology,Phones,74.95,36.7255
2017-11-18,South,Office Supplies,Appliances,389.056,48.632
2017-11-18,South,Office Supplies,Binders,20.232,-16.1856
2017-11-18,South,Office Supplies,Paper,106.592,37.3072
2017-11-18,South,Office Supplies,Storage,81.36,-19.323
2017-11-18,South,Office Supplies,Supplies,2.944,-0.6624
2017-11-18,West,Office Supplies,Binders,8.448,2.9568
2017-11-18,West,Office Supplies,Fasteners,2.96,1.4208
2017-11-18,West,Office Supplies,Storage,265.62,55.4076
2017-11-18,West,Technology,Accessories,132.52,54.3332
2017-11-19,Central,Furniture,Chairs,729.428,-108.3934
2017-11-19,Central,Furniture,Furnishings,15.992,-13.993
2017-11-19,Central,Furniture,Tables,937.191,-203.2566
2017-11-19,Central,Office Supplies,Art,143.952,21.3248
2017-11-19,Central,Office Supplies,Binders,1525.188,-2287.782
2017-11-19,Central,Office Supplies,Paper,16.896,5.28
2017-11-19,Central,Office Supplies,Supplies,6.672,0.5004
2017-11-19,East,Furniture,Tables,79.974,-29.3238
2017-11-19,East,Office Supplies,Appliances,2504.74,626.185
2017-11-19,East,Office Supplies,Binders,159.601,-13.7488
2017-11-19,East,Office Supplies,Envelopes,16.74,8.37
2017-11-19,East,Office Supplies,Paper,13.36,6.4128
2017-11-19,South,Furniture,Furnishings,821.88,213.6888
2017-11-19,South,Office Supplies,Art,22.96,6.6584
2017-11-19,South,Office Supplies,Binders,21.96,10.7604
2017-11-19,South,Office Supplies,Fasteners,25.06,12.53
2017-11-19,West,Furniture,Furnishings,18.7,7.106
2017-11-19,West,Office Supplies,Storage,305.01,76.2525
2017-11-19,West,Technology,Phones,31.968,2.3976
2017-11-20,Central,Office Supplies,Art,22.0,9.68
2017-11-20,East,Furniture,Bookcases,183.968,-25.2956
2017-11-20,East,Furniture,Furnishings,133.226,38.876
2017-11-20,East,Office Supplies,Art,68.97,19.3116
2017-11-20,East,Office Supplies,Paper,46.76,22.4448
2017-11-20,East,Technology,Accessories,2.97,1.3365
2017-11-20,East,Technology,Phones,1829.96,498.5892
2017-11-20,South,Furniture,Chairs,209.568,-23.5764
2017-11-20,South,Furniture,Furnishings,27.58,11.5836
2017-11-20,South,Office Supplies,Art,52.696,4.4919
2017-11-20,West,Furniture,Chairs,283.92,-46.137
2017-11-20,West,Furniture,Furnishings,42.6,16.614
2017-11-20,West,Office Supplies,Binders,84.056,27.3182
2017-11-21,Central,Technology,Phones,55.176,-12.4146
2017-11-21,East,Furniture,Furnishings,27.42,11.2422
2017-11-21,East,Office Supplies,Paper,8.448,2.64
2017-11-21,East,Office Supplies,Storage,39.296,3.9296
2017-11-21,West,Furniture,Tables,70.98,20.5842
2017-11-21,West,Office Supplies,Appliances,8.62,2.2412
2017-11-21,West,Office Supplies,Art,17.32,4.6208
2017-11-21,West,Office Supplies,Binders,191.536,71.3168
2017-11-21,West,Office Supplies,Fasteners,9.02,3.5178
2017-11-21,West,Office Supplies,Paper,51.84,24.8832
2017-11-21,West,Office Supplies,Storage,56.56,15.2712
2017-11-21,West,Technology,Machines,1039.992,103.9992
2017-11-21,West,Technology,Phones,659.976,49.4982
2017-11-22,Central,Office Supplies,Art,35.712,2.232
2017-11-23,Central,Furniture,Furnishings,34.864,7.0360000000000005
2017-11-23,Central,Furniture,Tables,127.785,-31.0335
2017-11-23,Central,Office Supplies,Binders,294.024,129.0456
2017-11-23,Central,Office Supplies,Labels,11.52,4.176
2017-11-23,Central,Office Supplies,Paper,125.28,45.8056
2017-11-23,Central,Office Supplies,Supplies,4.36,0.1744
2017-11-23,Central,Technology,Phones,418.344,36.2748
2017-11-23,East,Furniture,Furnishings,24.048,7.2144
2017-11-23,East,Office Supplies,Binders,7.476,-5.9808
2017-11-23,South,Office Supplies,Art,3.304,1.0738
2017-11-23,South,Technology,Accessories,74.112,17.6016
2017-11-23,South,Technology,Phones,27.992,2.0994
2017-11-24,Central,Office Supplies,Appliances,13.762,-24.7716
2017-11-24,Central,Office Supplies,Fasteners,10.824,2.5707
2017-11-24,Central,Office Supplies,Storage,33.29,7.9896
2017-11-24,East,Furniture,Bookcases,321.568,-16.0784
2017-11-24,East,Furniture,Chairs,977.292,173.7408
2017-11-24,East,Office Supplies,Art,16.38,7.371
2017-11-24,East,Office Supplies,Envelopes,167.96,78.9412
2017-11-24,East,Office Supplies,Paper,248.38400000000001,92.3117
2017-11-24,East,Technology,Phones,89.988,-14.998
2017-11-24,South,Office Supplies,Binders,361.40099999999995,138.3204
2017-11-24,South,Office Supplies,Envelopes,64.848,24.318
2017-11-24,South,Office Supplies,Storage,1443.96,375.4296
2017-11-24,South,Technology,Phones,79.1,39.55
2017-11-24,West,Furniture,Tables,435.168,7.324800000000001
2017-11-24,West,Office Supplies,Art,27.76,9.9936
2017-11-24,West,Office Supplies,Binders,20.724,-15.1976
2017-11-24,West,Office Supplies,Paper,7.78,3.501
2017-11-24,West,Office Supplies,Storage,415.872,-41.5872
2017-11-24,West,Technology,Accessories,223.58,87.1962
2017-11-25,Central,Furniture,Chairs,853.93,-24.398
2017-11-25,Central,Office Supplies,Appliances,67.84,-179.776
2017-11-25,Central,Office Supplies,Art,18.688,3.7376
2017-11-25,Central,Office Supplies,Storage,501.81,0.0
2017-11-25,Central,Technology,Phones,299.96,37.495
2017-11-25,South,Furniture,Bookcases,723.92,-81.441
2017-11-25,South,Furniture,Chairs,701.96,168.4704
2017-11-25,South,Office Supplies,Paper,48.87,23.9463
2017-11-25,West,Furniture,Bookcases,359.499,-29.6058
2017-11-25,West,Office Supplies,Art,5.16,1.3416
2017-11-25,West,Office Supplies,Paper,34.08,15.336
2017-11-25,West,Office Supplies,Storage,10.48,2.8296
2017-11-25,West,Technology,Phones,39.96,3.4965
2017-11-26,Central,Furniture,Chairs,828.6,240.294
2017-11-26,Central,Furniture,Furnishings,153.76,50.30159999999999
2017-11-26,Central,Furniture,Tables,257.94,67.0644
2017-11-26,Central,Office Supplies,Binders,33.568,-53.7088
2017-11-26,Central,Technology,Accessories,38.04,12.1728
2017-11-26,Central,Technology,Phones,1969.94,588.3788
2017-11-26,East,Furniture,Furnishings,135.3,37.884
2017-11-26,East,Office Supplies,Appliances,324.138,48.4613
2017-11-26,East,Office Supplies,Binders,93.344,32.6704
2017-11-26,East,Technology,Phones,1200.702,224.1153
2017-11-26,South,Office Supplies,Art,12.84,3.7236
2017-11-27,Central,Furniture,Furnishings,46.94,19.2454
2017-11-27,Central,Office Supplies,Binders,497.94,224.073
2017-11-27,Central,Office Supplies,Paper,158.28,72.8088
2017-11-27,Central,Technology,Accessories,143.73,56.0547
2017-11-27,East,Office Supplies,Art,6.99,2.0271
2017-11-27,East,Office Supplies,Binders,107.424,36.2556
2017-11-27,South,Office Supplies,Appliances,43.584,4.3584
2017-11-27,South,Office Supplies,Art,8.76,0.7665
2017-11-27,West,Furniture,Furnishings,18.84,6.0288
2017-11-27,West,Office Supplies,Binders,117.488,41.1208
2017-11-27,West,Office Supplies,Paper,244.55,114.9385
2017-11-27,West,Technology,Accessories,166.16,59.8176
2017-11-27,West,Technology,Phones,57.568,5.7568
2017-11-28,East,Furniture,Furnishings,2593.82,342.9462
2017-11-28,East,Furniture,Tables,2065.32,-619.596
2017-11-28,East,Office Supplies,Art,1.64,0.738
2017-11-28,East,Office Supplies,Envelopes,79.96,35.982
2017-11-28,East,Office Supplies,Paper,40.896,13.363199999999999
2017-11-28,East,Technology,Phones,1979.89,494.9725
2017-11-28,West,Office Supplies,Labels,62.65,29.4455
2017-11-28,West,Office Supplies,Paper,88.768,31.0688
2017-11-29,South,Furniture,Chairs,390.368,48.796
2017-11-29,South,Furniture,Furnishings,101.52,19.035
2017-11-30,Central,Office Supplies,Fasteners,2.368,0.8288
2017-11-30,Central,Technology,Accessories,95.976,-10.7973
2017-11-30,East,Furniture,Chairs,2322.2160000000003,246.97119999999998
2017-11-30,East,Office Supplies,Appliances,663.936,82.992
2017-11-30,East,Office Supplies,Art,155.94,45.2226
2017-11-30,East,Office Supplies,Binders,68.472,23.1093
2017-11-30,East,Office Supplies,Storage,353.05,7.061
2017-11-30,East,Technology,Phones,546.06,163.818
2017-11-30,South,Furniture,Tables,1781.682,-653.2834
2017-11-30,South,Office Supplies,Storage,173.8,43.45
2017-11-30,South,Technology,Accessories,383.976,81.5949
2017-11-30,South,Technology,Phones,71.976,8.997
2017-11-30,West,Furniture,Furnishings,25.83,9.5571
2017-12-01,Central,Furniture,Chairs,317.058,-18.1176
2017-12-01,Central,Office Supplies,Binders,15.92,7.4824
2017-12-01,Central,Office Supplies,Fasteners,52.29,16.2099
2017-12-01,Central,Office Supplies,Paper,10.368,3.6288
2017-12-01,Central,Office Supplies,Storage,175.91,9.554
2017-12-01,Central,Technology,Phones,351.78,60.3621
2017-12-01,East,Furniture,Chairs,1296.1219999999998,222.704
2017-12-01,East,Furniture,Furnishings,86.83200000000001,15.5812
2017-12-01,East,Office Supplies,Binders,25.521,0.5312999999999999
2017-12-01,East,Office Supplies,Envelopes,104.68,35.3295
2017-12-01,East,Office Supplies,Labels,15.936,5.1792
2017-12-01,East,Office Supplies,Paper,19.44,9.3312
2017-12-01,East,Office Supplies,Storage,258.942,8.9835
2017-12-01,East,Technology,Accessories,20.37,6.9258
2017-12-01,East,Technology,Phones,62.958,9.4437
2017-12-01,West,Furniture,Bookcases,141.96,41.1684
2017-12-01,West,Furniture,Furnishings,700.3199999999999,138.138
2017-12-01,West,Office Supplies,Appliances,31.152,3.5046
2017-12-01,West,Office Supplies,Binders,32.831,4.2963000000000005
2017-12-01,West,Office Supplies,Paper,87.22,40.6098
2017-12-01,West,Office Supplies,Storage,541.24,5.4124
2017-12-01,West,Technology,Phones,982.328,92.6335
2017-12-02,Central,Furniture,Furnishings,8.752,-3.7196
2017-12-02,Central,Office Supplies,Appliances,294.62,-766.012
2017-12-02,Central,Office Supplies,Art,12.16,2.128
2017-12-02,Central,Technology,Phones,2479.96,743.988
2017-12-02,East,Office Supplies,Appliances,286.86,80.3208
2017-12-02,East,Office Supplies,Art,19.728,1.7262
2017-12-02,East,Office Supplies,Binders,631.176,-462.8624
2017-12-02,East,Office Supplies,Supplies,4.36,0.1744
2017-12-02,East,Technology,Phones,1131.138,258.9875
2017-12-02,South,Furniture,Chairs,701.96,168.4704
2017-12-02,South,Office Supplies,Art,115.386,17.0497
2017-12-02,South,Office Supplies,Binders,45.66,-33.484
2017-12-02,West,Furniture,Bookcases,242.352,-363.528
2017-12-02,West,Furniture,Chairs,2065.736,111.4656
2017-12-02,West,Furniture,Furnishings,508.704,0.0
2017-12-02,West,Office Supplies,Appliances,79.47,22.2516
2017-12-02,West,Office Supplies,Art,189.98000000000002,50.015
2017-12-02,West,Office Supplies,Binders,182.964,-43.924400000000006
2017-12-02,West,Office Supplies,Paper,129.34,63.0342
2017-12-02,West,Office Supplies,Storage,673.908,163.9548
2017-12-02,West,Technology,Phones,146.968,-17.3768
2017-12-03,Central,Furniture,Furnishings,13.592,-14.2716
2017-12-03,Central,Office Supplies,Paper,10.368,3.6288
2017-12-03,East,Office Supplies,Binders,98.544,34.4904
2017-12-03,East,Office Supplies,Labels,3.15,1.512
2017-12-03,East,Technology,Phones,136.99,36.9873
2017-12-03,South,Office Supplies,Appliances,45.216,4.5216
2017-12-03,South,Office Supplies,Binders,28.782,-21.1068
2017-12-03,South,Office Supplies,Paper,24.448,8.8624
2017-12-03,South,Technology,Accessories,47.992,7.1988
2017-12-03,West,Furniture,Furnishings,56.288,15.012
2017-12-03,West,Furniture,Tables,521.96,88.7332
2017-12-03,West,Office Supplies,Art,13.344,1.0008
2017-12-03,West,Office Supplies,Paper,176.76,83.6322
2017-12-03,West,Office Supplies,Supplies,47.32,5.915
2017-12-03,West,Technology,Accessories,179.088,24.6246
2017-12-04,Central,Office Supplies,Art,8.8,2.552
2017-12-04,Central,Office Supplies,Storage,61.568,4.6176
2017-12-04,Central,Technology,Accessories,542.75,173.97
2017-12-04,East,Furniture,Chairs,913.672,50.7538
2017-12-04,East,Furniture,Furnishings,79.11,11.1009
2017-12-04,East,Office Supplies,Art,13.392,3.1806
2017-12-04,East,Office Supplies,Binders,5.346,-4.455
2017-12-04,East,Office Supplies,Paper,98.272,31.906
2017-12-04,East,Technology,Accessories,255.968,-28.7964
2017-12-04,South,Technology,Machines,649.0,-272.58
2017-12-04,West,Office Supplies,Paper,11.76,5.7624
2017-12-05,Central,Office Supplies,Appliances,61.44,16.5888
2017-12-05,Central,Office Supplies,Paper,38.9,17.505
2017-12-05,Central,Technology,Accessories,99.39,40.7499
2017-12-05,East,Furniture,Furnishings,121.58,35.173
2017-12-05,East,Office Supplies,Appliances,254.9,68.823
2017-12-05,East,Office Supplies,Labels,20.52,9.7389
2017-12-05,East,Office Supplies,Paper,21.6,9.936
2017-12-05,East,Technology,Accessories,205.03,67.6599
2017-12-05,West,Furniture,Furnishings,199.9,39.98
2017-12-05,West,Office Supplies,Binders,305.76,106.6606
2017-12-05,West,Office Supplies,Paper,92.94,41.823
2017-12-05,West,Technology,Phones,31.176,-7.0146
2017-12-06,West,Office Supplies,Storage,10.68,2.8836
2017-12-07,Central,Office Supplies,Binders,1889.99,-2929.4845
2017-12-07,Central,Office Supplies,Fasteners,3.552,1.2432
2017-12-07,Central,Office Supplies,Paper,15.552,5.4432
2017-12-07,East,Technology,Accessories,127.984,25.5968
2017-12-07,South,Furniture,Furnishings,82.38,25.5378
2017-12-07,South,Office Supplies,Appliances,320.64,89.7792
2017-12-07,South,Technology,Accessories,52.0,23.4
2017-12-07,West,Office Supplies,Paper,50.04,25.02
2017-12-07,West,Technology,Phones,374.376,46.797
2017-12-08,Central,Furniture,Bookcases,459.92,41.3928
2017-12-08,Central,Office Supplies,Appliances,1089.75,305.13
2017-12-08,Central,Office Supplies,Labels,61.06,28.0876
2017-12-08,Central,Office Supplies,Paper,27.52,12.6592
2017-12-08,Central,Technology,Accessories,178.11,32.0598
2017-12-08,East,Furniture,Chairs,215.544,-58.5048
2017-12-08,East,Furniture,Furnishings,109.48,33.9388
2017-12-08,East,Office Supplies,Art,13.248,3.6432
2017-12-08,East,Office Supplies,Paper,19.44,9.3312
2017-12-08,East,Office Supplies,Storage,897.6,168.33900000000003
2017-12-08,East,Technology,Phones,83.988,-20.997
2017-12-08,West,Furniture,Bookcases,1336.829,31.4548
2017-12-08,West,Furniture,Chairs,113.568,-18.4548
2017-12-08,West,Furniture,Furnishings,128.9,15.468
2017-12-08,West,Furniture,Tables,1004.024,-112.9527
2017-12-08,West,Office Supplies,Appliances,69.48,20.844
2017-12-08,West,Office Supplies,Binders,112.904,42.339
2017-12-08,West,Office Supplies,Labels,28.35,13.608
2017-12-08,West,Office Supplies,Paper,240.85,114.6809
2017-12-08,West,Office Supplies,Storage,72.55,19.7567
2017-12-08,West,Technology,Accessories,179.95,37.7895
2017-12-08,West,Technology,Copiers,1199.976,434.9913
2017-12-09,Central,Furniture,Chairs,872.94,226.9644
2017-12-09,Central,Furniture,Furnishings,9.708,-5.8248
2017-12-09,Central,Office Supplies,Art,34.7,12.492
2017-12-09,Central,Office Supplies,Binders,141.808,65.0976
2017-12-09,Central,Office Supplies,Paper,221.19,82.176
2017-12-09,Central,Office Supplies,Storage,27.24,2.724
2017-12-09,Central,Technology,Accessories,104.88,41.952
2017-12-09,East,Office Supplies,Art,2.624,0.4264
2017-12-09,East,Office Supplies,Binders,11.088,-8.1312
2017-12-09,East,Office Supplies,Envelopes,57.576,21.591
2017-12-09,East,Office Supplies,Storage,37.208,-7.4416
2017-12-09,South,Office Supplies,Appliances,214.9,62.321
2017-12-09,South,Office Supplies,Binders,45.28,20.988
2017-12-09,South,Office Supplies,Labels,5.76,2.6496
2017-12-09,South,Office Supplies,Storage,15.14,0.6056
2017-12-09,South,Technology,Accessories,146.45,48.3285
2017-12-09,South,Technology,Copiers,1399.98,629.991
2017-12-09,West,Furniture,Bookcases,148.257,15.6978
2017-12-09,West,Furniture,Tables,896.328,22.4082
2017-12-09,West,Office Supplies,Appliances,189.0,68.04
2017-12-09,West,Office Supplies,Art,11.16,2.79
2017-12-09,West,Office Supplies,Binders,13.005,-9.9705
2017-12-09,West,Office Supplies,Paper,419.4,146.79
2017-12-09,West,Technology,Phones,444.768,44.4768
2017-12-10,Central,Office Supplies,Binders,34.5,15.525
2017-12-10,East,Furniture,Furnishings,398.8,38.702
2017-12-10,East,Office Supplies,Appliances,426.79,123.7691
2017-12-10,East,Office Supplies,Binders,3.273,-2.5093
2017-12-10,East,Office Supplies,Envelopes,10.86,5.1042
2017-12-10,East,Office Supplies,Paper,10.368,3.6288
2017-12-10,East,Technology,Accessories,14.2,3.3725
2017-12-10,South,Furniture,Furnishings,33.864,10.011600000000001
2017-12-10,South,Office Supplies,Binders,45.84,22.0032
2017-12-10,South,Technology,Accessories,599.97,257.9871
2017-12-10,South,Technology,Phones,38.97,0.7794
2017-12-10,West,Furniture,Tables,1669.6,116.872
2017-12-10,West,Office Supplies,Art,18.24,5.2896
2017-12-10,West,Office Supplies,Binders,85.50399999999999,30.1756
2017-12-10,West,Office Supplies,Paper,12.96,6.2208
2017-12-10,West,Office Supplies,Storage,324.9,38.988
2017-12-10,West,Technology,Accessories,49.08,4.908
2017-12-10,West,Technology,Phones,95.84,34.742
2017-12-11,Central,Furniture,Chairs,520.464,-14.8704
2017-12-11,Central,Furniture,Furnishings,77.72,-66.062
2017-12-11,Central,Office Supplies,Appliances,1.392,-3.7584
2017-12-11,Central,Office Supplies,Binders,5.4,2.592
2017-12-11,Central,Office Supplies,Envelopes,7.28,3.4944
2017-12-11,Central,Office Supplies,Paper,10.368,3.6288
2017-12-11,Central,Technology,Accessories,116.312,23.2624
2017-12-11,East,Furniture,Chairs,63.686,-9.098
2017-12-11,East,Office Supplies,Appliances,22.75,6.5975
2017-12-11,East,Office Supplies,Binders,814.492,362.2113
2017-12-11,East,Office Supplies,Fasteners,6.54,2.1582
2017-12-11,East,Office Supplies,Paper,17.94,8.073
2017-12-11,East,Technology,Accessories,39.98,13.5932
2017-12-11,East,Technology,Phones,245.82999999999998,33.1105
2017-12-11,South,Furniture,Chairs,64.784,-12.147
2017-12-11,South,Furniture,Tables,721.875,-420.0
2017-12-11,South,Office Supplies,Art,13.584,1.3584
2017-12-11,South,Technology,Phones,73.568,-16.5528
2017-12-13,East,Furniture,Bookcases,287.976,7.1994
2017-12-13,West,Furniture,Furnishings,201.04,54.2808
2017-12-13,West,Office Supplies,Labels,8.64,4.2336
2017-12-13,West,Office Supplies,Paper,51.84,25.012800000000002
2017-12-13,West,Office Supplies,Storage,31.44,8.4888
2017-12-14,Central,Furniture,Furnishings,324.712,-321.0638
2017-12-14,Central,Furniture,Tables,974.988,-97.4988
2017-12-14,Central,Office Supplies,Art,95.232,24.9984
2017-12-14,Central,Technology,Accessories,267.24,23.589
2017-12-14,Central,Technology,Phones,52.68,19.755
2017-12-14,East,Furniture,Tables,526.582,-52.6582
2017-12-14,East,Office Supplies,Fasteners,17.28,8.1216
2017-12-14,East,Office Supplies,Storage,73.85,2.2155
2017-12-14,East,Office Supplies,Supplies,25.71,6.6846
2017-12-14,East,Technology,Copiers,1199.98,467.9922
2017-12-14,South,Technology,Accessories,204.55,78.8145
2017-12-14,West,Furniture,Furnishings,26.25,11.025
2017-12-14,West,Office Supplies,Binders,64.96,22.736
2017-12-14,West,Office Supplies,Envelopes,43.7,20.539
2017-12-15,Central,Office Supplies,Art,10.192,1.0192
2017-12-15,West,Furniture,Furnishings,22.77,9.7911
2017-12-15,West,Office Supplies,Appliances,54.32,16.296
2017-12-15,West,Office Supplies,Paper,22.83,10.7301
2017-12-15,West,Technology,Phones,196.776,14.7582
2017-12-16,Central,Office Supplies,Binders,10.8,5.184
2017-12-16,East,Office Supplies,Binders,33.376,10.43
2017-12-16,West,Furniture,Chairs,178.752,15.250399999999999
2017-12-16,West,Furniture,Furnishings,18.96,7.584
2017-12-16,West,Office Supplies,Art,29.95,8.6855
2017-12-16,West,Office Supplies,Binders,30.304000000000002,10.452
2017-12-16,West,Office Supplies,Labels,44.4,22.2
2017-12-16,West,Office Supplies,Paper,13.36,6.4128
2017-12-16,West,Office Supplies,Storage,158.9,7.945
2017-12-16,West,Technology,Accessories,339.9,77.0775
2017-12-17,Central,Office Supplies,Appliances,66.284,-178.9668
2017-12-17,Central,Office Supplies,Paper,28.16,13.2352
2017-12-17,Central,Office Supplies,Storage,32.56,8.4656
2017-12-17,East,Furniture,Furnishings,124.36,27.3592
2017-12-17,East,Office Supplies,Binders,24.816,8.3754
2017-12-17,East,Office Supplies,Storage,166.72,41.68
2017-12-17,South,Furniture,Chairs,504.9,80.784
2017-12-17,South,Office Supplies,Storage,544.38,157.8702
2017-12-17,West,Office Supplies,Binders,27.048000000000002,9.4239
2017-12-17,West,Office Supplies,Paper,13.23,6.0858
2017-12-17,West,Office Supplies,Storage,481.32,125.1432
2017-12-17,West,Office Supplies,Supplies,13.98,3.6348
2017-12-18,Central,Furniture,Furnishings,99.95,22.9885
2017-12-18,Central,Technology,Accessories,29.34,10.8558
2017-12-18,East,Furniture,Chairs,1141.938,139.5702
2017-12-18,East,Furniture,Furnishings,18.96,8.532
2017-12-18,East,Office Supplies,Appliances,1834.672,524.3792
2017-12-18,East,Office Supplies,Art,60.724000000000004,21.183
2017-12-18,East,Office Supplies,Binders,7.236,-6.03
2017-12-18,East,Office Supplies,Fasteners,4.824,1.7487
2017-12-18,East,Office Supplies,Paper,91.36,29.692
2017-12-18,South,Office Supplies,Art,12.672,1.4256
2017-12-18,West,Furniture,Bookcases,119.833,-12.6882
2017-12-18,West,Office Supplies,Art,12.39,3.4605
2017-12-18,West,Office Supplies,Binders,46.672,16.3352
2017-12-18,West,Office Supplies,Paper,45.36,21.7728
2017-12-18,West,Technology,Accessories,119.98,57.5904
2017-12-19,South,Office Supplies,Supplies,1665.62,33.3124
2017-12-19,West,Furniture,Bookcases,102.018,-183.6324
2017-12-19,West,Furniture,Furnishings,13.36,4.008
2017-12-19,West,Office Supplies,Binders,36.672,11.46
2017-12-19,West,Office Supplies,Storage,78.256,-17.6076
2017-12-20,East,Office Supplies,Binders,57.336,19.9803
2017-12-20,East,Office Supplies,Paper,320.4,156.93120000000002
2017-12-21,Central,Furniture,Furnishings,15.92,7.0048
2017-12-21,Central,Office Supplies,Storage,375.34,18.767
2017-12-21,East,Office Supplies,Paper,166.44,79.8912
2017-12-21,East,Office Supplies,Supplies,69.5,20.155
2017-12-21,East,Technology,Phones,281.97,78.9516
2017-12-21,South,Office Supplies,Binders,23.88,11.2236
2017-12-21,South,Technology,Accessories,71.0,27.69
2017-12-21,West,Office Supplies,Art,12.51,3.4953000000000003
2017-12-21,West,Office Supplies,Storage,1124.3799999999999,323.583
2017-12-22,Central,Furniture,Chairs,1586.69,412.5394
2017-12-22,Central,Furniture,Tables,1019.3199999999999,167.2092
2017-12-22,Central,Office Supplies,Appliances,839.43,218.2518
2017-12-22,Central,Office Supplies,Binders,6.33,-9.8115
2017-12-22,Central,Office Supplies,Paper,101.8,35.629999999999995
2017-12-22,Central,Office Supplies,Storage,31.16,7.79
2017-12-22,Central,Technology,Accessories,284.94,94.5804
2017-12-22,East,Furniture,Bookcases,220.98,50.8254
2017-12-22,East,Office Supplies,Binders,1.641,-1.3128
2017-12-22,East,Office Supplies,Supplies,695.16,34.758
2017-12-22,East,Technology,Phones,629.958,94.4937
2017-12-22,South,Furniture,Chairs,141.96,35.49
2017-12-22,South,Furniture,Tables,934.956,-249.3216
2017-12-22,South,Office Supplies,Appliances,59.24,16.291
2017-12-22,South,Office Supplies,Art,23.128,2.891
2017-12-22,South,Office Supplies,Envelopes,7.824,2.934
2017-12-22,South,Office Supplies,Storage,26.16,1.962
2017-12-22,South,Technology,Accessories,46.864,7.6154
2017-12-22,West,Furniture,Tables,182.55,-135.087
2017-12-22,West,Office Supplies,Art,4.17,1.0842
2017-12-22,West,Office Supplies,Labels,18.45,8.6715
2017-12-22,West,Office Supplies,Storage,37.32,10.4496
2017-12-22,West,Technology,Accessories,474.95,142.485
2017-12-22,West,Technology,Phones,67.04,6.704
2017-12-23,Central,Office Supplies,Appliances,29.312,-74.7456
2017-12-23,Central,Office Supplies,Binders,13.84,-22.144
2017-12-23,Central,Office Supplies,Paper,204.544,74.1472
2017-12-23,East,Furniture,Furnishings,209.41,48.0951
2017-12-23,South,Furniture,Furnishings,72.704,19.0848
2017-12-23,South,Office Supplies,Art,12.264,1.0731
2017-12-23,South,Office Supplies,Envelopes,182.94,85.9818
2017-12-23,South,Office Supplies,Paper,44.96,20.6816
2017-12-23,South,Office Supplies,Storage,648.352,-22.498399999999997
2017-12-23,South,Technology,Phones,494.97,148.491
2017-12-23,West,Office Supplies,Art,13.48,5.9312
2017-12-24,Central,Office Supplies,Storage,264.32,19.824
2017-12-24,East,Furniture,Chairs,271.764,48.3136
2017-12-24,East,Furniture,Furnishings,37.93,6.8274
2017-12-24,East,Office Supplies,Appliances,35.91,9.6957
2017-12-24,East,Office Supplies,Binders,44.556,16.5894
2017-12-24,East,Office Supplies,Paper,19.44,9.3312
2017-12-24,South,Furniture,Chairs,232.88,60.5488
2017-12-24,South,Technology,Machines,479.97,239.985
2017-12-24,West,Furniture,Chairs,842.376,105.297
2017-12-24,West,Furniture,Furnishings,8.544,1.9224
2017-12-24,West,Office Supplies,Binders,111.792,41.922
2017-12-24,West,Office Supplies,Storage,1003.62,0.0
2017-12-24,West,Technology,Copiers,2879.952,1007.9832
2017-12-25,Central,Office Supplies,Art,31.744,2.3808
2017-12-25,Central,Office Supplies,Binders,83.73,-130.00979999999998
2017-12-25,Central,Office Supplies,Supplies,44.688,5.0274
2017-12-25,East,Furniture,Bookcases,191.984,4.7996
2017-12-25,East,Furniture,Furnishings,41.96,10.9096
2017-12-25,East,Furniture,Tables,273.06,-104.673
2017-12-25,East,Office Supplies,Binders,13.023,-10.4184
2017-12-25,East,Office Supplies,Fasteners,39.312,12.7764
2017-12-25,East,Technology,Accessories,190.728,55.3926
2017-12-25,South,Furniture,Chairs,304.45,76.1125
2017-12-25,South,Furniture,Furnishings,21.0,5.775
2017-12-25,South,Office Supplies,Fasteners,3.62,1.1946
2017-12-25,South,Office Supplies,Paper,725.1800000000001,348.0864
2017-12-25,South,Office Supplies,Storage,95.94,9.594
2017-12-25,South,Technology,Machines,120.0,-7.2
2017-12-25,South,Technology,Phones,90.48,23.5248
2017-12-25,West,Office Supplies,Binders,157.408,53.221599999999995
2017-12-25,West,Office Supplies,Storage,270.62,2.7062
2017-12-26,Central,Office Supplies,Paper,60.782,26.1962
2017-12-26,Central,Office Supplies,Storage,750.68,37.534
2017-12-26,East,Office Supplies,Binders,3.132,-2.61
2017-12-27,East,Office Supplies,Art,13.248,3.6432
2017-12-27,East,Technology,Phones,164.388,-35.6174
2017-12-28,Central,Furniture,Bookcases,78.8528,-11.596
2017-12-28,Central,Furniture,Chairs,113.372,-3.2392
2017-12-28,Central,Furniture,Furnishings,10.928,-3.7964
2017-12-28,Central,Office Supplies,Art,29.648,3.5848
2017-12-28,Central,Office Supplies,Binders,27.58,10.003
2017-12-28,East,Office Supplies,Binders,33.264,11.2266
2017-12-28,East,Office Supplies,Fasteners,13.96,6.4216
2017-12-28,East,Office Supplies,Labels,72.45,34.776
2017-12-28,East,Technology,Phones,14.85,4.0095
2017-12-28,South,Office Supplies,Storage,64.784,-12.9568
2017-12-28,West,Furniture,Chairs,340.704,-34.0704
2017-12-28,West,Furniture,Furnishings,7.4,3.034
2017-12-28,West,Office Supplies,Binders,1.188,-0.99
2017-12-28,West,Office Supplies,Paper,4.28,1.926
2017-12-28,West,Office Supplies,Storage,844.09,244.78609999999998
2017-12-29,Central,Office Supplies,Paper,209.7,100.656
2017-12-29,East,Office Supplies,Fasteners,6.03,2.9547
2017-12-29,South,Furniture,Chairs,1767.57,478.9476
2017-12-29,South,Office Supplies,Art,34.58,10.0282
2017-12-29,South,Office Supplies,Binders,12.53,5.8891
2017-12-29,West,Furniture,Chairs,393.568,-44.2764
2017-12-29,West,Furniture,Furnishings,169.57999999999998,57.9524
2017-12-29,West,Office Supplies,Fasteners,19.6,9.604
2017-12-29,West,Technology,Phones,302.376,22.6782
2017-12-30,Central,Office Supplies,Appliances,209.3,56.511
2017-12-30,East,Furniture,Bookcases,323.136,12.1176
2017-12-30,East,Office Supplies,Binders,52.776,19.791
2017-12-30,East,Technology,Phones,90.93,2.7279
2017-12-30,West,Office Supplies,Binders,34.623999999999995,10.9938
2017-12-30,West,Office Supplies,Fasteners,3.024,-0.6048
